match_id,date,home_team,away_team,home_goals,away_goals,home_xg,away_xg,home_win_prob,draw_prob,away_win_prob,season_start
16376,2021-08-13 19:00:00,Brentford,Arsenal,2,0,1.88818,1.02385,0.6289,0.2287,0.1424,2021
16377,2021-08-14 11:30:00,Manchester United,Leeds,5,1,1.64248,0.568342,0.6618,0.2327,0.1055,2021
16378,2021-08-14 14:00:00,Burnley,Brighton,1,2,1.79548,1.6853,0.3894,0.2877,0.3229,2021
16379,2021-08-14 14:00:00,Chelsea,Crystal Palace,3,0,1.18709,0.321701,0.6405,0.2822,0.0773,2021
16380,2021-08-14 14:00:00,Everton,Southampton,3,1,2.38863,0.580601,0.8359,0.1234,0.0407,2021
16381,2021-08-14 14:00:00,Leicester,Wolverhampton Wanderers,1,0,0.668082,1.32714,0.1683,0.275,0.5567,2021
16382,2021-08-14 14:00:00,Watford,Aston Villa,3,2,1.35036,1.13718,0.3877,0.3205,0.2918,2021
16383,2021-08-14 16:30:00,Norwich,Liverpool,0,3,1.3333,1.78728,0.2578,0.2601,0.4821,2021
16384,2021-08-15 13:00:00,Newcastle United,West Ham,2,4,1.67926,3.00939,0.1222,0.1825,0.6953,2021
16385,2021-08-15 15:30:00,Tottenham,Manchester City,1,0,1.06014,2.10585,0.143,0.2222,0.6348,2021
16386,2021-08-21 11:30:00,Liverpool,Burnley,2,0,2.63945,0.690464,0.8118,0.1329,0.0553,2021
16387,2021-08-21 14:00:00,Manchester City,Norwich,5,0,2.43928,0.0250088,0.9626,0.0367,0.0007,2021
16388,2021-08-21 14:00:00,Aston Villa,Newcastle United,2,0,1.18426,0.63163,0.5426,0.3163,0.1411,2021
16389,2021-08-21 14:00:00,Crystal Palace,Brentford,0,0,0.606313,0.712439,0.2744,0.3907,0.3349,2021
16390,2021-08-21 14:00:00,Leeds,Everton,2,2,0.966093,1.85713,0.1373,0.232,0.6307,2021
16391,2021-08-21 16:30:00,Brighton,Watford,2,0,1.77896,0.407224,0.7795,0.1682,0.0523,2021
16392,2021-08-22 13:00:00,Southampton,Manchester United,1,1,0.587526,2.26173,0.0446,0.1431,0.8123,2021
16393,2021-08-22 13:00:00,Wolverhampton Wanderers,Tottenham,0,1,1.51127,1.72636,0.2871,0.276,0.4369,2021
16394,2021-08-22 15:30:00,Arsenal,Chelsea,0,2,0.630099,3.64132,0.0088,0.0395,0.9517,2021
16395,2021-08-23 19:00:00,West Ham,Leicester,4,1,2.28613,0.62676,0.7776,0.1655,0.0569,2021
16396,2021-08-28 11:30:00,Manchester City,Arsenal,5,0,4.47273,0.116805,0.9943,0.0054,0.0003,2021
16397,2021-08-28 14:00:00,Newcastle United,Southampton,2,2,1.19077,3.46036,0.0173,0.0763,0.9064,2021
16398,2021-08-28 14:00:00,Norwich,Leicester,1,2,1.44084,1.27371,0.3977,0.309,0.2933,2021
16399,2021-08-28 14:00:00,Aston Villa,Brentford,1,1,0.431464,1.13312,0.1214,0.3143,0.5643,2021
16400,2021-08-28 14:00:00,Brighton,Everton,0,2,0.701622,1.54868,0.1307,0.2493,0.62,2021
16401,2021-08-28 14:00:00,West Ham,Crystal Palace,2,2,1.44748,1.67658,0.2841,0.2824,0.4335,2021
16402,2021-08-28 16:30:00,Liverpool,Chelsea,1,1,2.08462,0.573638,0.7743,0.1646,0.0611,2021
16403,2021-08-29 13:00:00,Burnley,Leeds,1,1,1.71102,1.52078,0.3969,0.3278,0.2753,2021
16404,2021-08-29 13:00:00,Tottenham,Watford,1,0,0.920963,0.596016,0.4144,0.361,0.2246,2021
16405,2021-08-29 15:30:00,Wolverhampton Wanderers,Manchester United,0,1,1.79575,0.944083,0.6025,0.267,0.1305,2021
16406,2021-09-11 11:30:00,Crystal Palace,Tottenham,3,0,2.89372,0.0775646,0.9872,0.012,0.0008,2021
16407,2021-09-11 14:00:00,Arsenal,Norwich,1,0,2.68515,0.577292,0.8611,0.1008,0.0381,2021
16408,2021-09-11 14:00:00,Brentford,Brighton,0,1,0.729786,0.287902,0.4446,0.4316,0.1238,2021
16409,2021-09-11 14:00:00,Leicester,Manchester City,0,1,0.8001,2.75058,0.0524,0.1247,0.8229,2021
16410,2021-09-11 14:00:00,Manchester United,Newcastle United,4,1,2.77326,0.622042,0.8917,0.0845,0.0238,2021
16411,2021-09-11 14:00:00,Southampton,West Ham,0,0,0.692135,0.725407,0.306,0.3717,0.3223,2021
16412,2021-09-11 14:00:00,Watford,Wolverhampton Wanderers,0,2,0.185407,2.55922,0.0034,0.033,0.9636,2021
16413,2021-09-11 16:30:00,Chelsea,Aston Villa,3,0,1.22153,1.17349,0.3501,0.3138,0.3361,2021
16414,2021-09-12 15:30:00,Leeds,Liverpool,0,3,0.652514,4.4016,0.0071,0.024,0.9689,2021
16415,2021-09-13 19:00:00,Everton,Burnley,3,1,1.80386,1.82061,0.3516,0.2706,0.3778,2021
16416,2021-09-17 19:00:00,Newcastle United,Leeds,1,1,1.17668,1.42995,0.2984,0.2732,0.4284,2021
16417,2021-09-18 11:30:00,Wolverhampton Wanderers,Brentford,0,2,1.02316,2.32741,0.0763,0.1796,0.7441,2021
16418,2021-09-18 14:00:00,Norwich,Watford,1,3,0.782665,2.42487,0.068,0.1477,0.7843,2021
16419,2021-09-18 14:00:00,Burnley,Arsenal,0,1,0.775574,1.09928,0.2331,0.3205,0.4464,2021
16420,2021-09-18 14:00:00,Liverpool,Crystal Palace,3,0,2.76793,0.644168,0.8783,0.088,0.0337,2021
16421,2021-09-18 14:00:00,Manchester City,Southampton,0,0,1.22451,0.490923,0.5597,0.297,0.1433,2021
16422,2021-09-18 16:30:00,Aston Villa,Everton,3,0,0.777716,0.755035,0.3236,0.365,0.3114,2021
16423,2021-09-19 13:00:00,Brighton,Leicester,2,1,1.47438,1.25373,0.4099,0.3102,0.2799,2021
16424,2021-09-19 13:00:00,West Ham,Manchester United,1,2,1.6671,1.8954,0.2947,0.3001,0.4052,2021
16425,2021-09-19 15:30:00,Tottenham,Chelsea,0,3,0.70567,2.5869,0.0491,0.1287,0.8222,2021
16426,2021-09-25 11:30:00,Chelsea,Manchester City,0,1,0.194202,1.69244,0.0287,0.1742,0.7971,2021
16431,2021-09-25 11:30:00,Manchester United,Aston Villa,0,1,1.9251,1.57249,0.4531,0.2656,0.2813,2021
16427,2021-09-25 14:00:00,Watford,Newcastle United,1,1,0.904061,2.52338,0.0863,0.1454,0.7683,2021
16428,2021-09-25 14:00:00,Everton,Norwich,2,0,2.26681,0.800903,0.7957,0.1591,0.0452,2021
16429,2021-09-25 14:00:00,Leeds,West Ham,1,2,1.1967,1.98962,0.1991,0.2264,0.5745,2021
16430,2021-09-25 14:00:00,Leicester,Burnley,2,2,2.16233,0.428866,0.8072,0.1483,0.0445,2021
16432,2021-09-25 16:30:00,Brentford,Liverpool,3,3,2.94058,2.25736,0.552,0.2087,0.2393,2021
16433,2021-09-26 13:00:00,Southampton,Wolverhampton Wanderers,0,1,0.909342,0.909833,0.3238,0.3319,0.3443,2021
16434,2021-09-26 15:30:00,Arsenal,Tottenham,3,1,1.44499,0.980166,0.4985,0.2844,0.2171,2021
16435,2021-09-27 19:00:00,Crystal Palace,Brighton,1,1,1.36836,0.649566,0.5996,0.2765,0.1239,2021
16442,2021-10-02 11:30:00,Manchester United,Everton,1,1,1.0496,1.32211,0.2749,0.2983,0.4268,2021
16437,2021-10-02 14:00:00,Burnley,Norwich,0,0,0.584725,0.673617,0.2597,0.406,0.3343,2021
16438,2021-10-02 14:00:00,Chelsea,Southampton,3,1,3.79243,1.52634,0.8747,0.096,0.0293,2021
16440,2021-10-02 14:00:00,Leeds,Watford,1,0,1.57388,0.192794,0.775,0.1878,0.0372,2021
16445,2021-10-02 14:00:00,Wolverhampton Wanderers,Newcastle United,2,1,1.15849,0.865217,0.4258,0.3526,0.2216,2021
16436,2021-10-02 16:30:00,Brighton,Arsenal,0,0,1.11551,0.36431,0.5517,0.3319,0.1164,2021
16439,2021-10-03 13:00:00,Crystal Palace,Leicester,2,2,1.1703,1.04322,0.369,0.3054,0.3256,2021
16443,2021-10-03 13:00:00,Tottenham,Aston Villa,2,1,1.78187,1.07395,0.5459,0.2622,0.1919,2021
16444,2021-10-03 13:00:00,West Ham,Brentford,1,2,1.37258,1.30098,0.3646,0.291,0.3444,2021
16441,2021-10-03 15:30:00,Liverpool,Manchester City,2,2,0.949368,1.04319,0.3183,0.3225,0.3592,2021
16455,2021-10-16 11:30:00,Watford,Liverpool,0,5,0.302302,3.65553,0.0022,0.0123,0.9855,2021
16447,2021-10-16 14:00:00,Aston Villa,Wolverhampton Wanderers,2,3,1.21276,2.19633,0.1447,0.2184,0.6369,2021
16450,2021-10-16 14:00:00,Leicester,Manchester United,4,2,2.96611,1.02494,0.8373,0.1119,0.0508,2021
16451,2021-10-16 14:00:00,Manchester City,Burnley,2,0,2.15712,1.07719,0.6665,0.2235,0.11,2021
16453,2021-10-16 14:00:00,Norwich,Brighton,0,0,1.16088,1.17572,0.3239,0.3312,0.3449,2021
16454,2021-10-16 14:00:00,Southampton,Leeds,1,0,1.83082,0.446173,0.7596,0.1866,0.0538,2021
16448,2021-10-16 16:30:00,Brentford,Chelsea,0,1,1.62169,0.248256,0.7703,0.1904,0.0393,2021
16449,2021-10-17 13:00:00,Everton,West Ham,0,1,0.854165,2.03034,0.1082,0.1977,0.6941,2021
16452,2021-10-17 15:30:00,Newcastle United,Tottenham,2,3,0.645658,1.55008,0.1015,0.2551,0.6434,2021
16446,2021-10-18 19:00:00,Arsenal,Crystal Palace,2,2,1.7436,0.492239,0.7347,0.193,0.0723,2021
16456,2021-10-22 19:00:00,Arsenal,Aston Villa,3,1,3.4984,1.41088,0.8436,0.1087,0.0477,2021
16459,2021-10-23 11:30:00,Chelsea,Norwich,7,0,3.10509,0.267429,0.9608,0.0353,0.0039,2021
16460,2021-10-23 14:00:00,Crystal Palace,Newcastle United,1,1,2.25588,0.721813,0.7766,0.1673,0.0561,2021
16461,2021-10-23 14:00:00,Everton,Watford,2,5,1.84089,3.10344,0.1422,0.1764,0.6814,2021
16462,2021-10-23 14:00:00,Leeds,Wolverhampton Wanderers,1,1,1.71313,0.858644,0.6119,0.2536,0.1345,2021
16464,2021-10-23 14:00:00,Southampton,Burnley,2,2,1.42567,0.673195,0.5749,0.2845,0.1406,2021
16458,2021-10-23 16:30:00,Brighton,Manchester City,1,4,1.1695,3.57376,0.0199,0.0811,0.899,2021
16457,2021-10-24 13:00:00,Brentford,Leicester,1,2,1.16789,1.00254,0.3902,0.3246,0.2852,2021
16465,2021-10-24 13:00:00,West Ham,Tottenham,1,0,1.73468,0.672198,0.6769,0.2235,0.0996,2021
16463,2021-10-24 15:30:00,Manchester United,Liverpool,0,5,1.35584,4.04765,0.0288,0.0659,0.9053,2021
16468,2021-10-30 11:30:00,Leicester,Arsenal,0,2,1.98801,1.10288,0.6172,0.2317,0.1511,2021
16467,2021-10-30 14:00:00,Burnley,Brentford,3,1,2.72901,0.834312,0.8299,0.1193,0.0508,2021
16469,2021-10-30 14:00:00,Liverpool,Brighton,2,2,1.39778,1.51032,0.3222,0.279,0.3988,2021
16470,2021-10-30 14:00:00,Manchester City,Crystal Palace,0,2,0.65739,1.05029,0.2045,0.3281,0.4674,2021
16471,2021-10-30 14:00:00,Newcastle United,Chelsea,0,3,0.157616,2.16608,0.0067,0.0614,0.9319,2021
16474,2021-10-30 14:00:00,Watford,Southampton,0,1,0.852556,1.90757,0.1184,0.2165,0.6651,2021
16473,2021-10-30 16:30:00,Tottenham,Manchester United,0,3,1.15787,1.38612,0.2873,0.3069,0.4058,2021
16472,2021-10-31 14:00:00,Norwich,Leeds,1,2,0.661887,1.16855,0.1855,0.3103,0.5042,2021
16466,2021-10-31 16:30:00,Aston Villa,West Ham,1,4,0.687551,2.66391,0.0209,0.0903,0.8888,2021
16475,2021-11-01 20:00:00,Wolverhampton Wanderers,Everton,2,1,1.69344,1.69767,0.3571,0.2722,0.3707,2021
16484,2021-11-05 20:00:00,Southampton,Aston Villa,1,0,0.89818,0.536077,0.4546,0.3594,0.186,2021
16483,2021-11-06 12:30:00,Manchester United,Manchester City,0,2,0.759561,2.04202,0.0837,0.1908,0.7255,2021
16477,2021-11-06 15:00:00,Brentford,Norwich,1,2,2.79229,1.15797,0.7832,0.1534,0.0634,2021
16479,2021-11-06 15:00:00,Chelsea,Burnley,1,1,3.00585,0.674072,0.8798,0.0929,0.0273,2021
16480,2021-11-06 15:00:00,Crystal Palace,Wolverhampton Wanderers,2,0,2.65161,0.25416,0.9354,0.057,0.0076,2021
16478,2021-11-06 17:30:00,Brighton,Newcastle United,1,1,1.43123,0.227321,0.7823,0.1837,0.034,2021
16476,2021-11-07 14:00:00,Arsenal,Watford,1,0,1.49208,0.491659,0.6791,0.2449,0.076,2021
16481,2021-11-07 14:00:00,Everton,Tottenham,0,0,0.597906,0.801798,0.2344,0.3843,0.3813,2021
16482,2021-11-07 14:00:00,Leeds,Leicester,1,1,1.96551,0.795292,0.7108,0.2078,0.0814,2021
16485,2021-11-07 16:30:00,West Ham,Liverpool,3,2,1.25298,1.45641,0.3099,0.2842,0.4059,2021
16488,2021-11-20 12:30:00,Leicester,Chelsea,0,3,0.499504,2.57178,0.0208,0.1023,0.8769,2021
16486,2021-11-20 15:00:00,Aston Villa,Brighton,2,0,1.06946,0.582787,0.4855,0.336,0.1785,2021
16487,2021-11-20 15:00:00,Burnley,Crystal Palace,3,3,1.04224,1.74839,0.2089,0.2415,0.5496,2021
16491,2021-11-20 15:00:00,Newcastle United,Brentford,3,3,2.18388,1.23275,0.6076,0.2257,0.1667,2021
16492,2021-11-20 15:00:00,Norwich,Southampton,2,1,0.43778,1.13118,0.142,0.3171,0.5409,2021
16494,2021-11-20 15:00:00,Watford,Manchester United,4,1,2.73393,1.66794,0.6277,0.2073,0.165,2021
16495,2021-11-20 15:00:00,Wolverhampton Wanderers,West Ham,1,0,1.31903,0.436331,0.6132,0.2733,0.1135,2021
16489,2021-11-20 17:30:00,Liverpool,Arsenal,4,0,3.97374,0.268025,0.9941,0.0055,0.0004,2021
16490,2021-11-21 14:00:00,Manchester City,Everton,3,0,2.61302,0.266894,0.9179,0.0691,0.013,2021
16493,2021-11-21 16:30:00,Tottenham,Leeds,2,1,2.31744,1.46689,0.5951,0.2303,0.1746,2021
16496,2021-11-27 12:30:00,Arsenal,Newcastle United,2,0,2.84493,0.185383,0.9577,0.0369,0.0054,2021
16501,2021-11-27 15:00:00,Crystal Palace,Aston Villa,1,2,0.962129,0.454305,0.5015,0.3502,0.1483,2021
16503,2021-11-27 15:00:00,Liverpool,Southampton,4,0,3.07278,0.966132,0.8606,0.101,0.0384,2021
16505,2021-11-27 15:00:00,Norwich,Wolverhampton Wanderers,0,0,1.4047,0.297157,0.705,0.2329,0.0621,2021
16498,2021-11-27 17:30:00,Brighton,Leeds,0,0,1.90498,0.864829,0.6441,0.224,0.1319,2021
16497,2021-11-28 14:00:00,Brentford,Everton,1,0,1.19813,0.968075,0.4215,0.329,0.2495,2021
16502,2021-11-28 14:00:00,Leicester,Watford,4,2,2.16027,2.38383,0.332,0.2403,0.4277,2021
16504,2021-11-28 14:00:00,Manchester City,West Ham,2,1,2.72187,0.171763,0.9519,0.0432,0.0049,2021
16500,2021-11-28 16:30:00,Chelsea,Manchester United,1,1,2.34525,0.563367,0.8372,0.1357,0.0271,2021
16513,2021-11-30 19:30:00,Newcastle United,Norwich,1,1,1.15636,1.51084,0.2596,0.3006,0.4398,2021
16508,2021-11-30 20:15:00,Leeds,Crystal Palace,1,0,1.9818,0.707328,0.7505,0.1819,0.0676,2021
16509,2021-12-01 19:30:00,Watford,Chelsea,1,2,0.990877,0.908574,0.3546,0.3333,0.3121,2021
16510,2021-12-01 19:30:00,West Ham,Brighton,1,1,1.14679,1.2607,0.3108,0.3198,0.3694,2021
16511,2021-12-01 19:30:00,Wolverhampton Wanderers,Burnley,0,0,0.711691,0.195537,0.4555,0.4569,0.0876,2021
16514,2021-12-01 19:30:00,Southampton,Leicester,2,2,1.91169,1.4401,0.4988,0.2516,0.2496,2021
16506,2021-12-01 20:15:00,Aston Villa,Manchester City,1,2,0.772083,1.01897,0.2603,0.3452,0.3945,2021
16507,2021-12-01 20:15:00,Everton,Liverpool,1,4,0.512263,2.86067,0.0212,0.0752,0.9036,2021
16515,2021-12-02 19:30:00,Tottenham,Brentford,2,0,2.07248,0.225492,0.8964,0.09,0.0136,2021
16512,2021-12-02 20:15:00,Manchester United,Arsenal,3,2,1.85597,1.16638,0.5558,0.2561,0.1881,2021
16524,2021-12-04 12:30:00,West Ham,Chelsea,3,2,2.0174,1.37049,0.5469,0.238,0.2151,2021
16520,2021-12-04 15:00:00,Newcastle United,Burnley,1,0,1.70609,0.604599,0.6761,0.2236,0.1003,2021
16521,2021-12-04 15:00:00,Southampton,Brighton,1,1,1.34236,1.4872,0.3101,0.2802,0.4097,2021
16525,2021-12-04 15:00:00,Wolverhampton Wanderers,Liverpool,0,1,0.095167,2.42332,0.005,0.0531,0.9419,2021
16523,2021-12-04 17:30:00,Watford,Manchester City,1,3,0.675105,4.03223,0.0142,0.0375,0.9483,2021
16518,2021-12-05 14:00:00,Leeds,Brentford,2,2,1.41896,1.19959,0.4119,0.3026,0.2855,2021
16519,2021-12-05 14:00:00,Manchester United,Crystal Palace,1,0,0.870376,0.520593,0.4144,0.379,0.2066,2021
16522,2021-12-05 14:00:00,Tottenham,Norwich,3,0,2.00668,1.06562,0.6123,0.2365,0.1512,2021
16516,2021-12-05 16:30:00,Aston Villa,Leicester,2,1,1.84818,0.982614,0.6012,0.2298,0.169,2021
16517,2021-12-06 20:00:00,Everton,Arsenal,2,1,1.06108,1.05723,0.3397,0.3172,0.3431,2021
16527,2021-12-10 20:00:00,Brentford,Watford,2,1,1.82799,0.561554,0.7457,0.1892,0.0651,2021
16534,2021-12-11 12:30:00,Manchester City,Wolverhampton Wanderers,1,0,2.99915,0.0762839,0.9707,0.0277,0.0016,2021
16526,2021-12-11 15:00:00,Arsenal,Southampton,3,0,2.08429,0.502215,0.7915,0.1533,0.0552,2021
16530,2021-12-11 15:00:00,Chelsea,Leeds,3,2,2.74844,1.72934,0.6283,0.22,0.1517,2021
16533,2021-12-11 15:00:00,Liverpool,Aston Villa,1,0,2.71181,0.140573,0.9577,0.0381,0.0042,2021
16535,2021-12-11 17:30:00,Norwich,Manchester United,0,1,0.986107,2.09817,0.1146,0.1998,0.6856,2021
16529,2021-12-12 14:00:00,Burnley,West Ham,0,0,0.54801,0.998813,0.1882,0.3477,0.4641,2021
16532,2021-12-12 14:00:00,Leicester,Newcastle United,4,0,2.05771,0.511934,0.8223,0.1348,0.0429,2021
16531,2021-12-12 16:30:00,Crystal Palace,Everton,3,1,2.09864,1.27556,0.5877,0.2329,0.1794,2021
16541,2021-12-14 19:45:00,Norwich,Aston Villa,0,2,0.502647,1.96261,0.0307,0.1634,0.8059,2021
16545,2021-12-14 20:00:00,Manchester City,Leeds,7,0,3.31349,0.227498,0.9625,0.0336,0.0039,2021
16538,2021-12-15 19:30:00,Brighton,Wolverhampton Wanderers,0,1,1.20118,1.11736,0.3704,0.3352,0.2944,2021
16542,2021-12-15 19:30:00,Crystal Palace,Southampton,2,2,1.49244,0.625183,0.6182,0.2522,0.1296,2021
16536,2021-12-15 20:00:00,Arsenal,West Ham,2,0,2.81482,0.338855,0.9307,0.0568,0.0125,2021
16543,2021-12-16 19:45:00,Chelsea,Everton,1,1,3.20239,0.627528,0.9086,0.0747,0.0167,2021
16544,2021-12-16 20:00:00,Liverpool,Newcastle United,3,1,2.93912,0.2064,0.9714,0.0264,0.0022,2021
16548,2021-12-18 17:30:00,Leeds,Arsenal,1,4,1.31408,3.69008,0.0393,0.0919,0.8688,2021
16555,2021-12-19 14:00:00,Wolverhampton Wanderers,Chelsea,0,0,0.321371,0.793952,0.1252,0.4072,0.4676,2021
16550,2021-12-19 14:15:00,Newcastle United,Manchester City,0,4,0.174208,3.64686,0.0004,0.0108,0.9888,2021
16552,2021-12-19 16:30:00,Tottenham,Liverpool,2,2,2.79777,1.54944,0.6918,0.1901,0.1181,2021
16560,2021-12-26 15:00:00,Manchester City,Leicester,6,3,3.82869,2.43425,0.7058,0.1626,0.1316,2021
16562,2021-12-26 15:00:00,Norwich,Arsenal,0,5,0.154212,2.87539,0.0023,0.0273,0.9704,2021
16563,2021-12-26 15:00:00,Tottenham,Crystal Palace,3,0,2.82148,0.178324,0.9536,0.0398,0.0066,2021
16564,2021-12-26 15:00:00,West Ham,Southampton,2,3,1.53745,1.35643,0.4011,0.312,0.2869,2021
16556,2021-12-26 17:30:00,Aston Villa,Chelsea,1,3,0.474029,2.8285,0.0139,0.0557,0.9304,2021
16557,2021-12-26 20:00:00,Brighton,Brentford,2,0,0.943363,1.10342,0.2916,0.3151,0.3933,2021
16561,2021-12-27 20:00:00,Newcastle United,Manchester United,1,1,1.26586,1.75587,0.232,0.2848,0.4832,2021
16569,2021-12-28 15:00:00,Watford,West Ham,1,4,1.0143,2.84084,0.0603,0.121,0.8187,2021
16570,2021-12-28 15:00:00,Crystal Palace,Norwich,3,0,2.38978,0.594134,0.8296,0.1241,0.0463,2021
16575,2021-12-28 15:00:00,Southampton,Tottenham,1,1,0.353043,2.80917,0.0137,0.062,0.9243,2021
16573,2021-12-28 20:00:00,Leicester,Liverpool,1,0,0.615892,2.72682,0.0217,0.0898,0.8885,2021
16568,2021-12-29 19:30:00,Chelsea,Brighton,1,1,0.763458,0.78663,0.3109,0.3696,0.3195,2021
16567,2021-12-29 20:15:00,Brentford,Manchester City,0,1,0.238829,1.01763,0.0672,0.2944,0.6384,2021
16574,2021-12-30 20:15:00,Manchester United,Burnley,3,1,1.80776,0.871738,0.6178,0.2285,0.1537,2021
16576,2022-01-01 12:30:00,Arsenal,Manchester City,1,2,0.836949,1.94623,0.0951,0.2126,0.6923,2021
16585,2022-01-01 15:00:00,Watford,Tottenham,0,1,0.303514,1.93752,0.0346,0.1376,0.8278,2021
16579,2022-01-01 17:30:00,Crystal Palace,West Ham,2,3,2.69204,2.23146,0.4861,0.2291,0.2848,2021
16577,2022-01-02 14:00:00,Brentford,Aston Villa,2,1,0.501329,1.13821,0.1502,0.318,0.5318,2021
16580,2022-01-02 14:00:00,Everton,Brighton,2,3,1.82698,1.48397,0.4435,0.2906,0.2659,2021
16581,2022-01-02 14:00:00,Leeds,Burnley,3,1,2.04186,0.960493,0.642,0.2279,0.1301,2021
16578,2022-01-02 16:30:00,Chelsea,Liverpool,2,2,1.389,1.78897,0.26,0.2659,0.4741,2021
16583,2022-01-03 17:30:00,Manchester United,Wolverhampton Wanderers,0,1,0.768752,0.840925,0.2979,0.3534,0.3487,2021
16551,2022-01-11 21:45:00,Southampton,Brentford,4,1,1.59306,0.621466,0.6476,0.2451,0.1073,2021
16554,2022-01-12 21:45:00,West Ham,Norwich,2,0,2.89217,0.343347,0.9379,0.0507,0.0114,2021
16587,2022-01-14 20:00:00,Brighton,Crystal Palace,1,1,2.18053,0.509681,0.8253,0.1462,0.0285,2021
16590,2022-01-15 12:30:00,Manchester City,Chelsea,1,0,0.901703,0.613757,0.3931,0.3805,0.2264,2021
16591,2022-01-15 15:00:00,Newcastle United,Watford,1,1,1.03855,1.49623,0.245,0.2696,0.4854,2021
16592,2022-01-15 15:00:00,Norwich,Everton,2,1,1.00153,0.541027,0.5033,0.3336,0.1631,2021
16595,2022-01-15 15:00:00,Wolverhampton Wanderers,Southampton,3,1,2.29917,0.91728,0.763,0.1674,0.0696,2021
16586,2022-01-15 17:30:00,Aston Villa,Manchester United,2,2,1.82784,1.35378,0.4953,0.2638,0.2409,2021
16589,2022-01-16 14:00:00,Liverpool,Brentford,3,0,3.49099,0.376656,0.9546,0.0376,0.0078,2021
16594,2022-01-16 14:00:00,West Ham,Leeds,2,3,2.3549,2.26884,0.3868,0.2689,0.3443,2021
16607,2022-01-18 09:45:00,Brighton,Chelsea,1,1,0.747557,0.572994,0.3731,0.382,0.2449,2021
16540,2022-01-19 19:30:00,Leicester,Tottenham,2,3,1.95031,4.24711,0.0659,0.1079,0.8262,2021
16537,2022-01-19 20:00:00,Brentford,Manchester United,1,3,2.081,2.05969,0.3775,0.2449,0.3776,2021
16605,2022-01-21 20:00:00,Watford,Norwich,0,3,1.30606,0.925212,0.4434,0.3179,0.2387,2021
16600,2022-01-22 12:30:00,Everton,Aston Villa,0,1,1.2384,0.860245,0.453,0.3178,0.2292,2021
16597,2022-01-22 15:00:00,Brentford,Wolverhampton Wanderers,1,2,0.742573,0.218211,0.4573,0.444,0.0987,2021
16601,2022-01-22 15:00:00,Leeds,Newcastle United,0,1,1.12992,1.15904,0.3454,0.3061,0.3485,2021
16603,2022-01-22 15:00:00,Manchester United,West Ham,1,0,1.75857,0.238027,0.876,0.11,0.014,2021
16604,2022-01-22 17:30:00,Southampton,Manchester City,1,1,1.00222,1.62907,0.1829,0.298,0.5191,2021
16596,2022-01-23 14:00:00,Arsenal,Burnley,0,0,1.35507,0.388963,0.6339,0.2698,0.0963,2021
16599,2022-01-23 14:00:00,Crystal Palace,Liverpool,1,3,1.62615,1.49697,0.3937,0.2946,0.3117,2021
16602,2022-01-23 14:00:00,Leicester,Brighton,1,1,1.70979,1.19738,0.5104,0.2678,0.2218,2021
16598,2022-01-23 16:30:00,Chelsea,Tottenham,2,0,1.04212,0.328818,0.5568,0.3318,0.1114,2021
16539,2022-02-05 18:00:00,Burnley,Watford,0,0,0.765905,0.933965,0.2769,0.346,0.3771,2021
16610,2022-02-08 19:45:00,West Ham,Watford,1,0,0.905143,0.335474,0.533,0.3591,0.1079,2021
16612,2022-02-08 19:45:00,Newcastle United,Everton,3,1,2.68732,0.823607,0.8331,0.1233,0.0436,2021
16608,2022-02-08 20:00:00,Burnley,Manchester United,1,1,0.772721,1.83387,0.1167,0.2366,0.6467,2021
16609,2022-02-09 19:45:00,Norwich,Crystal Palace,1,1,0.296411,1.22883,0.0558,0.2461,0.6981,2021
16613,2022-02-09 19:45:00,Tottenham,Southampton,2,3,1.74286,1.73293,0.3729,0.2694,0.3577,2021
16615,2022-02-09 19:45:00,Manchester City,Brentford,2,0,1.98246,0.461305,0.7981,0.1558,0.0461,2021
16606,2022-02-09 20:00:00,Aston Villa,Leeds,3,3,1.5013,2.52914,0.1454,0.2112,0.6434,2021
16611,2022-02-10 19:45:00,Wolverhampton Wanderers,Arsenal,0,1,0.641359,1.45247,0.104,0.2477,0.6483,2021
16614,2022-02-10 19:45:00,Liverpool,Leicester,2,0,2.72997,0.544954,0.8752,0.0992,0.0256,2021
16621,2022-02-12 12:30:00,Manchester United,Southampton,1,1,2.99207,0.677386,0.9063,0.0701,0.0236,2021
16616,2022-02-12 15:00:00,Brentford,Crystal Palace,0,0,1.97576,0.49802,0.8021,0.1551,0.0428,2021
16619,2022-02-12 15:00:00,Everton,Leeds,3,0,2.58561,0.242668,0.938,0.0539,0.0081,2021
16625,2022-02-12 15:00:00,Watford,Brighton,0,2,0.532979,1.80456,0.0579,0.1835,0.7586,2021
16623,2022-02-12 17:30:00,Norwich,Manchester City,0,4,0.356755,4.44653,0.0008,0.0051,0.9941,2021
16617,2022-02-13 14:00:00,Burnley,Liverpool,0,1,1.16081,1.95722,0.1124,0.2695,0.6181,2021
16622,2022-02-13 14:00:00,Newcastle United,Aston Villa,1,0,0.527571,0.455206,0.2938,0.4633,0.2429,2021
16624,2022-02-13 14:00:00,Tottenham,Wolverhampton Wanderers,0,2,0.838197,1.87026,0.1087,0.2126,0.6787,2021
16620,2022-02-13 16:30:00,Leicester,West Ham,2,2,1.40693,0.745068,0.5533,0.2898,0.1569,2021
16549,2022-02-15 20:15:00,Manchester United,Brighton,2,0,2.74936,1.26179,0.7164,0.1755,0.1081,2021
16634,2022-02-19 12:30:00,West Ham,Newcastle United,1,1,0.847948,0.932574,0.3023,0.3338,0.3639,2021
16626,2022-02-19 15:00:00,Arsenal,Brentford,2,1,1.52247,0.640726,0.5994,0.2707,0.1299,2021
16627,2022-02-19 15:00:00,Aston Villa,Watford,0,1,1.0267,1.82051,0.1601,0.2347,0.6052,2021
16628,2022-02-19 15:00:00,Brighton,Burnley,0,3,0.44587,0.821228,0.1732,0.3904,0.4364,2021
16629,2022-02-19 15:00:00,Crystal Palace,Chelsea,0,1,0.624023,1.12339,0.1768,0.3128,0.5104,2021
16631,2022-02-19 15:00:00,Liverpool,Norwich,3,1,3.15449,0.66975,0.8884,0.0846,0.027,2021
16633,2022-02-19 15:00:00,Southampton,Everton,2,0,2.72851,0.19991,0.9461,0.0472,0.0067,2021
16632,2022-02-19 17:30:00,Manchester City,Tottenham,2,3,2.31773,2.00235,0.4423,0.2534,0.3043,2021
16630,2022-02-20 14:00:00,Leeds,Manchester United,2,4,1.74476,2.60999,0.1986,0.2134,0.588,2021
16635,2022-02-20 16:30:00,Wolverhampton Wanderers,Leicester,2,1,0.472777,1.55048,0.0684,0.2026,0.729,2021
16499,2022-02-23 19:30:00,Burnley,Tottenham,1,0,1.55576,0.691655,0.6341,0.2428,0.1231,2021
16553,2022-02-23 19:30:00,Watford,Crystal Palace,1,4,1.71917,0.818403,0.6465,0.2321,0.1214,2021
16559,2022-02-23 19:45:00,Liverpool,Leeds,6,0,5.3303,0.141547,0.9989,0.0009,0.0002,2021
16566,2022-02-24 19:45:00,Arsenal,Wolverhampton Wanderers,2,1,2.50961,1.10934,0.6983,0.1833,0.1184,2021
16644,2022-02-25 20:00:00,Southampton,Norwich,2,0,3.08863,0.424877,0.9377,0.0517,0.0106,2021
16642,2022-02-26 12:30:00,Leeds,Tottenham,0,4,1.89569,2.47025,0.2622,0.2219,0.5159,2021
16637,2022-02-26 15:00:00,Brentford,Newcastle United,0,2,0.494232,2.25373,0.0526,0.1455,0.8019,2021
16640,2022-02-26 15:00:00,Crystal Palace,Burnley,1,1,1.03765,0.255988,0.6096,0.3126,0.0778,2021
16643,2022-02-26 15:00:00,Manchester United,Watford,0,0,2.41457,0.437185,0.8563,0.11,0.0337,2021
16638,2022-02-26 15:30:00,Brighton,Aston Villa,0,2,0.627107,1.3027,0.1398,0.2854,0.5748,2021
16641,2022-02-26 17:30:00,Everton,Manchester City,0,1,0.770819,1.93422,0.0832,0.2007,0.7161,2021
16645,2022-02-27 14:00:00,West Ham,Wolverhampton Wanderers,1,0,1.62241,0.892018,0.5753,0.2599,0.1648,2021
16588,2022-03-01 19:45:00,Burnley,Leicester,0,2,1.04214,1.79558,0.1832,0.2556,0.5612,2021
16648,2022-03-05 12:30:00,Leicester,Leeds,1,0,0.359129,2.14389,0.0357,0.1297,0.8346,2021
16646,2022-03-05 15:00:00,Aston Villa,Southampton,4,0,2.85379,1.32947,0.7295,0.1611,0.1094,2021
16647,2022-03-05 15:00:00,Burnley,Chelsea,0,4,0.849232,2.2868,0.0457,0.1645,0.7898,2021
16651,2022-03-05 15:00:00,Newcastle United,Brighton,2,1,1.58028,1.64995,0.3317,0.3001,0.3682,2021
16652,2022-03-05 15:00:00,Norwich,Brentford,1,3,0.77334,2.22064,0.0623,0.1576,0.7801,2021
16655,2022-03-05 15:00:00,Wolverhampton Wanderers,Crystal Palace,0,2,0.710865,2.53759,0.0251,0.1048,0.8701,2021
16649,2022-03-05 17:30:00,Liverpool,West Ham,1,0,2.18865,1.33829,0.584,0.2236,0.1924,2021
16654,2022-03-06 14:00:00,Watford,Arsenal,2,3,1.29603,1.00457,0.4352,0.2822,0.2826,2021
16650,2022-03-06 16:30:00,Manchester City,Manchester United,4,1,2.74434,0.361782,0.9161,0.0698,0.0141,2021
16653,2022-03-07 20:00:00,Tottenham,Everton,5,0,3.24279,0.208263,0.9667,0.0292,0.0041,2021
16565,2022-03-10 19:30:00,Wolverhampton Wanderers,Watford,4,0,1.55037,0.498696,0.6761,0.232,0.0919,2021
16584,2022-03-10 19:30:00,Southampton,Newcastle United,1,2,1.79835,0.812233,0.6582,0.2201,0.1217,2021
16672,2022-03-10 19:30:00,Norwich,Chelsea,1,3,0.965723,2.1308,0.1051,0.2256,0.6693,2021
16572,2022-03-10 19:45:00,Leeds,Aston Villa,0,3,0.194028,1.2729,0.0501,0.2776,0.6723,2021
16658,2022-03-12 12:30:00,Brighton,Liverpool,0,2,0.629316,2.48312,0.0461,0.129,0.8249,2021
16657,2022-03-12 15:00:00,Brentford,Burnley,2,0,1.82002,0.825311,0.6573,0.2307,0.112,2021
16663,2022-03-12 17:30:00,Manchester United,Tottenham,3,2,1.0181,1.62374,0.181,0.2835,0.5355,2021
16659,2022-03-13 14:00:00,Chelsea,Newcastle United,1,0,1.07072,0.246037,0.6359,0.2889,0.0752,2021
16661,2022-03-13 14:00:00,Everton,Wolverhampton Wanderers,0,1,0.397268,0.712135,0.1826,0.4282,0.3892,2021
16662,2022-03-13 14:00:00,Leeds,Norwich,2,1,3.11755,1.40148,0.7975,0.1353,0.0672,2021
16664,2022-03-13 14:00:00,Southampton,Watford,1,2,1.25696,1.29385,0.3447,0.301,0.3543,2021
16665,2022-03-13 14:00:00,West Ham,Aston Villa,2,1,1.58468,1.05391,0.5163,0.2757,0.208,2021
16656,2022-03-13 16:30:00,Arsenal,Leicester,2,0,2.93665,0.54911,0.9049,0.0764,0.0187,2021
16660,2022-03-14 20:00:00,Crystal Palace,Manchester City,0,0,0.474002,2.04021,0.0494,0.1491,0.8015,2021
16528,2022-03-16 19:30:00,Brighton,Tottenham,0,2,1.04171,2.05196,0.1605,0.2169,0.6226,2021
16636,2022-03-16 20:15:00,Arsenal,Liverpool,0,2,0.534265,1.27681,0.0976,0.2918,0.6106,2021
16571,2022-03-17 19:45:00,Everton,Newcastle United,1,0,0.708809,0.75803,0.3027,0.379,0.3183,2021
16675,2022-03-18 20:00:00,Wolverhampton Wanderers,Leeds,2,3,1.24075,2.82103,0.0922,0.1545,0.7533,2021
16666,2022-03-19 12:30:00,Aston Villa,Arsenal,0,1,0.309375,1.14522,0.0769,0.2868,0.6363,2021
16668,2022-03-20 14:00:00,Leicester,Brentford,2,1,1.27865,1.72466,0.252,0.2548,0.4932,2021
16673,2022-03-20 16:30:00,Tottenham,West Ham,3,1,2.54795,0.644964,0.8351,0.1195,0.0454,2021
16680,2022-04-02 11:30:00,Liverpool,Watford,2,0,2.23651,0.753307,0.7652,0.1699,0.0649,2021
16676,2022-04-02 14:00:00,Wolverhampton Wanderers,Aston Villa,2,1,1.62151,1.91256,0.2791,0.2878,0.4331,2021
16681,2022-04-02 14:00:00,Leeds,Southampton,1,1,1.50715,2.06387,0.2164,0.2597,0.5239,2021
16683,2022-04-02 14:00:00,Chelsea,Brentford,1,4,1.29014,2.43422,0.1611,0.188,0.6509,2021
16684,2022-04-02 14:00:00,Burnley,Manchester City,0,2,0.0591223,1.62008,0.009,0.1616,0.8294,2021
16685,2022-04-02 14:00:00,Brighton,Norwich,0,0,2.38297,0.494112,0.8485,0.1194,0.0321,2021
16679,2022-04-02 16:30:00,Manchester United,Leicester,1,1,0.902127,1.07638,0.2852,0.3279,0.3869,2021
16677,2022-04-03 13:00:00,West Ham,Everton,2,1,1.49657,0.657846,0.6251,0.2475,0.1274,2021
16678,2022-04-03 15:30:00,Tottenham,Newcastle United,5,1,3.6081,0.538152,0.9481,0.0412,0.0107,2021
16682,2022-04-04 19:00:00,Crystal Palace,Arsenal,3,0,1.39707,1.05199,0.4606,0.3009,0.2385,2021
16558,2022-04-06 18:30:00,Burnley,Everton,3,2,2.24439,2.31574,0.3419,0.2811,0.377,2021
16689,2022-04-08 19:00:00,Newcastle United,Wolverhampton Wanderers,1,0,1.43878,0.306867,0.755,0.1963,0.0487,2021
16692,2022-04-09 11:30:00,Everton,Manchester United,1,0,0.357295,0.762357,0.1532,0.4059,0.4409,2021
16686,2022-04-09 14:00:00,Watford,Leeds,0,3,1.07422,0.895612,0.3941,0.3534,0.2525,2021
16687,2022-04-09 14:00:00,Southampton,Chelsea,0,6,0.564726,4.39683,0.0014,0.0138,0.9848,2021
16695,2022-04-09 14:00:00,Arsenal,Brighton,1,2,2.35153,0.596106,0.8228,0.1343,0.0429,2021
16694,2022-04-09 16:30:00,Aston Villa,Tottenham,0,4,1.48712,0.983601,0.4892,0.2806,0.2302,2021
16688,2022-04-10 13:00:00,Norwich,Burnley,2,0,1.6723,1.44652,0.4191,0.2754,0.3055,2021
16691,2022-04-10 13:00:00,Leicester,Crystal Palace,2,1,0.879235,1.52767,0.1683,0.2787,0.553,2021
16693,2022-04-10 13:00:00,Brentford,West Ham,2,0,1.85534,0.244824,0.8373,0.1364,0.0263,2021
16690,2022-04-10 15:30:00,Manchester City,Liverpool,2,2,1.34647,1.29983,0.3523,0.2984,0.3493,2021
16699,2022-04-16 11:30:00,Tottenham,Brighton,0,1,0.58624,0.711155,0.2559,0.4088,0.3353,2021
16698,2022-04-16 14:00:00,Watford,Brentford,1,2,1.50381,2.12457,0.2041,0.2595,0.5364,2021
16700,2022-04-16 14:00:00,Southampton,Arsenal,1,0,1.04007,1.35002,0.2731,0.3173,0.4096,2021
16702,2022-04-16 14:00:00,Manchester United,Norwich,3,2,1.66737,1.79754,0.3489,0.2449,0.4062,2021
16697,2022-04-17 13:15:00,West Ham,Burnley,1,1,2.79175,1.88137,0.6115,0.2322,0.1563,2021
16701,2022-04-17 13:15:00,Newcastle United,Leicester,2,1,2.54294,0.541084,0.895,0.0821,0.0229,2021
16669,2022-04-19 19:00:00,Liverpool,Manchester United,4,0,2.25967,0.110227,0.915,0.0774,0.0076,2021
16547,2022-04-20 18:45:00,Everton,Leicester,1,1,1.68819,0.786333,0.6266,0.2378,0.1356,2021
16618,2022-04-20 18:45:00,Chelsea,Arsenal,2,4,0.593801,1.87331,0.0793,0.1879,0.7328,2021
16671,2022-04-20 18:45:00,Newcastle United,Crystal Palace,1,0,0.767855,0.432788,0.4098,0.4012,0.189,2021
16670,2022-04-20 19:00:00,Manchester City,Brighton,3,0,1.52844,0.117354,0.7751,0.2009,0.024,2021
16667,2022-04-21 18:45:00,Burnley,Southampton,2,0,2.14743,1.31837,0.585,0.2289,0.1861,2021
16715,2022-04-23 11:30:00,Arsenal,Manchester United,3,1,2.54173,2.04244,0.51,0.2479,0.2421,2021
16706,2022-04-23 14:00:00,Norwich,Newcastle United,0,3,0.657661,1.87558,0.0832,0.1983,0.7185,2021
16707,2022-04-23 14:00:00,Manchester City,Watford,5,1,3.68,0.42632,0.9691,0.0259,0.005,2021
16709,2022-04-23 14:00:00,Leicester,Aston Villa,0,0,0.235635,0.593202,0.1237,0.487,0.3893,2021
16714,2022-04-23 16:30:00,Brentford,Tottenham,0,0,1.3153,0.517755,0.5837,0.2863,0.13,2021
16711,2022-04-24 13:00:00,Chelsea,West Ham,1,0,2.34959,0.388975,0.8626,0.1106,0.0268,2021
16712,2022-04-24 13:00:00,Burnley,Wolverhampton Wanderers,1,0,1.27298,0.592902,0.5697,0.2862,0.1441,2021
16713,2022-04-24 13:00:00,Brighton,Southampton,2,2,1.87343,0.926764,0.6878,0.2058,0.1064,2021
16708,2022-04-24 15:30:00,Liverpool,Everton,2,0,1.70397,0.424961,0.734,0.2012,0.0648,2021
16710,2022-04-25 19:00:00,Crystal Palace,Leeds,0,0,1.61656,0.374044,0.7322,0.2035,0.0643,2021
16742,2022-04-28 18:45:00,Manchester United,Chelsea,1,1,0.618456,2.46868,0.0457,0.1281,0.8262,2021
16721,2022-04-30 11:30:00,Newcastle United,Liverpool,0,1,0.115353,2.73435,0.0014,0.0238,0.9748,2021
16716,2022-04-30 14:00:00,Wolverhampton Wanderers,Brighton,0,3,0.525912,2.90679,0.0198,0.0584,0.9218,2021
16718,2022-04-30 14:00:00,Watford,Burnley,1,2,0.785742,1.37022,0.1972,0.2778,0.525,2021
16720,2022-04-30 14:00:00,Southampton,Crystal Palace,1,2,0.650256,0.756217,0.284,0.3733,0.3427,2021
16725,2022-04-30 14:00:00,Aston Villa,Norwich,2,0,2.31192,0.352212,0.8501,0.1195,0.0304,2021
16723,2022-04-30 16:30:00,Leeds,Manchester City,0,4,1.03608,3.01431,0.0594,0.1226,0.818,2021
16719,2022-05-01 13:00:00,Tottenham,Leicester,3,1,1.65338,0.274133,0.757,0.195,0.048,2021
16724,2022-05-01 13:00:00,Everton,Chelsea,1,0,1.11712,1.21141,0.3188,0.3054,0.3758,2021
16717,2022-05-01 15:30:00,West Ham,Arsenal,1,2,0.451976,0.964564,0.166,0.3572,0.4768,2021
16722,2022-05-02 19:00:00,Manchester United,Brentford,3,0,1.84111,0.681425,0.7204,0.1998,0.0798,2021
16730,2022-05-07 14:00:00,Crystal Palace,Watford,1,0,2.49142,0.255373,0.9269,0.0629,0.0102,2021
16731,2022-05-07 14:00:00,Chelsea,Wolverhampton Wanderers,2,2,1.82098,1.6842,0.4094,0.259,0.3316,2021
16732,2022-05-07 14:00:00,Burnley,Aston Villa,1,3,1.31028,1.81256,0.2284,0.2801,0.4915,2021
16734,2022-05-07 14:00:00,Brentford,Southampton,3,0,3.68223,0.988574,0.9076,0.0664,0.026,2021
16733,2022-05-07 16:30:00,Brighton,Manchester United,4,0,2.82636,0.930715,0.8485,0.1119,0.0396,2021
16728,2022-05-07 18:45:00,Liverpool,Tottenham,1,1,1.0481,0.982635,0.3415,0.3248,0.3337,2021
16726,2022-05-08 13:00:00,Norwich,West Ham,0,4,0.77895,3.25894,0.0105,0.0483,0.9412,2021
16729,2022-05-08 13:00:00,Leicester,Everton,1,2,1.47479,1.55635,0.3328,0.281,0.3862,2021
16735,2022-05-08 13:00:00,Arsenal,Leeds,2,1,2.7227,0.696785,0.8509,0.1136,0.0355,2021
16727,2022-05-08 15:30:00,Manchester City,Newcastle United,5,0,4.05613,0.995099,0.9449,0.0407,0.0144,2021
16705,2022-05-10 19:00:00,Aston Villa,Liverpool,1,2,1.44726,1.75417,0.2466,0.3355,0.4179,2021
16703,2022-05-11 18:30:00,Leeds,Chelsea,0,3,0.499789,1.46853,0.1113,0.2727,0.616,2021
16582,2022-05-11 18:45:00,Leicester,Norwich,3,0,2.57058,1.21966,0.7056,0.1875,0.1069,2021
16674,2022-05-11 18:45:00,Watford,Everton,0,0,0.232236,0.812193,0.0908,0.4161,0.4931,2021
16696,2022-05-11 19:15:00,Wolverhampton Wanderers,Manchester City,1,5,0.411857,3.39304,0.006,0.0354,0.9586,2021
16593,2022-05-12 18:45:00,Tottenham,Arsenal,3,0,3.42522,0.387446,0.9603,0.0337,0.006,2021
16739,2022-05-15 11:00:00,Tottenham,Burnley,1,0,2.39449,0.629888,0.8218,0.1317,0.0465,2021
16736,2022-05-15 13:00:00,Wolverhampton Wanderers,Norwich,1,1,0.999066,1.53212,0.2166,0.2746,0.5088,2021
16737,2022-05-15 13:00:00,West Ham,Manchester City,2,2,1.0088,2.14723,0.1188,0.2122,0.669,2021
16738,2022-05-15 13:00:00,Watford,Leicester,1,5,2.58968,2.27297,0.4551,0.2287,0.3162,2021
16743,2022-05-15 13:00:00,Leeds,Brighton,1,1,2.22282,2.25898,0.3793,0.226,0.3947,2021
16745,2022-05-15 13:00:00,Aston Villa,Crystal Palace,1,1,0.799443,1.39009,0.1488,0.2957,0.5555,2021
16744,2022-05-15 15:30:00,Everton,Brentford,2,3,2.69589,1.81626,0.6124,0.1977,0.1899,2021
16741,2022-05-16 19:00:00,Newcastle United,Arsenal,2,0,1.68299,0.492454,0.7075,0.2077,0.0848,2021
16740,2022-05-17 18:45:00,Southampton,Liverpool,1,2,0.121506,1.19178,0.032,0.2996,0.6684,2021
16704,2022-05-19 18:45:00,Everton,Crystal Palace,3,2,0.813157,1.6023,0.1151,0.2604,0.6245,2021
16546,2022-05-19 19:00:00,Aston Villa,Burnley,1,1,0.996403,1.63117,0.1754,0.2434,0.5812,2021
16639,2022-05-19 19:00:00,Chelsea,Leicester,1,1,1.61996,0.0417972,0.835,0.1584,0.0066,2021
16746,2022-05-22 15:00:00,Arsenal,Everton,5,1,4.35597,1.08601,0.963,0.0318,0.0052,2021
16747,2022-05-22 15:00:00,Brentford,Leeds,1,2,0.844985,1.47786,0.169,0.2727,0.5583,2021
16748,2022-05-22 15:00:00,Brighton,West Ham,3,1,1.67774,0.268845,0.7693,0.1843,0.0464,2021
16749,2022-05-22 15:00:00,Burnley,Newcastle United,1,2,1.49164,1.74291,0.276,0.2986,0.4254,2021
16750,2022-05-22 15:00:00,Chelsea,Watford,2,1,2.59231,0.575755,0.8571,0.1059,0.037,2021
16751,2022-05-22 15:00:00,Crystal Palace,Manchester United,1,0,0.354618,0.782005,0.1466,0.4028,0.4506,2021
16752,2022-05-22 15:00:00,Leicester,Southampton,4,1,3.42058,1.05141,0.9057,0.0717,0.0226,2021
16753,2022-05-22 15:00:00,Liverpool,Wolverhampton Wanderers,3,1,3.19385,1.11708,0.8332,0.1119,0.0549,2021
16754,2022-05-22 15:00:00,Manchester City,Aston Villa,3,2,3.3209,0.247841,0.9766,0.0197,0.0037,2021
16755,2022-05-22 15:00:00,Norwich,Tottenham,0,5,0.310789,3.815,0.002,0.0157,0.9823,2021
18202,2022-08-05 19:00:00,Crystal Palace,Arsenal,0,2,1.20637,1.43601,0.2864,0.2912,0.4224,2022
18203,2022-08-06 11:30:00,Fulham,Liverpool,2,2,1.26822,2.34111,0.1225,0.2133,0.6642,2022
18204,2022-08-06 14:00:00,Bournemouth,Aston Villa,2,0,0.588341,0.488895,0.3213,0.4397,0.239,2022
18205,2022-08-06 14:00:00,Leeds,Wolverhampton Wanderers,2,1,0.88917,1.10119,0.2798,0.3166,0.4036,2022
18206,2022-08-06 14:00:00,Newcastle United,Nottingham Forest,2,0,1.8591,0.235825,0.8023,0.1695,0.0282,2022
18207,2022-08-06 14:00:00,Tottenham,Southampton,4,1,1.6172,0.386546,0.7002,0.2209,0.0789,2022
18208,2022-08-06 16:30:00,Everton,Chelsea,0,1,0.541983,1.92315,0.06,0.1717,0.7683,2022
18209,2022-08-07 13:00:00,Manchester United,Brighton,1,2,1.42103,1.7289,0.281,0.269,0.45,2022
18210,2022-08-07 13:00:00,Leicester,Brentford,2,2,0.455695,0.931067,0.1615,0.3491,0.4894,2022
18211,2022-08-07 15:30:00,West Ham,Manchester City,0,2,0.246188,2.58739,0.0083,0.0551,0.9366,2022
18212,2022-08-13 11:30:00,Aston Villa,Everton,2,1,2.66696,1.37507,0.7131,0.1861,0.1008,2022
18213,2022-08-13 14:00:00,Brighton,Newcastle United,0,0,1.60835,0.183952,0.791,0.1797,0.0293,2022
18214,2022-08-13 14:00:00,Manchester City,Bournemouth,4,0,1.69064,0.123946,0.8105,0.1721,0.0174,2022
18215,2022-08-13 14:00:00,Southampton,Leeds,2,2,1.40906,1.99694,0.2126,0.2674,0.52,2022
18216,2022-08-13 14:00:00,Wolverhampton Wanderers,Fulham,0,0,0.975375,1.08813,0.2638,0.3644,0.3718,2022
18217,2022-08-13 14:00:00,Arsenal,Leicester,4,2,3.0107,0.690679,0.8878,0.0853,0.0269,2022
18218,2022-08-13 16:30:00,Brentford,Manchester United,4,0,1.38785,0.896038,0.4929,0.2947,0.2124,2022
18219,2022-08-14 13:00:00,Nottingham Forest,West Ham,1,0,1.9717,2.08634,0.3469,0.2571,0.396,2022
18220,2022-08-14 15:30:00,Chelsea,Tottenham,2,2,1.83945,1.58708,0.4329,0.2553,0.3118,2022
18221,2022-08-15 19:00:00,Liverpool,Crystal Palace,1,1,2.23596,1.64468,0.5129,0.231,0.2561,2022
18222,2022-08-20 11:30:00,Tottenham,Wolverhampton Wanderers,1,0,1.46608,0.686123,0.593,0.2565,0.1505,2022
18223,2022-08-20 14:00:00,Crystal Palace,Aston Villa,3,1,2.91137,0.803828,0.865,0.0964,0.0386,2022
18224,2022-08-20 14:00:00,Everton,Nottingham Forest,1,1,1.43408,0.918315,0.5009,0.2717,0.2274,2022
18225,2022-08-20 14:00:00,Fulham,Brentford,3,2,2.89934,1.59352,0.7051,0.1816,0.1133,2022
18226,2022-08-20 14:00:00,Leicester,Southampton,1,2,0.242948,1.24155,0.0592,0.2702,0.6706,2022
18227,2022-08-20 16:30:00,Bournemouth,Arsenal,0,3,0.211335,1.71081,0.0283,0.1571,0.8146,2022
18228,2022-08-21 13:00:00,Leeds,Chelsea,3,0,2.20971,0.692492,0.8405,0.1271,0.0324,2022
18229,2022-08-21 13:00:00,West Ham,Brighton,0,2,0.768634,1.82645,0.1043,0.2129,0.6828,2022
18230,2022-08-21 15:30:00,Newcastle United,Manchester City,3,3,2.2127,3.67382,0.1483,0.1574,0.6943,2022
18231,2022-08-22 19:00:00,Manchester United,Liverpool,2,1,2.01764,1.52301,0.4942,0.2493,0.2565,2022
18232,2022-08-27 11:30:00,Southampton,Manchester United,0,1,1.35887,1.34359,0.3237,0.3356,0.3407,2022
18233,2022-08-27 14:00:00,Brentford,Everton,1,1,2.28391,1.65465,0.5416,0.2321,0.2263,2022
18234,2022-08-27 14:00:00,Brighton,Leeds,1,0,1.60986,1.14874,0.4733,0.2893,0.2374,2022
18235,2022-08-27 14:00:00,Chelsea,Leicester,2,1,1.74916,1.96023,0.3295,0.2616,0.4089,2022
18236,2022-08-27 14:00:00,Liverpool,Bournemouth,9,0,4.86035,0.180991,0.9985,0.0014,0.0001,2022
18237,2022-08-27 14:00:00,Manchester City,Crystal Palace,4,2,2.3853,0.091976,0.9376,0.057,0.0054,2022
18238,2022-08-27 16:30:00,Arsenal,Fulham,2,1,2.47427,0.926007,0.7576,0.165,0.0774,2022
18239,2022-08-28 13:00:00,Aston Villa,West Ham,0,1,0.304555,0.334589,0.1929,0.5741,0.233,2022
18240,2022-08-28 13:00:00,Wolverhampton Wanderers,Newcastle United,1,1,1.13248,1.93362,0.1904,0.2345,0.5751,2022
18241,2022-08-28 15:30:00,Nottingham Forest,Tottenham,0,2,0.801369,2.44473,0.0753,0.1383,0.7864,2022
18242,2022-08-30 18:30:00,Fulham,Brighton,2,1,1.07093,1.75359,0.1682,0.2629,0.5689,2022
18243,2022-08-30 18:30:00,Crystal Palace,Brentford,1,1,0.777363,1.61808,0.1616,0.2398,0.5986,2022
18244,2022-08-30 18:45:00,Southampton,Chelsea,2,1,1.44086,1.5047,0.3329,0.2916,0.3755,2022
18245,2022-08-30 19:00:00,Leeds,Everton,1,1,1.04551,1.17189,0.3025,0.3131,0.3844,2022
18246,2022-08-31 18:30:00,Manchester City,Nottingham Forest,6,0,3.83759,0.729752,0.9435,0.0444,0.0121,2022
18247,2022-08-31 18:30:00,Arsenal,Aston Villa,2,1,2.79971,0.297168,0.9316,0.0579,0.0105,2022
18248,2022-08-31 18:30:00,Bournemouth,Wolverhampton Wanderers,0,0,0.362035,1.53246,0.0649,0.2238,0.7113,2022
18249,2022-08-31 18:45:00,West Ham,Tottenham,1,1,1.52267,0.723285,0.5865,0.2581,0.1554,2022
18250,2022-08-31 19:00:00,Liverpool,Newcastle United,2,1,1.76119,0.643546,0.6785,0.2216,0.0999,2022
18251,2022-09-01 19:00:00,Leicester,Manchester United,0,1,0.615266,1.09969,0.1672,0.3399,0.4929,2022
18252,2022-09-03 11:30:00,Everton,Liverpool,0,0,1.39169,1.38617,0.373,0.2708,0.3562,2022
18253,2022-09-03 14:00:00,Newcastle United,Crystal Palace,0,0,2.90672,0.920595,0.8161,0.1241,0.0598,2022
18254,2022-09-03 14:00:00,Nottingham Forest,Bournemouth,2,3,1.32895,0.905041,0.488,0.3058,0.2062,2022
18255,2022-09-03 14:00:00,Tottenham,Fulham,2,1,2.67823,0.381556,0.9103,0.072,0.0177,2022
18256,2022-09-03 14:00:00,Wolverhampton Wanderers,Southampton,1,0,1.10039,1.20838,0.3189,0.3149,0.3662,2022
18257,2022-09-03 14:00:00,Brentford,Leeds,5,2,2.7485,1.796,0.6119,0.2192,0.1689,2022
18260,2022-09-03 14:00:00,Chelsea,West Ham,2,1,0.707333,1.4196,0.1001,0.2892,0.6107,2022
18258,2022-09-03 16:30:00,Aston Villa,Manchester City,1,1,0.279392,1.92143,0.029,0.1347,0.8363,2022
18259,2022-09-04 13:00:00,Brighton,Leicester,5,2,2.73166,1.06549,0.7719,0.1533,0.0748,2022
18261,2022-09-04 15:30:00,Manchester United,Arsenal,3,1,2.02904,1.42238,0.5287,0.2353,0.236,2022
18272,2022-09-16 19:00:00,Aston Villa,Southampton,1,0,1.34365,0.218302,0.7544,0.2115,0.0341,2022
18273,2022-09-16 19:00:00,Nottingham Forest,Fulham,2,3,1.41541,1.3496,0.3774,0.2812,0.3414,2022
18274,2022-09-17 11:30:00,Wolverhampton Wanderers,Manchester City,0,3,0.310995,1.4242,0.0615,0.2244,0.7141,2022
18275,2022-09-17 14:00:00,Newcastle United,Bournemouth,1,1,1.54758,0.976948,0.5126,0.303,0.1844,2022
18278,2022-09-17 16:30:00,Tottenham,Leicester,6,2,1.98619,1.59449,0.4664,0.2515,0.2821,2022
18280,2022-09-18 11:00:00,Brentford,Arsenal,0,3,0.54011,1.32021,0.1394,0.2865,0.5741,2022
18277,2022-09-18 13:15:00,Everton,West Ham,1,0,0.39773,0.655351,0.1859,0.4494,0.3647,2022
18282,2022-10-01 11:30:00,Arsenal,Tottenham,3,1,2.48403,1.5027,0.6233,0.2347,0.142,2022
18283,2022-10-01 14:00:00,Bournemouth,Brentford,0,0,0.758128,1.046,0.2475,0.3269,0.4256,2022
18284,2022-10-01 14:00:00,Crystal Palace,Chelsea,1,2,0.70987,1.25506,0.1777,0.3084,0.5139,2022
18285,2022-10-01 14:00:00,Fulham,Newcastle United,1,4,0.683701,4.67198,0.0008,0.0059,0.9933,2022
18288,2022-10-01 14:00:00,Liverpool,Brighton,3,3,2.1515,2.36567,0.3275,0.2387,0.4338,2022
18290,2022-10-01 14:00:00,Southampton,Everton,1,2,1.95961,1.99979,0.3591,0.245,0.3959,2022
18291,2022-10-01 16:30:00,West Ham,Wolverhampton Wanderers,2,0,1.03934,0.575988,0.4659,0.3317,0.2024,2022
18289,2022-10-02 13:00:00,Manchester City,Manchester United,6,3,3.01103,1.71335,0.6839,0.1915,0.1246,2022
18286,2022-10-02 15:30:00,Leeds,Aston Villa,0,0,0.298626,1.89645,0.0342,0.1457,0.8201,2022
18287,2022-10-03 19:00:00,Leicester,Nottingham Forest,4,0,1.2497,1.22169,0.3618,0.2848,0.3534,2022
18293,2022-10-08 14:00:00,Bournemouth,Leicester,2,1,1.14891,1.18125,0.3192,0.3312,0.3496,2022
18295,2022-10-08 14:00:00,Chelsea,Wolverhampton Wanderers,3,0,2.43092,0.748449,0.7831,0.143,0.0739,2022
18298,2022-10-08 14:00:00,Manchester City,Southampton,4,0,2.73536,0.101148,0.942,0.0531,0.0049,2022
18299,2022-10-08 14:00:00,Newcastle United,Brentford,5,1,2.44631,1.13466,0.7371,0.1881,0.0748,2022
18294,2022-10-08 16:30:00,Brighton,Tottenham,0,1,0.899735,0.771641,0.3516,0.3567,0.2917,2022
18296,2022-10-09 13:00:00,Crystal Palace,Leeds,2,1,1.65194,1.06564,0.5257,0.2625,0.2118,2022
18301,2022-10-09 13:00:00,West Ham,Fulham,3,1,3.43676,0.549848,0.9548,0.0369,0.0083,2022
18292,2022-10-09 15:30:00,Arsenal,Liverpool,3,2,2.81968,0.765151,0.8957,0.0875,0.0168,2022
18297,2022-10-09 18:00:00,Everton,Manchester United,1,2,0.365844,1.82612,0.0485,0.1658,0.7857,2022
18300,2022-10-10 19:00:00,Nottingham Forest,Aston Villa,1,1,0.221346,0.657187,0.1074,0.4655,0.4271,2022
18303,2022-10-14 19:00:00,Brentford,Brighton,2,0,1.90636,2.15668,0.308,0.27,0.422,2022
18306,2022-10-15 11:30:00,Leicester,Crystal Palace,0,0,0.973426,0.346808,0.5272,0.3513,0.1215,2022
18304,2022-10-15 14:00:00,Fulham,Bournemouth,2,2,1.61738,1.62829,0.3546,0.2867,0.3587,2022
18311,2022-10-15 14:00:00,Wolverhampton Wanderers,Nottingham Forest,1,0,1.22368,1.24761,0.3039,0.378,0.3181,2022
18310,2022-10-15 16:30:00,Tottenham,Everton,2,0,2.49409,0.560039,0.8457,0.1223,0.032,2022
18302,2022-10-16 13:00:00,Aston Villa,Chelsea,0,2,2.44542,1.23643,0.6794,0.1924,0.1282,2022
18305,2022-10-16 13:00:00,Leeds,Arsenal,0,1,2.02232,0.821757,0.6846,0.2144,0.101,2022
18308,2022-10-16 13:00:00,Manchester United,Newcastle United,0,0,1.41606,0.78815,0.5506,0.278,0.1714,2022
18309,2022-10-16 13:00:00,Southampton,West Ham,1,1,0.524479,1.70727,0.0936,0.2206,0.6858,2022
18307,2022-10-16 15:30:00,Liverpool,Manchester City,1,0,1.9992,0.911493,0.6548,0.2089,0.1363,2022
18315,2022-10-18 18:30:00,Brighton,Nottingham Forest,0,0,2.10188,0.195003,0.8805,0.104,0.0155,2022
18318,2022-10-18 19:15:00,Crystal Palace,Wolverhampton Wanderers,2,1,1.25617,0.857837,0.4633,0.2981,0.2386,2022
18313,2022-10-19 18:30:00,Bournemouth,Southampton,0,1,0.810452,1.23878,0.213,0.2994,0.4876,2022
18314,2022-10-19 18:30:00,Brentford,Chelsea,0,0,1.45228,0.557405,0.6519,0.2453,0.1028,2022
18319,2022-10-19 18:30:00,Newcastle United,Everton,1,0,1.13393,0.0609567,0.6685,0.3125,0.019,2022
18320,2022-10-19 18:30:00,Liverpool,West Ham,1,0,2.24066,2.48649,0.3183,0.2359,0.4458,2022
18321,2022-10-19 19:15:00,Manchester United,Tottenham,2,0,1.70973,0.658526,0.6423,0.2415,0.1162,2022
18316,2022-10-20 18:30:00,Fulham,Aston Villa,3,0,2.892,0.711487,0.8816,0.0849,0.0335,2022
18317,2022-10-20 19:15:00,Leicester,Leeds,2,0,0.655249,1.19464,0.1801,0.3123,0.5076,2022
18327,2022-10-22 11:30:00,Nottingham Forest,Liverpool,1,0,2.50163,2.19752,0.4594,0.2303,0.3103,2022
18324,2022-10-22 14:00:00,Everton,Crystal Palace,3,0,1.93396,0.597167,0.7649,0.1702,0.0649,2022
18326,2022-10-22 14:00:00,Manchester City,Brighton,3,1,1.86239,0.52863,0.7596,0.18,0.0604,2022
18323,2022-10-22 15:30:00,Chelsea,Manchester United,1,1,1.20238,0.730935,0.5149,0.3177,0.1674,2022
18322,2022-10-23 13:00:00,Aston Villa,Brentford,4,0,3.45617,1.00462,0.9111,0.0678,0.0211,2022
18325,2022-10-23 13:00:00,Leeds,Fulham,2,3,1.96384,2.47512,0.2725,0.2214,0.5061,2022
18328,2022-10-23 13:00:00,Southampton,Arsenal,1,1,0.622653,1.57897,0.1135,0.2527,0.6338,2022
18331,2022-10-23 13:00:00,Wolverhampton Wanderers,Leicester,0,4,1.61785,0.989075,0.5134,0.2724,0.2142,2022
18329,2022-10-23 15:30:00,Tottenham,Newcastle United,1,2,1.56513,1.1294,0.4711,0.2735,0.2554,2022
18330,2022-10-24 19:00:00,West Ham,Bournemouth,2,0,1.97715,0.730443,0.7246,0.2045,0.0709,2022
18338,2022-10-29 11:30:00,Leicester,Manchester City,0,1,0.693597,0.703827,0.3111,0.381,0.3079,2022
18333,2022-10-29 14:00:00,Bournemouth,Tottenham,2,3,0.887533,2.1946,0.1026,0.1995,0.6979,2022
18334,2022-10-29 14:00:00,Brentford,Wolverhampton Wanderers,1,1,1.29257,0.557605,0.5841,0.2769,0.139,2022
18335,2022-10-29 14:00:00,Brighton,Chelsea,4,1,2.881,1.07554,0.8126,0.1331,0.0543,2022
18336,2022-10-29 14:00:00,Crystal Palace,Southampton,1,0,1.00384,1.35803,0.2594,0.3006,0.44,2022
18341,2022-10-29 14:00:00,Newcastle United,Aston Villa,4,0,4.18808,0.270814,0.9905,0.0086,0.0009,2022
18337,2022-10-29 16:30:00,Fulham,Everton,0,0,1.76438,1.19166,0.5075,0.27,0.2225,2022
18339,2022-10-29 18:45:00,Liverpool,Leeds,1,2,1.90889,1.61271,0.4399,0.2565,0.3036,2022
18332,2022-10-30 14:00:00,Arsenal,Nottingham Forest,5,0,3.00699,0.206127,0.9566,0.0379,0.0055,2022
18340,2022-10-30 16:15:00,Manchester United,West Ham,1,0,1.7514,1.00033,0.5661,0.2616,0.1723,2022
18345,2022-11-05 15:00:00,Leeds,Bournemouth,4,3,2.22532,1.55594,0.5481,0.2398,0.2121,2022
18346,2022-11-05 15:00:00,Manchester City,Fulham,2,1,2.39332,0.843884,0.7901,0.1705,0.0394,2022
18347,2022-11-05 15:00:00,Nottingham Forest,Brentford,2,2,1.29696,1.2204,0.348,0.3175,0.3345,2022
18351,2022-11-05 15:00:00,Wolverhampton Wanderers,Brighton,2,3,1.29252,1.87375,0.2155,0.2709,0.5136,2022
18344,2022-11-05 17:30:00,Everton,Leicester,0,2,1.3729,2.2679,0.205,0.2148,0.5802,2022
18343,2022-11-06 12:00:00,Chelsea,Arsenal,0,1,0.278815,2.37846,0.0122,0.0736,0.9142,2022
18342,2022-11-06 14:00:00,Aston Villa,Manchester United,3,1,0.578563,0.517189,0.298,0.4411,0.2609,2022
18348,2022-11-06 14:00:00,Southampton,Newcastle United,1,4,1.65228,1.42101,0.4256,0.2807,0.2937,2022
18350,2022-11-06 14:00:00,West Ham,Crystal Palace,1,2,0.192579,1.03344,0.0601,0.3321,0.6078,2022
18349,2022-11-06 16:30:00,Tottenham,Liverpool,1,2,1.81736,1.46548,0.4503,0.2538,0.2959,2022
18356,2022-11-12 12:30:00,Manchester City,Brentford,1,2,1.605,3.29012,0.0967,0.1384,0.7649,2022
18352,2022-11-12 15:00:00,Bournemouth,Everton,3,0,2.45642,0.768756,0.8095,0.1338,0.0567,2022
18355,2022-11-12 15:00:00,Liverpool,Southampton,3,1,2.74418,1.43427,0.6924,0.1735,0.1341,2022
18358,2022-11-12 15:00:00,Nottingham Forest,Crystal Palace,1,0,1.23752,1.14552,0.3495,0.3518,0.2987,2022
18359,2022-11-12 15:00:00,Tottenham,Leeds,4,3,2.58046,1.71731,0.5788,0.204,0.2172,2022
18360,2022-11-12 15:00:00,West Ham,Leicester,0,2,0.720721,1.60566,0.122,0.2312,0.6468,2022
18357,2022-11-12 17:30:00,Newcastle United,Chelsea,1,0,1.3601,0.359105,0.6864,0.2399,0.0737,2022
18361,2022-11-12 19:45:00,Wolverhampton Wanderers,Arsenal,0,2,0.512339,2.27996,0.0353,0.1195,0.8452,2022
18353,2022-11-13 14:00:00,Brighton,Aston Villa,1,2,0.829107,1.15437,0.2078,0.3416,0.4506,2022
18354,2022-11-13 16:30:00,Fulham,Manchester United,1,2,1.70218,3.37664,0.086,0.142,0.772,2022
18364,2022-12-26 12:30:00,Brentford,Tottenham,2,2,2.25263,0.883787,0.7598,0.1641,0.0761,2022
18366,2022-12-26 15:00:00,Crystal Palace,Fulham,0,3,0.421754,2.69927,0.0218,0.079,0.8992,2022
18367,2022-12-26 15:00:00,Everton,Wolverhampton Wanderers,1,2,1.22653,1.22076,0.3391,0.3145,0.3464,2022
18369,2022-12-26 15:00:00,Leicester,Newcastle United,0,3,0.31099,1.76382,0.0339,0.1497,0.8164,2022
18371,2022-12-26 15:00:00,Southampton,Brighton,1,3,1.70709,1.00714,0.5656,0.281,0.1534,2022
18363,2022-12-26 17:30:00,Aston Villa,Liverpool,1,3,1.69155,3.50694,0.0917,0.1312,0.7771,2022
18362,2022-12-26 20:00:00,Arsenal,West Ham,3,1,1.88828,1.02652,0.5915,0.2609,0.1476,2022
18365,2022-12-27 17:30:00,Chelsea,Bournemouth,2,0,1.91378,0.44307,0.7782,0.1645,0.0573,2022
18370,2022-12-27 20:00:00,Manchester United,Nottingham Forest,3,0,2.13668,0.477076,0.8027,0.1485,0.0488,2022
18368,2022-12-28 20:00:00,Leeds,Manchester City,1,3,0.603751,4.16249,0.0095,0.0335,0.957,2022
18380,2022-12-30 19:45:00,West Ham,Brentford,0,2,1.13979,1.51436,0.2474,0.2674,0.4852,2022
18375,2022-12-30 20:00:00,Liverpool,Leicester,2,1,2.02463,0.863312,0.6596,0.2117,0.1287,2022
18381,2022-12-31 12:30:00,Wolverhampton Wanderers,Manchester United,0,1,0.587672,2.44728,0.0488,0.1258,0.8254,2022
18372,2022-12-31 15:00:00,Bournemouth,Crystal Palace,0,2,0.895819,1.75264,0.1237,0.2679,0.6084,2022
18374,2022-12-31 15:00:00,Fulham,Southampton,2,1,1.49305,0.698711,0.621,0.2632,0.1158,2022
18376,2022-12-31 15:00:00,Manchester City,Everton,1,1,2.36333,0.0760019,0.9324,0.0634,0.0042,2022
18377,2022-12-31 15:00:00,Newcastle United,Leeds,0,0,2.78846,0.517099,0.881,0.0883,0.0307,2022
18373,2022-12-31 17:30:00,Brighton,Arsenal,2,4,1.15663,3.22106,0.0456,0.1051,0.8493,2022
18379,2023-01-01 14:00:00,Tottenham,Aston Villa,0,2,0.569383,1.21733,0.1431,0.2918,0.5651,2022
18378,2023-01-01 16:30:00,Nottingham Forest,Chelsea,1,1,0.985219,1.37305,0.2313,0.2919,0.4768,2022
18384,2023-01-02 17:30:00,Brentford,Liverpool,3,1,2.0991,2.10461,0.3736,0.2734,0.353,2022
18382,2023-01-03 19:45:00,Arsenal,Newcastle United,0,0,0.970637,0.959523,0.3226,0.3381,0.3393,2022
18387,2023-01-03 19:45:00,Everton,Brighton,1,4,1.16896,2.50731,0.102,0.1911,0.7069,2022
18389,2023-01-03 19:45:00,Leicester,Fulham,0,1,1.45221,1.33493,0.3898,0.2799,0.3303,2022
18390,2023-01-03 20:00:00,Manchester United,Bournemouth,3,0,2.97383,0.679022,0.8881,0.0826,0.0293,2022
18391,2023-01-04 19:30:00,Southampton,Nottingham Forest,0,1,0.62937,1.22324,0.153,0.3001,0.5469,2022
18388,2023-01-04 19:45:00,Leeds,West Ham,2,2,1.2577,1.29245,0.324,0.3108,0.3652,2022
18383,2023-01-04 20:00:00,Aston Villa,Wolverhampton Wanderers,1,1,1.03226,0.832522,0.3969,0.3272,0.2759,2022
18386,2023-01-04 20:00:00,Crystal Palace,Tottenham,0,4,0.787525,1.66514,0.1413,0.2366,0.6221,2022
18385,2023-01-05 20:00:00,Chelsea,Manchester City,0,1,0.493576,1.71972,0.065,0.1925,0.7425,2022
18262,2023-01-12 19:00:00,Fulham,Chelsea,2,1,0.711266,2.39911,0.0519,0.1442,0.8039,2022
18392,2023-01-13 20:00:00,Aston Villa,Leeds,2,1,1.64599,2.46295,0.1931,0.2242,0.5827,2022
18397,2023-01-14 12:30:00,Manchester United,Manchester City,2,1,1.98228,0.73695,0.7313,0.2034,0.0653,2022
18394,2023-01-14 15:00:00,Brighton,Liverpool,3,0,2.40062,1.28853,0.6565,0.2102,0.1333,2022
18396,2023-01-14 15:00:00,Everton,Southampton,1,2,1.18191,1.08412,0.3807,0.3021,0.3172,2022
18399,2023-01-14 15:00:00,Nottingham Forest,Leicester,2,0,1.75313,0.803421,0.6211,0.2387,0.1402,2022
18401,2023-01-14 15:00:00,Wolverhampton Wanderers,West Ham,1,0,0.806232,0.735105,0.3464,0.365,0.2886,2022
18393,2023-01-14 17:30:00,Brentford,Bournemouth,2,0,1.29815,0.269283,0.7302,0.2253,0.0445,2022
18395,2023-01-15 14:00:00,Chelsea,Crystal Palace,1,0,2.12987,0.837366,0.7152,0.1938,0.091,2022
18398,2023-01-15 14:00:00,Newcastle United,Fulham,1,0,1.96256,0.989872,0.6207,0.2552,0.1241,2022
18400,2023-01-15 16:30:00,Tottenham,Arsenal,0,2,1.71032,2.04232,0.293,0.2491,0.4579,2022
18270,2023-01-18 15:30:00,Crystal Palace,Manchester United,1,1,0.413339,1.39437,0.0948,0.2512,0.654,2022
18267,2023-01-19 19:00:00,Manchester City,Tottenham,4,2,2.34166,1.16499,0.6717,0.203,0.1253,2022
18408,2023-01-21 12:30:00,Liverpool,Chelsea,0,0,1.30125,1.84467,0.2375,0.2581,0.5044,2022
18403,2023-01-21 15:00:00,Bournemouth,Nottingham Forest,1,1,1.80549,1.57544,0.4241,0.2689,0.307,2022
18407,2023-01-21 15:00:00,Leicester,Brighton,2,2,1.35941,1.94491,0.2166,0.2601,0.5233,2022
18410,2023-01-21 15:00:00,Southampton,Aston Villa,0,1,0.672444,1.16432,0.201,0.3311,0.4679,2022
18411,2023-01-21 15:00:00,West Ham,Everton,2,0,2.46879,0.286826,0.9339,0.0568,0.0093,2022
18404,2023-01-21 17:30:00,Crystal Palace,Newcastle United,0,0,0.333154,1.44384,0.0722,0.2329,0.6949,2022
18406,2023-01-22 14:00:00,Leeds,Brentford,0,0,0.374736,0.17114,0.2817,0.5991,0.1192,2022
18409,2023-01-22 14:00:00,Manchester City,Wolverhampton Wanderers,3,0,3.32757,0.469277,0.9503,0.0408,0.0089,2022
18402,2023-01-22 16:30:00,Arsenal,Manchester United,3,2,2.90273,0.272246,0.9363,0.0541,0.0096,2022
18405,2023-01-23 20:00:00,Fulham,Tottenham,0,1,1.09339,0.993805,0.3629,0.3376,0.2995,2022
18415,2023-02-03 20:00:00,Chelsea,Fulham,0,0,1.41471,0.493341,0.6334,0.254,0.1126,2022
18416,2023-02-04 12:30:00,Everton,Arsenal,1,0,2.09191,0.690102,0.7682,0.1665,0.0653,2022
18412,2023-02-04 15:00:00,Aston Villa,Leicester,2,4,1.4989,2.49784,0.1591,0.2124,0.6285,2022
18413,2023-02-04 15:00:00,Brentford,Southampton,3,0,2.36747,0.644385,0.8146,0.1377,0.0477,2022
18414,2023-02-04 15:00:00,Brighton,Bournemouth,1,0,2.55696,0.908298,0.7945,0.1408,0.0647,2022
18417,2023-02-04 15:00:00,Manchester United,Crystal Palace,2,1,2.07035,1.3798,0.5467,0.2671,0.1862,2022
18421,2023-02-04 15:00:00,Wolverhampton Wanderers,Liverpool,3,0,2.63328,1.30193,0.7065,0.1715,0.122,2022
18418,2023-02-04 17:30:00,Newcastle United,West Ham,1,1,1.22883,1.27831,0.33,0.31,0.36,2022
18419,2023-02-05 14:00:00,Nottingham Forest,Leeds,1,0,0.3325,1.12331,0.0866,0.2912,0.6222,2022
18420,2023-02-05 16:30:00,Tottenham,Manchester City,1,0,1.42168,0.773747,0.5572,0.2724,0.1704,2022
18279,2023-02-08 19:00:00,Manchester United,Leeds,2,2,2.00007,0.554798,0.7559,0.1739,0.0702,2022
18431,2023-02-11 12:30:00,West Ham,Chelsea,1,1,1.07615,0.900465,0.3903,0.331,0.2787,2022
18422,2023-02-11 15:00:00,Arsenal,Brentford,1,1,1.36738,2.17538,0.1738,0.2237,0.6025,2022
18424,2023-02-11 15:00:00,Crystal Palace,Brighton,1,1,0.928279,2.64981,0.0646,0.1488,0.7866,2022
18425,2023-02-11 15:00:00,Fulham,Nottingham Forest,2,0,1.69704,0.686824,0.658,0.2237,0.1183,2022
18427,2023-02-11 15:00:00,Leicester,Tottenham,4,1,1.41208,1.11709,0.4281,0.3074,0.2645,2022
18430,2023-02-11 15:00:00,Southampton,Wolverhampton Wanderers,1,2,1.30203,0.615651,0.5648,0.2886,0.1466,2022
18423,2023-02-11 17:30:00,Bournemouth,Newcastle United,1,1,1.54458,1.54853,0.3298,0.3393,0.3309,2022
18426,2023-02-12 14:00:00,Leeds,Manchester United,0,2,1.89163,1.30375,0.5262,0.2469,0.2269,2022
18429,2023-02-12 16:30:00,Manchester City,Aston Villa,3,1,3.60987,0.275348,0.9777,0.0192,0.0031,2022
18428,2023-02-13 20:00:00,Liverpool,Everton,2,0,2.23291,0.402331,0.8479,0.1222,0.0299,2022
18312,2023-02-15 18:30:00,Arsenal,Manchester City,1,3,1.70139,2.00841,0.2895,0.2762,0.4343,2022
18432,2023-02-18 12:30:00,Aston Villa,Arsenal,2,4,0.335752,2.85981,0.0159,0.0617,0.9224,2022
18433,2023-02-18 15:00:00,Brentford,Crystal Palace,1,1,0.610105,1.12202,0.1813,0.31,0.5087,2022
18434,2023-02-18 15:00:00,Brighton,Fulham,0,1,2.71375,0.224214,0.9284,0.0626,0.009,2022
18435,2023-02-18 15:00:00,Chelsea,Southampton,0,1,1.61723,0.619532,0.6624,0.2351,0.1025,2022
18436,2023-02-18 15:00:00,Everton,Leeds,1,0,1.53811,0.597403,0.6387,0.244,0.1173,2022
18439,2023-02-18 15:00:00,Nottingham Forest,Manchester City,1,1,1.12735,2.80966,0.0313,0.1269,0.8418,2022
18441,2023-02-18 15:00:00,Wolverhampton Wanderers,Bournemouth,0,1,0.911415,1.15274,0.2191,0.3382,0.4427,2022
18438,2023-02-18 17:30:00,Newcastle United,Liverpool,0,2,1.74852,2.16549,0.2877,0.2362,0.4761,2022
18437,2023-02-19 14:00:00,Manchester United,Leicester,3,0,4.24663,1.39678,0.8915,0.0703,0.0382,2022
18440,2023-02-19 16:30:00,Tottenham,West Ham,2,0,1.43042,0.365173,0.6822,0.2443,0.0735,2022
18445,2023-02-24 20:00:00,Fulham,Wolverhampton Wanderers,1,1,0.913133,0.997097,0.308,0.3322,0.3598,2022
18444,2023-02-25 15:00:00,Everton,Aston Villa,0,2,1.54109,2.06037,0.2358,0.253,0.5112,2022
18446,2023-02-25 15:00:00,Leeds,Southampton,1,0,0.720048,0.391128,0.4014,0.4255,0.1731,2022
18447,2023-02-25 15:00:00,Leicester,Arsenal,0,1,0.0203463,0.722059,0.0101,0.4553,0.5346,2022
18451,2023-02-25 15:00:00,West Ham,Nottingham Forest,4,0,3.05032,0.350849,0.9617,0.0326,0.0057,2022
18442,2023-02-25 17:30:00,Bournemouth,Manchester City,1,4,1.08527,2.98206,0.0517,0.1222,0.8261,2022
18443,2023-02-25 19:45:00,Crystal Palace,Liverpool,0,0,0.989086,1.35123,0.2465,0.2938,0.4597,2022
18450,2023-02-26 13:30:00,Tottenham,Chelsea,2,0,0.926313,0.262281,0.6002,0.3262,0.0736,2022
18264,2023-03-01 20:00:00,Liverpool,Wolverhampton Wanderers,2,0,2.70191,0.78681,0.8368,0.1239,0.0393,2022
18269,2023-03-01 20:00:00,Arsenal,Everton,4,0,3.06919,1.604,0.7363,0.1702,0.0935,2022
18458,2023-03-04 12:30:00,Manchester City,Newcastle United,2,0,1.34144,0.359809,0.6421,0.2711,0.0868,2022
18452,2023-03-04 15:00:00,Arsenal,Bournemouth,3,2,2.46279,1.74267,0.5372,0.2353,0.2275,2022
18453,2023-03-04 15:00:00,Aston Villa,Crystal Palace,1,0,0.890605,0.152761,0.5676,0.3749,0.0575,2022
18455,2023-03-04 15:00:00,Brighton,West Ham,4,0,3.49993,0.250045,0.9876,0.0113,0.0011,2022
18456,2023-03-04 15:00:00,Chelsea,Leeds,1,0,1.8678,0.633995,0.7086,0.1964,0.095,2022
18461,2023-03-04 15:00:00,Wolverhampton Wanderers,Tottenham,1,0,0.562477,1.25588,0.1582,0.2936,0.5482,2022
18460,2023-03-04 17:30:00,Southampton,Leicester,1,0,1.34332,1.67051,0.269,0.2878,0.4432,2022
18459,2023-03-05 14:00:00,Nottingham Forest,Everton,2,2,0.799733,1.70877,0.1136,0.2522,0.6342,2022
18457,2023-03-05 16:30:00,Liverpool,Manchester United,7,0,3.44269,0.837542,0.9027,0.0679,0.0294,2022
18454,2023-03-06 20:00:00,Brentford,Fulham,3,2,2.44358,1.67531,0.5684,0.2384,0.1932,2022
18462,2023-03-11 12:30:00,Bournemouth,Liverpool,1,0,1.10128,2.13465,0.1228,0.2227,0.6545,2022
18464,2023-03-11 15:00:00,Everton,Brentford,1,0,1.71599,1.95088,0.3049,0.261,0.4341,2022
18466,2023-03-11 15:00:00,Leeds,Brighton,2,2,0.596738,1.51388,0.1289,0.2323,0.6388,2022
18467,2023-03-11 15:00:00,Leicester,Chelsea,1,3,2.36139,1.49478,0.6059,0.2194,0.1747,2022
18470,2023-03-11 15:00:00,Tottenham,Nottingham Forest,3,1,1.73482,1.62805,0.3636,0.305,0.3314,2022
18463,2023-03-11 17:30:00,Crystal Palace,Manchester City,0,1,0.185498,2.1884,0.0116,0.0758,0.9126,2022
18465,2023-03-12 14:00:00,Fulham,Arsenal,0,3,0.61832,2.64355,0.0328,0.1033,0.8639,2022
18468,2023-03-12 14:00:00,Manchester United,Southampton,0,0,0.910911,1.18053,0.2713,0.3138,0.4149,2022
18471,2023-03-12 14:00:00,West Ham,Aston Villa,1,1,2.14634,1.99139,0.4022,0.2566,0.3412,2022
18469,2023-03-12 16:30:00,Newcastle United,Wolverhampton Wanderers,2,1,2.45527,0.709895,0.7916,0.1474,0.061,2022
18265,2023-03-15 19:30:00,Southampton,Brentford,0,2,0.358977,1.66591,0.0268,0.1534,0.8198,2022
18276,2023-03-15 19:30:00,Brighton,Crystal Palace,1,0,0.588727,1.21452,0.1611,0.2961,0.5428,2022
18479,2023-03-17 20:00:00,Nottingham Forest,Newcastle United,1,2,0.531985,2.50027,0.0273,0.1053,0.8674,2022
18473,2023-03-18 15:00:00,Aston Villa,Bournemouth,3,0,3.45474,0.50014,0.9472,0.0425,0.0103,2022
18474,2023-03-18 15:00:00,Brentford,Leicester,1,1,0.476467,1.42133,0.1013,0.2484,0.6503,2022
18480,2023-03-18 15:00:00,Southampton,Tottenham,3,3,2.52077,1.88473,0.5397,0.2182,0.2421,2022
18481,2023-03-18 15:00:00,Wolverhampton Wanderers,Leeds,2,4,2.76358,1.6549,0.6326,0.1942,0.1732,2022
18476,2023-03-18 17:30:00,Chelsea,Everton,2,2,1.90027,1.64675,0.4255,0.2703,0.3042,2022
18472,2023-03-19 14:00:00,Arsenal,Crystal Palace,4,1,1.53568,1.19194,0.438,0.2882,0.2738,2022
18488,2023-04-01 11:30:00,Manchester City,Liverpool,4,1,3.01243,0.318171,0.9428,0.0485,0.0087,2022
18482,2023-04-01 14:00:00,Arsenal,Leeds,4,1,3.29548,0.497609,0.9456,0.0454,0.009,2022
18483,2023-04-01 14:00:00,Bournemouth,Fulham,2,1,3.14054,0.601049,0.947,0.0429,0.0101,2022
18484,2023-04-01 14:00:00,Brighton,Brentford,3,3,3.8195,1.2788,0.8751,0.0894,0.0355,2022
18486,2023-04-01 14:00:00,Crystal Palace,Leicester,2,1,1.93471,0.198959,0.8241,0.151,0.0249,2022
18490,2023-04-01 14:00:00,Nottingham Forest,Wolverhampton Wanderers,1,1,1.11441,0.383739,0.5567,0.3262,0.1171,2022
18485,2023-04-01 16:30:00,Chelsea,Aston Villa,0,2,2.38024,0.765794,0.7612,0.1654,0.0734,2022
18491,2023-04-02 13:00:00,West Ham,Southampton,1,0,1.40363,0.318261,0.6879,0.243,0.0691,2022
18489,2023-04-02 15:30:00,Newcastle United,Manchester United,2,0,3.33162,0.334127,0.9585,0.0373,0.0042,2022
18487,2023-04-03 19:00:00,Everton,Tottenham,1,1,0.823365,1.39177,0.1746,0.284,0.5414,2022
18263,2023-04-04 18:45:00,Leicester,Aston Villa,1,2,0.671597,1.00159,0.2261,0.3348,0.4391,2022
18266,2023-04-04 18:45:00,Bournemouth,Brighton,0,2,1.15322,2.63392,0.0954,0.1605,0.7441,2022
18271,2023-04-04 18:45:00,Leeds,Nottingham Forest,2,1,2.43248,0.613917,0.8207,0.129,0.0503,2022
18281,2023-04-04 19:00:00,Chelsea,Liverpool,0,0,2.18903,0.202217,0.8998,0.0894,0.0108,2022
18268,2023-04-05 19:00:00,West Ham,Newcastle United,1,5,0.83342,2.84091,0.0388,0.1129,0.8483,2022
18448,2023-04-05 19:00:00,Manchester United,Brentford,1,0,1.1445,0.64499,0.4718,0.3392,0.189,2022
18498,2023-04-08 11:30:00,Manchester United,Everton,2,0,4.38578,0.949183,0.9363,0.0453,0.0184,2022
18492,2023-04-08 14:00:00,Aston Villa,Nottingham Forest,2,0,1.42718,0.232452,0.7383,0.2184,0.0433,2022
18493,2023-04-08 14:00:00,Brentford,Newcastle United,1,2,2.06521,1.02337,0.6806,0.207,0.1124,2022
18494,2023-04-08 14:00:00,Fulham,West Ham,0,1,0.456524,1.23261,0.1188,0.2784,0.6028,2022
18496,2023-04-08 14:00:00,Leicester,Bournemouth,0,1,0.731965,1.92396,0.1123,0.2085,0.6792,2022
18500,2023-04-08 14:00:00,Tottenham,Brighton,2,1,0.594139,1.47549,0.1236,0.2613,0.6151,2022
18501,2023-04-08 14:00:00,Wolverhampton Wanderers,Chelsea,1,0,0.601153,0.815308,0.2479,0.3819,0.3702,2022
18499,2023-04-08 16:30:00,Southampton,Manchester City,1,4,0.492801,3.05999,0.0084,0.0519,0.9397,2022
18495,2023-04-09 13:00:00,Leeds,Crystal Palace,1,5,1.02075,3.22687,0.0363,0.0999,0.8638,2022
18497,2023-04-09 15:30:00,Liverpool,Arsenal,2,2,4.64012,1.53631,0.9331,0.0484,0.0185,2022
18502,2023-04-15 11:30:00,Aston Villa,Newcastle United,3,0,1.91802,0.425086,0.7878,0.1598,0.0524,2022
18503,2023-04-15 14:00:00,Chelsea,Brighton,1,2,0.46331,2.52107,0.0348,0.1111,0.8541,2022
18504,2023-04-15 14:00:00,Everton,Fulham,1,3,2.24262,1.92209,0.4638,0.2338,0.3024,2022
18508,2023-04-15 14:00:00,Southampton,Crystal Palace,0,2,0.678449,0.86306,0.241,0.3639,0.3951,2022
18509,2023-04-15 14:00:00,Tottenham,Bournemouth,2,3,2.30604,1.20598,0.6307,0.2053,0.164,2022
18511,2023-04-15 14:00:00,Wolverhampton Wanderers,Brentford,2,0,0.93912,1.5133,0.1812,0.294,0.5248,2022
18506,2023-04-15 16:30:00,Manchester City,Leicester,3,1,1.60702,1.92692,0.2627,0.3,0.4373,2022
18510,2023-04-16 13:00:00,West Ham,Arsenal,2,2,1.96095,2.71782,0.1874,0.2299,0.5827,2022
18507,2023-04-16 15:30:00,Nottingham Forest,Manchester United,0,2,1.05289,3.33747,0.0346,0.0984,0.867,2022
18505,2023-04-17 19:00:00,Leeds,Liverpool,1,6,1.16748,2.65476,0.0965,0.1659,0.7376,2022
18512,2023-04-21 19:00:00,Arsenal,Southampton,3,3,2.39609,1.43063,0.6053,0.2205,0.1742,2022
18517,2023-04-22 11:30:00,Fulham,Leeds,2,1,1.43763,1.07482,0.444,0.3467,0.2093,2022
18514,2023-04-22 14:00:00,Brentford,Aston Villa,1,1,2.03162,1.66602,0.4558,0.2414,0.3028,2022
18516,2023-04-22 14:00:00,Crystal Palace,Everton,0,0,0.368137,0.433712,0.2205,0.5156,0.2639,2022
18518,2023-04-22 14:00:00,Leicester,Wolverhampton Wanderers,2,1,2.66929,0.59626,0.8827,0.0886,0.0287,2022
18519,2023-04-22 14:00:00,Liverpool,Nottingham Forest,3,2,3.32745,0.724666,0.9207,0.0591,0.0202,2022
18513,2023-04-23 13:00:00,Bournemouth,West Ham,0,4,0.974687,2.52322,0.0926,0.159,0.7484,2022
18521,2023-04-23 13:00:00,Newcastle United,Tottenham,6,1,3.98532,0.883001,0.9289,0.0521,0.019,2022
18527,2023-04-25 18:30:00,Wolverhampton Wanderers,Crystal Palace,2,0,1.12829,0.580294,0.5456,0.3095,0.1449,2022
18528,2023-04-25 18:45:00,Aston Villa,Fulham,1,0,0.839159,0.079864,0.546,0.4254,0.0286,2022
18523,2023-04-25 19:00:00,Leeds,Leicester,1,1,2.09645,2.08594,0.3848,0.2356,0.3796,2022
18524,2023-04-26 18:30:00,Nottingham Forest,Brighton,3,1,2.43846,2.33064,0.4038,0.247,0.3492,2022
18526,2023-04-26 18:45:00,West Ham,Liverpool,1,2,0.939348,1.7045,0.1609,0.2635,0.5756,2022
18529,2023-04-26 18:45:00,Chelsea,Brentford,0,2,1.21124,0.695344,0.5025,0.305,0.1925,2022
18531,2023-04-26 19:00:00,Manchester City,Arsenal,4,1,2.01168,0.398372,0.7958,0.1569,0.0473,2022
18522,2023-04-27 18:45:00,Everton,Newcastle United,1,4,0.777008,2.86368,0.0286,0.0922,0.8792,2022
18530,2023-04-27 18:45:00,Southampton,Bournemouth,0,1,0.477034,0.988554,0.1707,0.3469,0.4824,2022
18525,2023-04-27 19:15:00,Tottenham,Manchester United,2,2,2.37239,1.96508,0.4766,0.2343,0.2891,2022
18536,2023-04-29 11:30:00,Crystal Palace,West Ham,4,3,2.31888,1.98262,0.4401,0.2774,0.2825,2022
18534,2023-04-29 14:00:00,Brentford,Nottingham Forest,2,1,1.32059,0.939693,0.4482,0.3423,0.2095,2022
18535,2023-04-29 14:00:00,Brighton,Wolverhampton Wanderers,6,0,3.60471,0.603985,0.9381,0.0461,0.0158,2022
18533,2023-04-30 13:00:00,Bournemouth,Leeds,4,1,2.51723,1.33691,0.6689,0.1998,0.1313,2022
18537,2023-04-30 13:00:00,Fulham,Manchester City,1,2,0.431813,2.32338,0.0184,0.0981,0.8835,2022
18540,2023-04-30 13:00:00,Manchester United,Aston Villa,1,0,1.3056,0.434738,0.6111,0.282,0.1069,2022
18541,2023-04-30 13:00:00,Newcastle United,Southampton,3,1,3.91457,0.897175,0.9711,0.0256,0.0033,2022
18539,2023-04-30 15:30:00,Liverpool,Tottenham,4,3,2.42911,1.44927,0.6313,0.205,0.1637,2022
18538,2023-05-01 19:00:00,Leicester,Everton,2,2,3.32486,3.28648,0.3878,0.2549,0.3573,2022
18532,2023-05-02 19:00:00,Arsenal,Chelsea,3,1,2.7832,0.785202,0.8352,0.1143,0.0505,2022
18477,2023-05-03 19:00:00,Liverpool,Fulham,1,0,1.67372,0.740125,0.641,0.2473,0.1117,2022
18478,2023-05-03 19:00:00,Manchester City,West Ham,3,0,2.99908,0.492075,0.9124,0.0699,0.0177,2022
18475,2023-05-04 19:00:00,Brighton,Manchester United,1,0,2.09953,1.32105,0.5709,0.2314,0.1977,2022
18542,2023-05-06 14:00:00,Bournemouth,Chelsea,1,3,1.21755,1.76852,0.2269,0.2578,0.5153,2022
18546,2023-05-06 14:00:00,Manchester City,Leeds,2,1,2.83472,0.140924,0.9595,0.0363,0.0042,2022
18549,2023-05-06 14:00:00,Tottenham,Crystal Palace,1,0,1.15665,0.306669,0.6238,0.2913,0.0849,2022
18551,2023-05-06 14:00:00,Wolverhampton Wanderers,Aston Villa,1,0,0.80605,1.50158,0.1767,0.2772,0.5461,2022
18545,2023-05-06 16:30:00,Liverpool,Brentford,1,0,1.992,0.183892,0.9264,0.066,0.0076,2022
18547,2023-05-07 15:30:00,Newcastle United,Arsenal,0,2,1.37224,1.29061,0.3739,0.2886,0.3375,2022
18550,2023-05-07 18:00:00,West Ham,Manchester United,1,0,1.76618,1.1942,0.531,0.2501,0.2189,2022
18544,2023-05-08 14:00:00,Fulham,Leicester,5,3,1.75276,2.92566,0.1436,0.1852,0.6712,2022
18543,2023-05-08 16:30:00,Brighton,Everton,1,5,3.23717,2.94223,0.4391,0.232,0.3289,2022
18548,2023-05-08 19:00:00,Nottingham Forest,Southampton,4,3,1.91326,3.31096,0.1255,0.1743,0.7002,2022
18558,2023-05-13 11:30:00,Leeds,Newcastle United,2,2,2.01567,2.35118,0.2582,0.3062,0.4356,2022
18553,2023-05-13 14:00:00,Aston Villa,Tottenham,2,1,1.79987,1.18505,0.5362,0.281,0.1828,2022
18555,2023-05-13 14:00:00,Chelsea,Nottingham Forest,2,2,0.999181,1.96797,0.1474,0.2098,0.6428,2022
18556,2023-05-13 14:00:00,Crystal Palace,Bournemouth,2,0,1.40237,0.262022,0.7151,0.2341,0.0508,2022
18560,2023-05-13 14:00:00,Manchester United,Wolverhampton Wanderers,2,0,3.10118,0.268789,0.9466,0.0458,0.0076,2022
18561,2023-05-13 14:00:00,Southampton,Fulham,0,2,0.149649,1.27085,0.0341,0.2317,0.7342,2022
18554,2023-05-14 13:00:00,Brentford,West Ham,2,0,4.42571,0.203312,0.9953,0.0042,0.0005,2022
18557,2023-05-14 13:00:00,Everton,Manchester City,0,3,1.18597,1.04338,0.3704,0.3466,0.283,2022
18552,2023-05-14 15:30:00,Arsenal,Brighton,0,3,0.958651,2.21276,0.1098,0.1901,0.7001,2022
18559,2023-05-15 19:00:00,Leicester,Liverpool,0,3,0.527496,1.77085,0.081,0.21,0.709,2022
18449,2023-05-18 18:30:00,Newcastle United,Brighton,4,1,4.11359,0.593493,0.9688,0.0256,0.0056,2022
18569,2023-05-20 11:30:00,Tottenham,Brentford,1,3,1.61667,1.15344,0.4731,0.2743,0.2526,2022
18562,2023-05-20 14:00:00,Bournemouth,Manchester United,0,1,0.815723,1.71783,0.1472,0.2468,0.606,2022
18564,2023-05-20 14:00:00,Fulham,Crystal Palace,2,2,1.95519,1.70785,0.4194,0.3021,0.2785,2022
18565,2023-05-20 14:00:00,Liverpool,Aston Villa,1,1,0.918508,1.46948,0.1667,0.311,0.5223,2022
18571,2023-05-20 14:00:00,Wolverhampton Wanderers,Everton,1,1,1.28976,2.46976,0.1332,0.1917,0.6751,2022
18568,2023-05-20 16:30:00,Nottingham Forest,Arsenal,1,0,1.1397,0.4902,0.5664,0.3,0.1336,2022
18570,2023-05-21 12:30:00,West Ham,Leeds,3,1,2.48001,0.645828,0.8262,0.1234,0.0504,2022
18563,2023-05-21 13:00:00,Brighton,Southampton,3,1,2.41418,0.863659,0.7403,0.1748,0.0849,2022
18566,2023-05-21 15:00:00,Manchester City,Chelsea,1,0,1.20557,1.15648,0.3649,0.2926,0.3425,2022
18567,2023-05-22 19:00:00,Newcastle United,Leicester,0,0,2.05089,0.0839072,0.896,0.0971,0.0069,2022
18515,2023-05-24 19:00:00,Brighton,Manchester City,1,1,2.11486,1.92973,0.4155,0.2416,0.3429,2022
18520,2023-05-25 19:00:00,Manchester United,Chelsea,4,1,4.92231,1.68364,0.9468,0.0385,0.0147,2022
18572,2023-05-28 15:30:00,Arsenal,Wolverhampton Wanderers,5,0,3.02466,0.38772,0.9405,0.0479,0.0116,2022
18573,2023-05-28 15:30:00,Aston Villa,Brighton,2,1,2.55845,1.23117,0.7151,0.18,0.1049,2022
18574,2023-05-28 15:30:00,Brentford,Manchester City,1,0,1.43893,1.18649,0.4392,0.2769,0.2839,2022
18575,2023-05-28 15:30:00,Chelsea,Newcastle United,1,1,2.01924,1.51899,0.4891,0.2383,0.2726,2022
18576,2023-05-28 15:30:00,Crystal Palace,Nottingham Forest,1,1,1.00786,0.436439,0.4983,0.3449,0.1568,2022
18577,2023-05-28 15:30:00,Everton,Bournemouth,1,0,1.12933,0.432084,0.571,0.303,0.126,2022
18578,2023-05-28 15:30:00,Leeds,Tottenham,1,4,1.19151,2.03315,0.1833,0.2159,0.6008,2022
18579,2023-05-28 15:30:00,Leicester,West Ham,2,1,2.03013,0.970352,0.6472,0.2106,0.1422,2022
18580,2023-05-28 15:30:00,Manchester United,Fulham,2,1,2.74766,1.88167,0.5742,0.2159,0.2099,2022
18581,2023-05-28 15:30:00,Southampton,Liverpool,4,4,1.33964,4.00345,0.0397,0.0762,0.8841,2022
22275,2023-08-11 19:00:00,Burnley,Manchester City,0,3,0.311032,2.40074,0.0177,0.0854,0.8969,2023
22276,2023-08-12 11:30:00,Arsenal,Nottingham Forest,2,1,0.84262,0.966305,0.2797,0.3363,0.384,2023
22277,2023-08-12 14:00:00,Bournemouth,West Ham,1,1,1.51025,1.4834,0.3559,0.3169,0.3272,2023
22278,2023-08-12 14:00:00,Brighton,Luton,4,1,4.36748,1.88594,0.879,0.0876,0.0334,2023
22279,2023-08-12 14:00:00,Everton,Fulham,0,1,2.59001,1.58144,0.6371,0.1989,0.164,2023
22280,2023-08-12 14:00:00,Sheffield United,Crystal Palace,0,1,0.422704,2.27616,0.0358,0.1179,0.8463,2023
22281,2023-08-12 16:30:00,Newcastle United,Aston Villa,5,1,4.32208,1.486,0.8987,0.0665,0.0348,2023
22282,2023-08-13 13:00:00,Brentford,Tottenham,2,2,1.90756,1.45316,0.4985,0.2608,0.2407,2023
22283,2023-08-13 15:30:00,Chelsea,Liverpool,1,1,1.93258,1.29994,0.5323,0.2472,0.2205,2023
22284,2023-08-14 19:00:00,Manchester United,Wolverhampton Wanderers,1,0,1.97087,1.72228,0.4419,0.2505,0.3076,2023
22285,2023-08-18 18:45:00,Nottingham Forest,Sheffield United,2,1,1.37181,0.551038,0.5965,0.2786,0.1249,2023
22286,2023-08-19 14:00:00,Wolverhampton Wanderers,Brighton,1,4,2.68821,3.15562,0.3046,0.2057,0.4897,2023
22287,2023-08-19 14:00:00,Fulham,Brentford,0,3,0.399899,3.46888,0.005,0.0284,0.9666,2023
22288,2023-08-19 14:00:00,Liverpool,Bournemouth,3,1,3.25448,1.3867,0.8032,0.1308,0.066,2023
22290,2023-08-19 16:30:00,Tottenham,Manchester United,2,0,2.53904,2.44604,0.4211,0.2102,0.3687,2023
22291,2023-08-19 19:00:00,Manchester City,Newcastle United,1,0,1.22528,0.257154,0.6449,0.2857,0.0694,2023
22292,2023-08-20 13:00:00,Aston Villa,Everton,4,0,3.24336,0.721465,0.9138,0.0655,0.0207,2023
22293,2023-08-20 15:30:00,West Ham,Chelsea,3,1,1.71234,1.60916,0.3947,0.2905,0.3148,2023
22294,2023-08-21 19:00:00,Crystal Palace,Arsenal,0,1,1.06916,2.20593,0.1279,0.1973,0.6748,2023
22295,2023-08-25 19:00:00,Chelsea,Luton,3,0,3.41419,0.465741,0.9422,0.0473,0.0105,2023
22296,2023-08-26 11:30:00,Bournemouth,Tottenham,0,2,0.483582,2.26115,0.0438,0.129,0.8272,2023
22297,2023-08-26 14:00:00,Arsenal,Fulham,2,2,3.23088,0.849817,0.8911,0.0845,0.0244,2023
22298,2023-08-26 14:00:00,Brentford,Crystal Palace,1,1,0.948011,1.06061,0.3083,0.3264,0.3653,2023
22299,2023-08-26 14:00:00,Everton,Wolverhampton Wanderers,0,1,1.89792,1.40228,0.4943,0.2476,0.2581,2023
22300,2023-08-26 14:00:00,Manchester United,Nottingham Forest,3,2,3.02803,0.960354,0.861,0.1027,0.0363,2023
22301,2023-08-26 16:30:00,Brighton,West Ham,1,3,1.3743,2.9527,0.0988,0.1413,0.7599,2023
22302,2023-08-27 13:00:00,Burnley,Aston Villa,1,3,0.630605,2.83691,0.0221,0.0821,0.8958,2023
22303,2023-08-27 13:00:00,Sheffield United,Manchester City,1,2,0.762232,3.84804,0.0099,0.0443,0.9458,2023
22304,2023-08-27 15:30:00,Newcastle United,Liverpool,1,2,1.62037,0.856121,0.5588,0.2581,0.1831,2023
21925,2023-09-01 19:00:00,Luton,West Ham,1,2,2.02244,1.22528,0.5814,0.2473,0.1713,2023
21926,2023-09-02 11:30:00,Sheffield United,Everton,2,2,1.575,2.73871,0.1261,0.2031,0.6708,2023
21927,2023-09-02 14:00:00,Manchester City,Fulham,5,1,2.00152,1.46427,0.523,0.3082,0.1688,2023
21928,2023-09-02 14:00:00,Brentford,Bournemouth,2,2,3.07185,2.11013,0.5993,0.2049,0.1958,2023
21929,2023-09-02 14:00:00,Burnley,Tottenham,2,5,1.66604,2.39785,0.2232,0.2163,0.5605,2023
21930,2023-09-02 14:00:00,Chelsea,Nottingham Forest,0,1,2.28442,1.1505,0.6607,0.2127,0.1266,2023
21931,2023-09-02 16:30:00,Brighton,Newcastle United,3,1,1.32258,0.90476,0.4762,0.3005,0.2233,2023
21932,2023-09-03 13:00:00,Crystal Palace,Wolverhampton Wanderers,3,2,2.32935,1.13911,0.6847,0.1878,0.1275,2023
21933,2023-09-03 13:00:00,Liverpool,Aston Villa,3,0,2.73138,0.615503,0.8684,0.0998,0.0318,2023
21934,2023-09-03 15:30:00,Arsenal,Manchester United,3,1,1.90973,0.966109,0.629,0.2273,0.1437,2023
21935,2023-09-16 11:30:00,Wolverhampton Wanderers,Liverpool,1,3,0.538833,2.82701,0.0189,0.0705,0.9106,2023
21936,2023-09-16 14:00:00,Tottenham,Sheffield United,2,1,2.15909,0.790655,0.7114,0.187,0.1016,2023
21937,2023-09-16 14:00:00,West Ham,Manchester City,1,3,0.895632,4.15046,0.0123,0.0352,0.9525,2023
21938,2023-09-16 14:00:00,Aston Villa,Crystal Palace,3,1,2.31518,1.11696,0.6875,0.201,0.1115,2023
21939,2023-09-16 14:00:00,Fulham,Luton,1,0,1.75704,1.45705,0.4351,0.2865,0.2784,2023
21940,2023-09-16 14:00:00,Manchester United,Brighton,1,3,0.719951,1.93908,0.1055,0.1835,0.711,2023
21943,2023-09-16 16:30:00,Newcastle United,Brentford,1,0,1.50126,0.633678,0.647,0.2452,0.1078,2023
21942,2023-09-17 13:00:00,Bournemouth,Chelsea,0,0,1.32515,1.39677,0.348,0.2784,0.3736,2023
21941,2023-09-17 15:30:00,Everton,Arsenal,0,1,0.28317,0.802605,0.112,0.414,0.474,2023
21944,2023-09-18 18:45:00,Nottingham Forest,Burnley,1,1,0.705795,0.807651,0.2724,0.3669,0.3607,2023
21945,2023-09-23 14:00:00,Luton,Wolverhampton Wanderers,1,1,2.24101,0.762984,0.7771,0.1815,0.0414,2023
21946,2023-09-23 14:00:00,Manchester City,Nottingham Forest,2,0,1.33984,0.729109,0.5453,0.2792,0.1755,2023
21948,2023-09-23 14:00:00,Crystal Palace,Fulham,0,0,0.37236,0.542678,0.1986,0.488,0.3134,2023
21949,2023-09-23 16:30:00,Brentford,Everton,1,3,1.57402,2.51497,0.1704,0.2246,0.605,2023
21950,2023-09-23 19:00:00,Burnley,Manchester United,0,1,0.935444,0.840273,0.3571,0.3448,0.2981,2023
21947,2023-09-24 13:00:00,Chelsea,Aston Villa,0,1,1.19716,1.13479,0.3746,0.2965,0.3289,2023
21951,2023-09-24 13:00:00,Brighton,Bournemouth,3,1,2.14533,1.58984,0.5233,0.2401,0.2366,2023
21952,2023-09-24 13:00:00,Arsenal,Tottenham,2,2,2.3429,2.21166,0.417,0.2392,0.3438,2023
21953,2023-09-24 13:00:00,Liverpool,West Ham,3,1,4.14262,1.53878,0.882,0.0793,0.0387,2023
21954,2023-09-24 15:30:00,Sheffield United,Newcastle United,0,8,0.579392,5.1082,0.0032,0.0084,0.9884,2023
21955,2023-09-30 11:30:00,Aston Villa,Brighton,6,1,1.90746,1.72819,0.4133,0.2584,0.3283,2023
21956,2023-09-30 14:00:00,Everton,Luton,1,2,3.65377,1.5102,0.85,0.1072,0.0428,2023
21957,2023-09-30 14:00:00,Manchester United,Crystal Palace,0,1,1.55408,1.19015,0.4561,0.2712,0.2727,2023
21958,2023-09-30 14:00:00,Newcastle United,Burnley,2,0,3.08516,0.801849,0.8934,0.0819,0.0247,2023
21959,2023-09-30 14:00:00,Bournemouth,Arsenal,0,4,0.644443,4.0742,0.0052,0.0212,0.9736,2023
21960,2023-09-30 14:00:00,West Ham,Sheffield United,2,0,3.19753,0.911997,0.8683,0.0908,0.0409,2023
21961,2023-09-30 14:00:00,Wolverhampton Wanderers,Manchester City,2,1,0.673985,0.98075,0.2467,0.3543,0.399,2023
21962,2023-09-30 16:30:00,Tottenham,Liverpool,2,1,2.18823,1.12299,0.6518,0.2076,0.1406,2023
21963,2023-10-01 13:00:00,Nottingham Forest,Brentford,1,1,0.800317,1.75862,0.1472,0.2359,0.6169,2023
21964,2023-10-02 19:00:00,Fulham,Chelsea,0,2,0.889383,1.98461,0.1096,0.2252,0.6652,2023
22289,2023-10-03 18:30:00,Luton,Burnley,1,2,1.53058,0.920206,0.5256,0.2762,0.1982,2023
21971,2023-10-07 11:30:00,Luton,Tottenham,0,1,0.848118,2.37947,0.0838,0.1565,0.7597,2023
21967,2023-10-07 14:00:00,Burnley,Chelsea,1,4,0.956642,1.97566,0.1114,0.2281,0.6605,2023
21969,2023-10-07 14:00:00,Everton,Bournemouth,3,0,3.16482,0.981732,0.8722,0.0938,0.034,2023
21970,2023-10-07 14:00:00,Fulham,Sheffield United,3,1,2.26612,0.251809,0.8781,0.1012,0.0207,2023
21972,2023-10-07 14:00:00,Manchester United,Brentford,2,1,1.29356,1.02509,0.4271,0.2936,0.2793,2023
21968,2023-10-07 16:30:00,Crystal Palace,Nottingham Forest,0,0,0.982452,1.22105,0.282,0.3104,0.4076,2023
21966,2023-10-08 13:00:00,Brighton,Liverpool,2,2,2.23187,2.51029,0.316,0.236,0.448,2023
21973,2023-10-08 13:00:00,West Ham,Newcastle United,2,2,0.931345,1.97865,0.0927,0.2316,0.6757,2023
21974,2023-10-08 13:00:00,Wolverhampton Wanderers,Aston Villa,1,1,1.76232,1.81618,0.3672,0.2589,0.3739,2023
21965,2023-10-08 15:30:00,Arsenal,Manchester City,1,0,0.386558,0.858071,0.1372,0.3669,0.4959,2023
21979,2023-10-21 11:30:00,Liverpool,Everton,2,0,2.28568,0.0937725,0.9342,0.0613,0.0045,2023
21975,2023-10-21 14:00:00,Bournemouth,Wolverhampton Wanderers,1,2,1.01839,2.30454,0.102,0.2,0.698,2023
21977,2023-10-21 14:00:00,Brentford,Burnley,3,0,3.15685,0.693129,0.9067,0.0745,0.0188,2023
21980,2023-10-21 14:00:00,Manchester City,Brighton,2,1,0.962509,0.963733,0.3367,0.3286,0.3347,2023
21981,2023-10-21 14:00:00,Newcastle United,Crystal Palace,4,0,3.73336,1.08795,0.9023,0.0693,0.0284,2023
21982,2023-10-21 14:00:00,Nottingham Forest,Luton,2,2,3.27549,1.49555,0.7817,0.1325,0.0858,2023
21978,2023-10-21 16:30:00,Chelsea,Arsenal,2,2,1.71838,1.05791,0.5596,0.2612,0.1792,2023
21983,2023-10-21 19:00:00,Sheffield United,Manchester United,1,2,1.41074,1.46187,0.3358,0.3137,0.3505,2023
21976,2023-10-22 15:30:00,Aston Villa,West Ham,4,1,2.34143,0.659622,0.814,0.1326,0.0534,2023
21984,2023-10-23 19:00:00,Tottenham,Fulham,2,0,1.63523,0.745838,0.6093,0.2524,0.1383,2023
21990,2023-10-27 19:00:00,Crystal Palace,Tottenham,1,2,0.561834,0.989103,0.1774,0.342,0.4806,2023
21989,2023-10-28 11:30:00,Chelsea,Brentford,0,2,1.71801,2.48137,0.2146,0.2109,0.5745,2023
21985,2023-10-28 14:00:00,Bournemouth,Burnley,2,1,1.10052,0.90255,0.3721,0.3582,0.2697,2023
21986,2023-10-28 14:00:00,Arsenal,Sheffield United,5,0,3.03496,0.0281554,0.9842,0.0156,0.0002,2023
21994,2023-10-28 16:30:00,Wolverhampton Wanderers,Newcastle United,2,2,0.863393,2.31987,0.0639,0.1559,0.7802,2023
21993,2023-10-29 13:00:00,West Ham,Everton,0,1,0.618578,0.733813,0.2689,0.3788,0.3523,2023
21987,2023-10-29 14:00:00,Aston Villa,Luton,3,1,3.07654,0.453117,0.9407,0.0493,0.01,2023
21988,2023-10-29 14:00:00,Brighton,Fulham,1,1,1.31996,0.552523,0.5703,0.2799,0.1498,2023
21991,2023-10-29 14:00:00,Liverpool,Nottingham Forest,3,0,2.70428,0.642014,0.8733,0.0954,0.0313,2023
21992,2023-10-29 15:30:00,Manchester United,Manchester City,0,3,0.714628,4.54595,0.0029,0.0138,0.9833,2023
21998,2023-11-04 12:30:00,Fulham,Manchester United,0,1,1.18241,0.697095,0.4803,0.3166,0.2031,2023
21995,2023-11-04 15:00:00,Brentford,West Ham,3,2,1.82944,1.75505,0.363,0.2981,0.3389,2023
21996,2023-11-04 15:00:00,Burnley,Crystal Palace,0,2,1.4998,1.43653,0.3571,0.3072,0.3357,2023
21997,2023-11-04 15:00:00,Everton,Brighton,1,1,0.617607,0.442489,0.3494,0.4439,0.2067,2023
22000,2023-11-04 15:00:00,Manchester City,Bournemouth,6,1,2.39949,0.643127,0.7963,0.1463,0.0574,2023
22003,2023-11-04 15:00:00,Sheffield United,Wolverhampton Wanderers,2,1,1.10165,1.14803,0.3009,0.3733,0.3258,2023
22001,2023-11-04 17:30:00,Newcastle United,Arsenal,1,0,1.12355,0.535473,0.577,0.3043,0.1187,2023
22002,2023-11-05 14:00:00,Nottingham Forest,Aston Villa,2,0,0.592447,1.33116,0.1456,0.2983,0.5561,2023
21999,2023-11-05 16:30:00,Luton,Liverpool,1,1,1.3411,3.03925,0.0721,0.1522,0.7757,2023
22004,2023-11-06 20:00:00,Tottenham,Chelsea,1,4,0.959108,4.05865,0.0094,0.0329,0.9577,2023
22014,2023-11-11 12:30:00,Wolverhampton Wanderers,Tottenham,2,1,1.90884,0.432315,0.7738,0.1722,0.054,2023
22006,2023-11-11 15:00:00,Arsenal,Burnley,3,1,2.63194,0.327706,0.9544,0.0415,0.0041,2023
22010,2023-11-11 15:00:00,Crystal Palace,Everton,2,3,1.89194,1.7904,0.3803,0.2887,0.331,2023
22012,2023-11-11 15:00:00,Manchester United,Luton,1,0,2.74105,0.408265,0.9169,0.0661,0.017,2023
22005,2023-11-11 17:30:00,Bournemouth,Newcastle United,2,0,2.78424,0.306141,0.9374,0.0517,0.0109,2023
22007,2023-11-12 14:00:00,Aston Villa,Fulham,3,1,2.86039,0.648745,0.9227,0.0642,0.0131,2023
22008,2023-11-12 14:00:00,Brighton,Sheffield United,1,1,1.08601,0.84434,0.4067,0.3328,0.2605,2023
22011,2023-11-12 14:00:00,Liverpool,Brentford,3,0,1.56004,1.44954,0.3975,0.264,0.3385,2023
22013,2023-11-12 14:00:00,West Ham,Nottingham Forest,3,2,2.06402,1.42128,0.5298,0.2455,0.2247,2023
22009,2023-11-12 16:30:00,Chelsea,Manchester City,4,4,3.47238,3.19324,0.455,0.2211,0.3239,2023
22020,2023-11-25 12:30:00,Manchester City,Liverpool,1,1,1.79622,0.766278,0.6472,0.2244,0.1284,2023
22016,2023-11-25 15:00:00,Burnley,West Ham,1,2,1.44228,1.36963,0.3708,0.308,0.3212,2023
22019,2023-11-25 15:00:00,Luton,Crystal Palace,2,1,0.996153,1.83546,0.1537,0.2577,0.5886,2023
22021,2023-11-25 15:00:00,Newcastle United,Chelsea,4,1,2.15227,0.968061,0.6848,0.1926,0.1226,2023
22022,2023-11-25 15:00:00,Nottingham Forest,Brighton,2,3,2.22655,1.21792,0.6382,0.2258,0.136,2023
22023,2023-11-25 15:00:00,Sheffield United,Bournemouth,1,3,0.816227,3.13975,0.0405,0.095,0.8645,2023
22015,2023-11-25 17:30:00,Brentford,Arsenal,0,1,1.66315,1.82699,0.3338,0.274,0.3922,2023
22024,2023-11-26 14:00:00,Tottenham,Aston Villa,1,2,2.22542,2.39755,0.3333,0.2488,0.4179,2023
22017,2023-11-26 16:30:00,Everton,Manchester United,0,3,2.49764,2.07334,0.4626,0.2624,0.275,2023
22018,2023-11-27 20:00:00,Fulham,Wolverhampton Wanderers,3,2,2.49057,1.57875,0.6313,0.2309,0.1378,2023
22026,2023-12-02 15:00:00,Arsenal,Wolverhampton Wanderers,2,1,3.30368,1.07886,0.8622,0.0986,0.0392,2023
22027,2023-12-02 15:00:00,Brentford,Luton,3,1,3.25952,0.227176,0.9661,0.0298,0.0041,2023
22028,2023-12-02 15:00:00,Burnley,Sheffield United,5,0,2.60469,0.618131,0.8499,0.1154,0.0347,2023
22033,2023-12-02 17:30:00,Nottingham Forest,Everton,0,1,0.673085,0.623789,0.3119,0.4027,0.2854,2023
22032,2023-12-02 20:00:00,Newcastle United,Manchester United,1,0,2.90191,0.422674,0.9224,0.0633,0.0143,2023
22025,2023-12-03 14:00:00,Bournemouth,Aston Villa,2,2,2.54937,0.89511,0.7928,0.144,0.0632,2023
22029,2023-12-03 14:00:00,Chelsea,Brighton,3,2,1.66304,0.855058,0.6179,0.2445,0.1376,2023
22030,2023-12-03 14:00:00,Liverpool,Fulham,4,3,2.72831,1.51005,0.6648,0.1927,0.1425,2023
22034,2023-12-03 14:00:00,West Ham,Crystal Palace,1,1,1.1466,0.987682,0.3755,0.3287,0.2958,2023
22031,2023-12-03 16:30:00,Manchester City,Tottenham,3,3,2.90729,0.433077,0.9091,0.0719,0.019,2023
22042,2023-12-05 19:30:00,Wolverhampton Wanderers,Burnley,1,0,1.11886,0.781542,0.4371,0.34,0.2229,2023
22039,2023-12-05 20:15:00,Luton,Arsenal,3,4,0.526254,2.58815,0.0299,0.1032,0.8669,2023
22036,2023-12-06 19:30:00,Brighton,Brentford,2,1,1.54099,1.22007,0.4263,0.3121,0.2616,2023
22038,2023-12-06 19:30:00,Fulham,Nottingham Forest,5,0,3.09427,0.218659,0.9769,0.0204,0.0027,2023
22040,2023-12-06 19:30:00,Sheffield United,Liverpool,0,2,0.834172,1.80116,0.1397,0.234,0.6263,2023
22043,2023-12-06 19:30:00,Crystal Palace,Bournemouth,0,2,1.26441,1.79997,0.2221,0.2553,0.5226,2023
22035,2023-12-06 20:15:00,Aston Villa,Manchester City,1,0,2.1922,1.00198,0.6881,0.2247,0.0872,2023
22044,2023-12-06 20:15:00,Manchester United,Chelsea,2,1,4.03949,2.3512,0.7338,0.1466,0.1196,2023
22037,2023-12-07 19:30:00,Everton,Newcastle United,3,0,2.95393,1.29564,0.7544,0.1534,0.0922,2023
22041,2023-12-07 20:15:00,Tottenham,West Ham,1,2,1.61268,1.7409,0.3319,0.2535,0.4146,2023
22047,2023-12-09 12:30:00,Crystal Palace,Liverpool,1,2,1.79152,1.3708,0.4846,0.276,0.2394,2023
22046,2023-12-09 15:00:00,Brighton,Burnley,1,1,2.96247,1.05162,0.8189,0.1267,0.0544,2023
22051,2023-12-09 15:00:00,Manchester United,Bournemouth,0,3,1.11296,1.9742,0.1539,0.2242,0.6219,2023
22052,2023-12-09 15:00:00,Sheffield United,Brentford,1,0,0.841976,0.644638,0.3909,0.3656,0.2435,2023
22054,2023-12-09 15:00:00,Wolverhampton Wanderers,Nottingham Forest,1,1,1.02199,1.21801,0.2745,0.3237,0.4018,2023
22045,2023-12-09 17:30:00,Aston Villa,Arsenal,1,0,0.628499,1.71667,0.0978,0.2163,0.6859,2023
22048,2023-12-10 14:00:00,Everton,Chelsea,2,0,1.11437,0.885512,0.4245,0.3286,0.2469,2023
22049,2023-12-10 14:00:00,Fulham,West Ham,5,0,2.1884,0.983,0.6859,0.1905,0.1236,2023
22050,2023-12-10 14:00:00,Luton,Manchester City,1,2,0.689037,2.23353,0.054,0.178,0.768,2023
22053,2023-12-10 16:30:00,Tottenham,Newcastle United,4,1,4.40118,1.61368,0.8961,0.0703,0.0336,2023
22063,2023-12-15 20:00:00,Nottingham Forest,Tottenham,0,2,1.70569,1.60738,0.3911,0.2583,0.3506,2023
22059,2023-12-16 15:00:00,Chelsea,Sheffield United,2,0,3.27322,0.44014,0.9605,0.0315,0.008,2023
22061,2023-12-16 15:00:00,Manchester City,Crystal Palace,2,2,2.41646,1.64977,0.5547,0.2489,0.1964,2023
22062,2023-12-16 15:00:00,Newcastle United,Fulham,3,0,4.27933,0.471042,0.99,0.0089,0.0011,2023
22058,2023-12-16 17:30:00,Burnley,Everton,0,2,0.811435,2.22305,0.082,0.1611,0.7569,2023
22056,2023-12-17 14:00:00,Arsenal,Brighton,2,0,2.76976,0.663054,0.8439,0.1165,0.0396,2023
22057,2023-12-17 14:00:00,Brentford,Aston Villa,1,2,0.796812,1.4664,0.1774,0.2816,0.541,2023
22064,2023-12-17 14:00:00,West Ham,Wolverhampton Wanderers,3,0,1.03828,0.556206,0.4864,0.3306,0.183,2023
22060,2023-12-17 16:30:00,Liverpool,Manchester United,0,0,1.97111,0.632715,0.7148,0.1924,0.0928,2023
22066,2023-12-21 20:00:00,Crystal Palace,Brighton,1,1,1.65409,1.33653,0.455,0.2631,0.2819,2023
22065,2023-12-22 20:00:00,Aston Villa,Sheffield United,1,1,1.21861,0.646159,0.5001,0.3312,0.1687,2023
22072,2023-12-23 12:30:00,West Ham,Manchester United,2,0,1.51468,0.730496,0.5925,0.2598,0.1477,2023
22067,2023-12-23 15:00:00,Fulham,Burnley,0,2,1.38096,0.41714,0.6363,0.2621,0.1016,2023
22069,2023-12-23 15:00:00,Luton,Newcastle United,1,0,1.81844,1.41488,0.4862,0.2508,0.263,2023
22070,2023-12-23 15:00:00,Nottingham Forest,Bournemouth,2,3,0.791806,1.89067,0.1303,0.2073,0.6624,2023
22071,2023-12-23 15:00:00,Tottenham,Everton,2,1,1.57527,1.98385,0.2879,0.2354,0.4767,2023
22068,2023-12-23 17:30:00,Liverpool,Arsenal,1,1,0.982901,0.851681,0.377,0.3338,0.2892,2023
22073,2023-12-24 13:00:00,Wolverhampton Wanderers,Chelsea,2,1,1.74626,1.75447,0.3603,0.2626,0.3771,2023
22083,2023-12-26 12:30:00,Newcastle United,Nottingham Forest,1,3,2.79106,3.1074,0.3064,0.2328,0.4608,2023
22075,2023-12-26 15:00:00,Bournemouth,Fulham,3,0,2.07911,0.324365,0.8555,0.1194,0.0251,2023
22084,2023-12-26 15:00:00,Sheffield United,Luton,2,3,3.61788,0.715575,0.9422,0.044,0.0138,2023
22079,2023-12-26 17:30:00,Burnley,Liverpool,0,2,0.972389,1.68451,0.1994,0.2625,0.5381,2023
22082,2023-12-26 20:00:00,Manchester United,Aston Villa,3,2,1.20104,1.83637,0.1985,0.2573,0.5442,2023
22077,2023-12-27 19:30:00,Brentford,Wolverhampton Wanderers,1,4,2.59347,1.89483,0.5428,0.2254,0.2318,2023
22080,2023-12-27 19:30:00,Chelsea,Crystal Palace,2,1,2.73005,0.958077,0.8078,0.135,0.0572,2023
22081,2023-12-27 20:15:00,Everton,Manchester City,1,3,1.23529,2.28321,0.1381,0.2182,0.6437,2023
22078,2023-12-28 19:30:00,Brighton,Tottenham,4,2,3.84702,2.06955,0.767,0.1299,0.1031,2023
22076,2023-12-28 20:15:00,Arsenal,West Ham,0,2,2.7884,1.59711,0.6535,0.2038,0.1427,2023
22089,2023-12-30 12:30:00,Luton,Chelsea,2,3,2.64093,1.57463,0.6595,0.2081,0.1324,2023
22085,2023-12-30 15:00:00,Aston Villa,Burnley,3,2,2.92587,1.11923,0.8066,0.131,0.0624,2023
22086,2023-12-30 15:00:00,Crystal Palace,Brentford,3,1,1.61057,1.28731,0.4365,0.2865,0.277,2023
22090,2023-12-30 15:00:00,Manchester City,Sheffield United,2,0,2.24229,0.263211,0.9141,0.0761,0.0098,2023
22094,2023-12-30 15:00:00,Wolverhampton Wanderers,Everton,3,0,2.64477,0.519641,0.916,0.0694,0.0146,2023
22091,2023-12-30 17:30:00,Nottingham Forest,Manchester United,2,1,0.744348,0.651905,0.3432,0.3817,0.2751,2023
22087,2023-12-31 14:00:00,Fulham,Arsenal,2,1,1.52829,1.6591,0.3212,0.286,0.3928,2023
22092,2023-12-31 14:00:00,Tottenham,Bournemouth,3,1,2.15027,1.58229,0.5177,0.2287,0.2536,2023
22088,2024-01-01 19:00:00,Liverpool,Newcastle United,4,2,6.67151,0.910974,0.9981,0.0015,0.0004,2023
22093,2024-01-02 18:30:00,West Ham,Brighton,0,0,0.9831,2.1552,0.1215,0.2187,0.6598,2023
22096,2024-01-12 19:45:00,Burnley,Luton,1,1,1.52023,0.965167,0.514,0.2735,0.2125,2023
22097,2024-01-13 12:30:00,Chelsea,Fulham,1,0,2.0456,0.697847,0.7466,0.1756,0.0778,2023
22100,2024-01-13 17:30:00,Newcastle United,Manchester City,2,3,1.23638,2.55452,0.1202,0.1796,0.7002,2023
22098,2024-01-14 14:00:00,Everton,Aston Villa,0,0,1.03664,1.3435,0.2719,0.3045,0.4236,2023
22099,2024-01-14 16:30:00,Manchester United,Tottenham,2,2,0.923233,1.31224,0.2351,0.3057,0.4592,2023
22103,2024-01-20 12:30:00,Arsenal,Crystal Palace,5,0,3.52167,0.288083,0.967,0.029,0.004,2023
22104,2024-01-20 17:30:00,Brentford,Nottingham Forest,3,2,1.94219,1.22251,0.5612,0.2428,0.196,2023
22101,2024-01-21 14:00:00,Sheffield United,West Ham,2,2,2.61362,2.4241,0.4271,0.2342,0.3387,2023
22102,2024-01-21 16:30:00,Bournemouth,Liverpool,0,4,0.834585,1.53344,0.1701,0.2667,0.5632,2023
22095,2024-01-22 19:45:00,Brighton,Wolverhampton Wanderers,0,0,1.3701,1.14116,0.3979,0.3324,0.2697,2023
22108,2024-01-30 19:30:00,Nottingham Forest,Arsenal,1,2,0.631618,1.39143,0.1572,0.2831,0.5597,2023
22106,2024-01-30 19:45:00,Fulham,Everton,0,0,2.37499,2.83317,0.308,0.2134,0.4786,2023
22107,2024-01-30 19:45:00,Luton,Brighton,4,0,3.63312,1.01366,0.9284,0.0547,0.0169,2023
22112,2024-01-30 20:00:00,Crystal Palace,Sheffield United,3,2,1.1601,0.768467,0.4684,0.3204,0.2112,2023
22105,2024-01-30 20:15:00,Aston Villa,Newcastle United,1,3,1.44485,3.3224,0.0747,0.1228,0.8025,2023
22109,2024-01-31 19:30:00,Tottenham,Brentford,3,2,3.36194,1.59637,0.7778,0.1393,0.0829,2023
22114,2024-01-31 19:30:00,Manchester City,Burnley,3,1,1.84756,1.49114,0.45,0.2838,0.2662,2023
22113,2024-01-31 20:15:00,Liverpool,Chelsea,4,1,3.6627,0.477972,0.9634,0.0301,0.0065,2023
22110,2024-02-01 19:30:00,West Ham,Bournemouth,1,1,1.3128,1.13487,0.4096,0.3213,0.2691,2023
22111,2024-02-01 20:15:00,Wolverhampton Wanderers,Manchester United,3,4,2.27609,3.22698,0.188,0.209,0.603,2023
22121,2024-02-03 12:30:00,Everton,Tottenham,2,2,3.25881,0.922371,0.9354,0.0526,0.012,2023
22118,2024-02-03 15:00:00,Brighton,Crystal Palace,4,1,1.92591,0.241137,0.8463,0.129,0.0247,2023
22119,2024-02-03 15:00:00,Burnley,Fulham,2,2,1.00428,1.28806,0.2812,0.293,0.4258,2023
22123,2024-02-03 15:00:00,Newcastle United,Luton,4,4,2.37353,2.67463,0.3138,0.2276,0.4586,2023
22124,2024-02-03 17:30:00,Sheffield United,Aston Villa,0,5,1.52784,2.99015,0.0949,0.1699,0.7352,2023
22115,2024-02-04 14:00:00,Bournemouth,Nottingham Forest,1,1,1.1895,0.456548,0.6339,0.2803,0.0858,2023
22120,2024-02-04 14:00:00,Chelsea,Wolverhampton Wanderers,2,4,2.35967,2.48996,0.3563,0.229,0.4147,2023
22122,2024-02-04 14:00:00,Manchester United,West Ham,3,0,0.96721,1.1807,0.2964,0.3006,0.403,2023
22116,2024-02-04 16:30:00,Arsenal,Liverpool,3,1,2.8526,0.542052,0.8894,0.0841,0.0265,2023
22117,2024-02-05 20:00:00,Brentford,Manchester City,1,3,0.865741,2.10785,0.1246,0.1938,0.6816,2023
22130,2024-02-10 12:30:00,Manchester City,Everton,2,0,1.58971,0.192072,0.7703,0.1961,0.0336,2023
22127,2024-02-10 15:00:00,Fulham,Bournemouth,3,1,1.7456,2.60612,0.2024,0.2217,0.5759,2023
22128,2024-02-10 15:00:00,Liverpool,Burnley,3,1,3.14734,1.11123,0.8055,0.1243,0.0702,2023
22129,2024-02-10 15:00:00,Luton,Sheffield United,1,3,1.76215,1.98283,0.2937,0.2842,0.4221,2023
22132,2024-02-10 15:00:00,Tottenham,Brighton,2,1,2.10928,1.49285,0.5182,0.2553,0.2265,2023
22134,2024-02-10 15:00:00,Wolverhampton Wanderers,Brentford,0,2,1.05781,1.84908,0.1694,0.2406,0.59,2023
22131,2024-02-10 17:30:00,Nottingham Forest,Newcastle United,2,3,0.968075,0.511375,0.4805,0.3509,0.1686,2023
22133,2024-02-11 14:00:00,West Ham,Arsenal,0,6,0.191065,3.99893,0.0014,0.0121,0.9865,2023
22125,2024-02-11 16:30:00,Aston Villa,Manchester United,1,2,2.64675,2.44591,0.4367,0.2256,0.3377,2023
22126,2024-02-12 20:00:00,Crystal Palace,Chelsea,1,3,0.719516,1.26948,0.1869,0.2941,0.519,2023
22135,2024-02-17 12:30:00,Brentford,Liverpool,1,4,1.69518,3.08952,0.13,0.1713,0.6987,2023
22136,2024-02-17 15:00:00,Burnley,Arsenal,0,5,0.335143,2.20575,0.0215,0.1051,0.8734,2023
22138,2024-02-17 15:00:00,Fulham,Aston Villa,1,2,1.41796,1.57297,0.3234,0.2655,0.4111,2023
22141,2024-02-17 15:00:00,Newcastle United,Bournemouth,2,2,2.38425,2.08098,0.4324,0.2915,0.2761,2023
22142,2024-02-17 15:00:00,Nottingham Forest,West Ham,2,0,2.66942,0.520016,0.8769,0.0916,0.0315,2023
22144,2024-02-17 15:00:00,Tottenham,Wolverhampton Wanderers,1,2,1.59768,1.77591,0.3182,0.2596,0.4222,2023
22140,2024-02-17 17:30:00,Manchester City,Chelsea,1,1,2.77713,1.82903,0.5909,0.1949,0.2142,2023
22143,2024-02-18 14:00:00,Sheffield United,Brighton,0,5,0.586214,3.35549,0.012,0.0482,0.9398,2023
22139,2024-02-18 16:30:00,Luton,Manchester United,1,2,1.57234,3.58973,0.0801,0.1195,0.8004,2023
22137,2024-02-19 20:00:00,Everton,Crystal Palace,1,1,2.44588,0.734685,0.8065,0.1381,0.0554,2023
22074,2024-02-20 18:30:00,Manchester City,Brentford,1,0,2.53766,0.503799,0.845,0.1154,0.0396,2023
22151,2024-02-21 15:00:00,Liverpool,Luton,4,1,3.70302,0.956512,0.8961,0.0729,0.031,2023
22147,2024-02-24 15:00:00,Aston Villa,Nottingham Forest,4,2,3.48861,2.25569,0.6676,0.188,0.1444,2023
22148,2024-02-24 15:00:00,Brighton,Everton,1,1,1.6538,0.286655,0.7466,0.2016,0.0518,2023
22150,2024-02-24 15:00:00,Crystal Palace,Burnley,3,0,2.41612,0.0760216,0.9557,0.042,0.0023,2023
22152,2024-02-24 15:00:00,Manchester United,Fulham,1,2,1.96036,1.1385,0.5948,0.2309,0.1743,2023
22145,2024-02-24 17:30:00,Bournemouth,Manchester City,0,1,0.925889,1.79636,0.1377,0.2393,0.623,2023
22146,2024-02-24 20:00:00,Arsenal,Newcastle United,4,1,2.59336,0.217373,0.933,0.0583,0.0087,2023
22154,2024-02-25 13:30:00,Wolverhampton Wanderers,Sheffield United,1,0,1.21618,0.654342,0.5154,0.3025,0.1821,2023
22153,2024-02-26 20:00:00,West Ham,Brentford,4,2,2.06873,1.33683,0.5759,0.2315,0.1926,2023
22155,2024-03-02 15:00:00,Brentford,Chelsea,2,2,2.4732,2.1523,0.4418,0.2411,0.3171,2023
22157,2024-03-02 15:00:00,Everton,West Ham,1,3,3.12075,2.17948,0.6041,0.2042,0.1917,2023
22158,2024-03-02 15:00:00,Fulham,Brighton,3,0,1.37604,1.15198,0.4214,0.2805,0.2981,2023
22161,2024-03-02 15:00:00,Newcastle United,Wolverhampton Wanderers,3,0,3.33495,0.507769,0.9528,0.0375,0.0097,2023
22162,2024-03-02 15:00:00,Nottingham Forest,Liverpool,0,1,0.971466,1.32259,0.267,0.2868,0.4462,2023
22164,2024-03-02 15:00:00,Tottenham,Crystal Palace,3,1,2.6625,0.277887,0.9285,0.0622,0.0093,2023
22159,2024-03-02 17:30:00,Luton,Aston Villa,2,3,2.43312,2.08586,0.4648,0.2474,0.2878,2023
22156,2024-03-03 13:00:00,Burnley,Bournemouth,0,2,1.60461,1.43616,0.4202,0.2635,0.3163,2023
22160,2024-03-03 15:30:00,Manchester City,Manchester United,3,1,2.64173,0.153764,0.9375,0.0569,0.0056,2023
22163,2024-03-04 20:00:00,Sheffield United,Arsenal,0,6,0.201374,2.47294,0.0132,0.089,0.8978,2023
22172,2024-03-09 12:30:00,Manchester United,Everton,2,0,2.9016,1.8214,0.6539,0.188,0.1581,2023
22165,2024-03-09 15:00:00,Bournemouth,Sheffield United,2,2,3.92657,1.91752,0.7827,0.1317,0.0856,2023
22170,2024-03-09 15:00:00,Crystal Palace,Luton,1,1,3.25103,1.08531,0.8485,0.1087,0.0428,2023
22174,2024-03-09 15:00:00,Wolverhampton Wanderers,Fulham,2,1,1.29589,2.94155,0.0956,0.1555,0.7489,2023
22166,2024-03-09 17:30:00,Arsenal,Brentford,2,1,1.59369,0.733239,0.5916,0.262,0.1464,2023
22167,2024-03-10 13:00:00,Aston Villa,Tottenham,0,4,1.23267,2.25381,0.1441,0.2079,0.648,2023
22168,2024-03-10 14:00:00,Brighton,Nottingham Forest,1,0,0.534518,0.687034,0.2326,0.4127,0.3547,2023
22173,2024-03-10 14:00:00,West Ham,Burnley,2,2,1.87414,0.88131,0.617,0.2337,0.1493,2023
22171,2024-03-10 15:45:00,Liverpool,Manchester City,1,1,2.25492,1.37289,0.5862,0.2435,0.1703,2023
22169,2024-03-11 20:00:00,Chelsea,Newcastle United,3,2,1.78315,0.568435,0.7549,0.1839,0.0612,2023
25861,2024-03-13 19:30:00,Bournemouth,Luton,4,3,2.84403,2.79419,0.3874,0.23,0.3826,2023
22177,2024-03-16 15:00:00,Burnley,Brentford,2,1,2.69776,1.25123,0.7332,0.1712,0.0956,2023
22181,2024-03-16 15:00:00,Luton,Nottingham Forest,1,1,0.853782,1.95268,0.1236,0.2202,0.6562,2023
22180,2024-03-16 17:30:00,Fulham,Tottenham,3,0,2.47234,2.14564,0.4497,0.2511,0.2992,2023
22183,2024-03-17 14:00:00,West Ham,Aston Villa,1,1,1.32829,0.911274,0.4612,0.3004,0.2384,2023
22191,2024-03-30 12:30:00,Newcastle United,West Ham,4,3,3.80922,0.994584,0.9141,0.0607,0.0252,2023
22185,2024-03-30 15:00:00,Bournemouth,Everton,2,1,1.39268,0.93378,0.4836,0.3187,0.1977,2023
22188,2024-03-30 15:00:00,Chelsea,Burnley,2,2,4.46643,2.10422,0.8334,0.0971,0.0695,2023
22192,2024-03-30 15:00:00,Nottingham Forest,Crystal Palace,1,1,0.784652,0.900972,0.2849,0.3583,0.3568,2023
22193,2024-03-30 15:00:00,Sheffield United,Fulham,3,3,1.78824,1.10254,0.5659,0.2465,0.1876,2023
22194,2024-03-30 15:00:00,Tottenham,Luton,2,1,2.46523,0.402402,0.8853,0.093,0.0217,2023
22186,2024-03-30 17:30:00,Aston Villa,Wolverhampton Wanderers,2,0,1.28271,1.66232,0.2681,0.2583,0.4736,2023
22187,2024-03-30 20:00:00,Brentford,Manchester United,1,1,3.16487,0.989565,0.8271,0.1192,0.0537,2023
22189,2024-03-31 14:00:00,Liverpool,Brighton,2,1,3.21149,0.43922,0.9248,0.06,0.0152,2023
22190,2024-03-31 16:30:00,Manchester City,Arsenal,0,0,1.22009,0.511402,0.5957,0.2805,0.1238,2023
22198,2024-04-02 18:30:00,Nottingham Forest,Fulham,3,1,1.94619,1.04304,0.6133,0.215,0.1717,2023
22202,2024-04-02 18:30:00,Newcastle United,Everton,1,1,2.65009,1.69834,0.6098,0.2173,0.1729,2023
22195,2024-04-02 18:45:00,Bournemouth,Crystal Palace,1,0,1.30969,0.174389,0.7183,0.2403,0.0414,2023
22197,2024-04-02 18:45:00,Burnley,Wolverhampton Wanderers,1,1,1.12581,1.01021,0.3791,0.3116,0.3093,2023
22199,2024-04-02 19:15:00,West Ham,Tottenham,1,1,1.47017,1.39423,0.3691,0.3037,0.3272,2023
22196,2024-04-03 18:30:00,Arsenal,Luton,2,0,1.14384,0.292082,0.6149,0.301,0.0841,2023
22200,2024-04-03 18:30:00,Brentford,Brighton,0,0,0.423299,1.22404,0.1184,0.2938,0.5878,2023
22204,2024-04-03 19:15:00,Manchester City,Aston Villa,4,1,3.87704,1.18643,0.8896,0.0723,0.0381,2023
22203,2024-04-04 18:30:00,Liverpool,Sheffield United,3,1,2.51772,0.720948,0.7969,0.151,0.0521,2023
22201,2024-04-04 19:15:00,Chelsea,Manchester United,4,3,3.48048,1.56686,0.7877,0.1251,0.0872,2023
22207,2024-04-06 11:30:00,Crystal Palace,Manchester City,2,4,1.49472,2.26381,0.211,0.2307,0.5583,2023
22205,2024-04-06 14:00:00,Aston Villa,Brentford,3,3,1.16333,1.42064,0.2673,0.2872,0.4455,2023
22208,2024-04-06 14:00:00,Everton,Burnley,1,0,0.659844,0.34699,0.3827,0.4499,0.1674,2023
22209,2024-04-06 14:00:00,Fulham,Newcastle United,0,1,0.834564,1.18012,0.2389,0.3084,0.4527,2023
22210,2024-04-06 14:00:00,Luton,Bournemouth,2,1,1.30478,0.616108,0.5559,0.2877,0.1564,2023
22214,2024-04-06 14:00:00,Wolverhampton Wanderers,West Ham,1,2,1.78341,1.14133,0.5558,0.2917,0.1525,2023
22206,2024-04-06 16:30:00,Brighton,Arsenal,0,3,0.428514,4.16518,0.004,0.0185,0.9775,2023
22211,2024-04-07 14:30:00,Manchester United,Liverpool,2,2,0.814509,4.43457,0.007,0.0309,0.9621,2023
22212,2024-04-07 16:30:00,Sheffield United,Chelsea,2,2,1.74265,0.521789,0.7207,0.2028,0.0765,2023
22213,2024-04-07 19:00:00,Tottenham,Nottingham Forest,3,1,1.61978,2.00122,0.2404,0.2793,0.4803,2023
22222,2024-04-13 11:30:00,Newcastle United,Tottenham,4,0,3.1483,0.737596,0.8841,0.0843,0.0316,2023
22217,2024-04-13 14:00:00,Brentford,Sheffield United,2,0,1.09071,0.834498,0.4097,0.3275,0.2628,2023
22218,2024-04-13 14:00:00,Burnley,Brighton,1,1,1.8522,0.889445,0.6483,0.2124,0.1393,2023
22221,2024-04-13 14:00:00,Manchester City,Luton,5,1,4.64245,0.809775,0.9687,0.0253,0.006,2023
22223,2024-04-13 14:00:00,Nottingham Forest,Wolverhampton Wanderers,2,2,1.76244,1.45688,0.4299,0.2841,0.286,2023
22215,2024-04-13 16:30:00,Bournemouth,Manchester United,2,2,2.38519,1.52274,0.5851,0.2409,0.174,2023
22220,2024-04-14 13:00:00,Liverpool,Crystal Palace,0,1,3.04497,2.12879,0.586,0.205,0.209,2023
22224,2024-04-14 13:00:00,West Ham,Fulham,0,2,1.45307,3.61413,0.0551,0.1047,0.8402,2023
22216,2024-04-14 15:30:00,Arsenal,Aston Villa,0,2,1.89003,0.929049,0.6312,0.2246,0.1442,2023
22219,2024-04-15 19:00:00,Chelsea,Everton,6,0,3.37093,1.21791,0.8957,0.0806,0.0237,2023
22230,2024-04-20 14:00:00,Luton,Brentford,1,5,0.497799,3.7809,0.0056,0.0305,0.9639,2023
22232,2024-04-20 14:00:00,Sheffield United,Burnley,1,4,1.97816,2.42338,0.2848,0.2176,0.4976,2023
22234,2024-04-20 18:30:00,Wolverhampton Wanderers,Arsenal,0,2,0.164516,1.66179,0.0263,0.1824,0.7913,2023
22228,2024-04-21 12:30:00,Everton,Nottingham Forest,2,0,0.473233,1.18916,0.1131,0.289,0.5979,2023
22225,2024-04-21 14:00:00,Aston Villa,Bournemouth,3,1,2.62687,2.05211,0.5185,0.2532,0.2283,2023
22227,2024-04-21 14:00:00,Crystal Palace,West Ham,5,2,3.7185,1.34536,0.8772,0.0909,0.0319,2023
22229,2024-04-21 15:30:00,Fulham,Liverpool,1,3,0.83885,1.02445,0.2932,0.3265,0.3803,2023
22175,2024-04-23 19:00:00,Arsenal,Chelsea,5,0,3.45858,1.60343,0.7702,0.1394,0.0904,2023
22184,2024-04-24 18:45:00,Wolverhampton Wanderers,Bournemouth,0,1,0.484454,2.40311,0.0421,0.1264,0.8315,2023
22178,2024-04-24 19:00:00,Crystal Palace,Newcastle United,2,0,1.43661,0.55129,0.6157,0.2628,0.1215,2023
22179,2024-04-24 19:00:00,Everton,Liverpool,2,0,1.89111,1.87155,0.3871,0.2422,0.3707,2023
22182,2024-04-24 19:00:00,Manchester United,Sheffield United,4,2,3.51311,1.20517,0.862,0.0946,0.0434,2023
22176,2024-04-25 19:00:00,Brighton,Manchester City,0,4,0.572021,1.90507,0.0723,0.192,0.7357,2023
22243,2024-04-27 11:30:00,West Ham,Liverpool,2,2,0.794025,2.29298,0.0961,0.1784,0.7255,2023
22238,2024-04-27 14:00:00,Fulham,Crystal Palace,1,1,1.39418,1.05387,0.4601,0.286,0.2539,2023
22239,2024-04-27 14:00:00,Manchester United,Burnley,1,1,3.06197,1.89591,0.633,0.1894,0.1776,2023
22240,2024-04-27 14:00:00,Newcastle United,Sheffield United,5,1,2.93477,1.82408,0.6347,0.1843,0.181,2023
22244,2024-04-27 14:00:00,Wolverhampton Wanderers,Luton,2,1,1.49011,0.90435,0.5315,0.2771,0.1914,2023
22237,2024-04-27 16:30:00,Everton,Brentford,1,0,1.21399,0.956356,0.413,0.3107,0.2763,2023
22236,2024-04-27 19:00:00,Aston Villa,Chelsea,2,2,0.612257,1.56401,0.1222,0.2418,0.636,2023
22235,2024-04-28 13:00:00,Bournemouth,Brighton,3,0,2.48132,1.35682,0.6621,0.2038,0.1341,2023
22241,2024-04-28 13:00:00,Tottenham,Arsenal,2,3,2.60458,1.51469,0.6558,0.2025,0.1417,2023
22242,2024-04-28 15:30:00,Nottingham Forest,Manchester City,0,2,2.17312,0.932063,0.7162,0.1854,0.0984,2023
22149,2024-05-02 18:30:00,Chelsea,Tottenham,2,0,2.22432,1.27064,0.6141,0.2125,0.1734,2023
22252,2024-05-03 19:00:00,Luton,Everton,1,1,0.950391,1.22959,0.2417,0.3209,0.4374,2023
22245,2024-05-04 11:30:00,Arsenal,Bournemouth,3,0,3.91372,0.4687,0.9654,0.0291,0.0055,2023
22246,2024-05-04 14:00:00,Brentford,Fulham,0,0,0.809379,1.45579,0.1715,0.2963,0.5322,2023
22248,2024-05-04 14:00:00,Burnley,Newcastle United,1,4,1.28632,4.25643,0.0178,0.0508,0.9314,2023
22254,2024-05-04 14:00:00,Sheffield United,Nottingham Forest,1,3,2.48986,1.93818,0.5059,0.2253,0.2688,2023
22253,2024-05-04 16:30:00,Manchester City,Wolverhampton Wanderers,5,1,4.52542,0.396887,0.991,0.0079,0.0011,2023
22247,2024-05-05 13:00:00,Brighton,Aston Villa,1,0,2.63566,0.0644055,0.9753,0.0239,0.0008,2023
22249,2024-05-05 13:00:00,Chelsea,West Ham,5,0,4.21838,0.893899,0.9432,0.0394,0.0174,2023
22251,2024-05-05 15:30:00,Liverpool,Tottenham,4,2,3.26222,1.17205,0.8315,0.1185,0.05,2023
22250,2024-05-06 19:00:00,Crystal Palace,Manchester United,4,0,2.0656,0.341417,0.8297,0.137,0.0333,2023
22258,2024-05-11 11:30:00,Fulham,Manchester City,0,4,0.0886245,3.15218,0.001,0.0222,0.9768,2023
22255,2024-05-11 14:00:00,Bournemouth,Brentford,1,2,1.07237,1.92722,0.1659,0.2389,0.5952,2023
22257,2024-05-11 14:00:00,Everton,Sheffield United,1,0,1.82411,0.465523,0.765,0.1746,0.0604,2023
22260,2024-05-11 14:00:00,Newcastle United,Brighton,1,1,2.45163,1.91556,0.4998,0.2298,0.2704,2023
22262,2024-05-11 14:00:00,Tottenham,Burnley,2,1,3.00238,0.950331,0.8361,0.1169,0.047,2023
22263,2024-05-11 14:00:00,West Ham,Luton,3,1,3.71009,0.640456,0.9567,0.0361,0.0072,2023
22264,2024-05-11 14:00:00,Wolverhampton Wanderers,Crystal Palace,1,3,1.1561,2.51452,0.0949,0.1802,0.7249,2023
22261,2024-05-11 16:30:00,Nottingham Forest,Chelsea,2,3,2.44569,2.41068,0.3917,0.2374,0.3709,2023
22259,2024-05-12 15:30:00,Manchester United,Arsenal,0,1,0.551669,1.73104,0.0616,0.1941,0.7443,2023
22256,2024-05-13 19:00:00,Aston Villa,Liverpool,3,3,2.71655,1.89968,0.5746,0.2272,0.1982,2023
22233,2024-05-14 19:00:00,Tottenham,Manchester City,0,2,1.84285,2.70331,0.169,0.2244,0.6066,2023
22226,2024-05-15 18:45:00,Brighton,Chelsea,1,2,1.32423,1.544,0.2978,0.2856,0.4166,2023
22231,2024-05-15 19:00:00,Manchester United,Newcastle United,3,2,1.49706,2.27657,0.2182,0.2203,0.5615,2023
22265,2024-05-19 15:00:00,Arsenal,Everton,2,1,3.2117,0.664904,0.9199,0.0673,0.0128,2023
22266,2024-05-19 15:00:00,Brentford,Newcastle United,2,4,1.70157,3.65044,0.0766,0.1234,0.8,2023
22267,2024-05-19 15:00:00,Brighton,Manchester United,0,2,1.9717,1.00404,0.6239,0.2248,0.1513,2023
22268,2024-05-19 15:00:00,Burnley,Nottingham Forest,1,2,1.08222,1.57962,0.2347,0.2662,0.4991,2023
22269,2024-05-19 15:00:00,Chelsea,Bournemouth,2,1,1.59771,2.002,0.2743,0.2387,0.487,2023
22270,2024-05-19 15:00:00,Crystal Palace,Aston Villa,5,0,2.23189,0.598846,0.7913,0.1508,0.0579,2023
22271,2024-05-19 15:00:00,Liverpool,Wolverhampton Wanderers,2,0,5.65937,0.731254,0.9939,0.0057,0.0004,2023
22272,2024-05-19 15:00:00,Luton,Fulham,2,4,2.06743,1.11598,0.6273,0.2206,0.1521,2023
22273,2024-05-19 15:00:00,Manchester City,West Ham,3,1,2.31504,0.240159,0.8797,0.1018,0.0185,2023
22274,2024-05-19 15:00:00,Sheffield United,Tottenham,0,3,0.697312,3.19675,0.0151,0.0617,0.9232,2023
26602,2024-08-16 19:00:00,Manchester United,Fulham,1,0,2.04268,0.418711,0.8069,0.1489,0.0442,2024
26603,2024-08-17 11:30:00,Ipswich,Liverpool,0,2,0.342601,3.92906,0.0026,0.018,0.9794,2024
26604,2024-08-17 14:00:00,Arsenal,Wolverhampton Wanderers,2,0,1.6283,0.575835,0.6528,0.231,0.1162,2024
26605,2024-08-17 14:00:00,Everton,Brighton,0,3,0.405325,1.79083,0.0481,0.1635,0.7884,2024
26606,2024-08-17 14:00:00,Newcastle United,Southampton,1,0,0.433489,1.95483,0.0378,0.164,0.7982,2024
26607,2024-08-17 14:00:00,Nottingham Forest,Bournemouth,1,1,1.24405,1.90915,0.1994,0.2537,0.5469,2024
26608,2024-08-17 16:30:00,West Ham,Aston Villa,1,2,2.8047,2.6703,0.4123,0.2321,0.3556,2024
26609,2024-08-18 13:00:00,Brentford,Crystal Palace,2,1,1.38064,1.14757,0.4248,0.3141,0.2611,2024
26610,2024-08-18 15:30:00,Chelsea,Manchester City,0,2,1.06123,1.18038,0.3036,0.3245,0.3719,2024
26611,2024-08-19 19:00:00,Leicester,Tottenham,1,1,1.02614,1.40775,0.2541,0.2951,0.4508,2024
26612,2024-08-24 11:30:00,Brighton,Manchester United,2,1,2.14153,1.28556,0.601,0.2392,0.1598,2024
26613,2024-08-24 14:00:00,Crystal Palace,West Ham,0,2,1.3761,1.53421,0.3315,0.2678,0.4007,2024
26614,2024-08-24 14:00:00,Fulham,Leicester,2,1,1.96218,0.857005,0.6596,0.215,0.1254,2024
26615,2024-08-24 14:00:00,Manchester City,Ipswich,4,1,3.07818,0.479999,0.9435,0.0503,0.0062,2024
26616,2024-08-24 14:00:00,Southampton,Nottingham Forest,0,1,0.214952,2.86475,0.0067,0.0496,0.9437,2024
26617,2024-08-24 14:00:00,Tottenham,Everton,4,0,2.61143,0.648869,0.8398,0.1124,0.0478,2024
26618,2024-08-24 16:30:00,Aston Villa,Arsenal,0,2,1.31664,1.41399,0.3113,0.3023,0.3864,2024
26619,2024-08-25 13:00:00,Wolverhampton Wanderers,Chelsea,2,6,2.4181,2.02935,0.4888,0.2228,0.2884,2024
26620,2024-08-25 13:00:00,Bournemouth,Newcastle United,1,1,2.53513,1.89287,0.5396,0.2334,0.227,2024
26621,2024-08-25 15:30:00,Liverpool,Brentford,2,0,2.71877,0.457239,0.8893,0.0893,0.0214,2024
26622,2024-08-31 11:30:00,Arsenal,Brighton,1,1,2.41798,1.81748,0.5278,0.2236,0.2486,2024
26623,2024-08-31 14:00:00,Brentford,Southampton,3,1,3.86281,1.64713,0.8348,0.1027,0.0625,2024
26624,2024-08-31 14:00:00,Everton,Bournemouth,2,3,2.55629,2.95688,0.3027,0.216,0.4813,2024
26625,2024-08-31 14:00:00,Ipswich,Fulham,1,1,0.707048,1.18883,0.2034,0.3116,0.485,2024
26626,2024-08-31 14:00:00,Leicester,Aston Villa,1,2,0.774741,2.16385,0.0646,0.1791,0.7563,2024
26627,2024-08-31 14:00:00,Nottingham Forest,Wolverhampton Wanderers,1,1,1.41069,0.937632,0.4728,0.3229,0.2043,2024
26628,2024-08-31 16:30:00,West Ham,Manchester City,1,3,0.947201,3.19297,0.0483,0.1075,0.8442,2024
26629,2024-09-01 12:30:00,Newcastle United,Tottenham,2,1,1.58694,1.63304,0.3519,0.2857,0.3624,2024
26630,2024-09-01 12:30:00,Chelsea,Crystal Palace,1,1,2.97743,0.459708,0.9429,0.0461,0.011,2024
26631,2024-09-01 15:00:00,Manchester United,Liverpool,0,3,1.50087,2.10397,0.2409,0.2462,0.5129,2024
26632,2024-09-14 11:30:00,Southampton,Manchester United,0,3,1.35593,3.02693,0.0634,0.1533,0.7833,2024
26633,2024-09-14 14:00:00,Brighton,Ipswich,0,0,1.75696,0.721323,0.6638,0.2448,0.0914,2024
26634,2024-09-14 14:00:00,Fulham,West Ham,1,1,2.88601,0.682719,0.8681,0.0971,0.0348,2024
26635,2024-09-14 14:00:00,Liverpool,Nottingham Forest,0,1,1.17044,0.589532,0.5221,0.3244,0.1535,2024
26636,2024-09-14 14:00:00,Crystal Palace,Leicester,2,2,2.88716,1.65187,0.6779,0.1869,0.1352,2024
26637,2024-09-14 14:00:00,Manchester City,Brentford,2,1,1.55279,1.05094,0.4771,0.2847,0.2382,2024
26638,2024-09-14 16:30:00,Aston Villa,Everton,3,2,3.15876,0.852158,0.8919,0.0838,0.0243,2024
26639,2024-09-14 19:00:00,Bournemouth,Chelsea,0,1,1.53731,0.932726,0.5298,0.2902,0.18,2024
26640,2024-09-15 13:00:00,Tottenham,Arsenal,0,1,0.792595,1.1209,0.234,0.3157,0.4503,2024
26641,2024-09-15 15:30:00,Wolverhampton Wanderers,Newcastle United,1,2,1.46969,1.48343,0.3576,0.2692,0.3732,2024
26642,2024-09-21 11:30:00,West Ham,Chelsea,0,3,0.758267,2.39727,0.0778,0.15,0.7722,2024
26643,2024-09-21 14:00:00,Southampton,Ipswich,1,1,2.89813,1.645,0.6951,0.1778,0.1271,2024
26644,2024-09-21 14:00:00,Leicester,Everton,1,1,1.33793,1.82377,0.2591,0.2621,0.4788,2024
26645,2024-09-21 14:00:00,Liverpool,Bournemouth,3,0,2.43731,1.46979,0.597,0.2063,0.1967,2024
26646,2024-09-21 14:00:00,Fulham,Newcastle United,3,1,3.21141,1.09768,0.8274,0.1124,0.0602,2024
26647,2024-09-21 14:00:00,Aston Villa,Wolverhampton Wanderers,3,1,2.37351,0.520117,0.8449,0.1134,0.0417,2024
26648,2024-09-21 14:00:00,Tottenham,Brentford,3,1,3.89481,0.893565,0.9397,0.0464,0.0139,2024
26649,2024-09-21 16:30:00,Crystal Palace,Manchester United,0,0,1.66928,2.35056,0.2248,0.2317,0.5435,2024
26650,2024-09-22 13:00:00,Brighton,Nottingham Forest,2,2,1.56836,1.36923,0.3886,0.31,0.3014,2024
26651,2024-09-22 15:30:00,Manchester City,Arsenal,2,2,2.75588,1.28411,0.72,0.1782,0.1018,2024
26652,2024-09-28 11:30:00,Newcastle United,Manchester City,1,1,1.34344,1.26516,0.3867,0.2946,0.3187,2024
26653,2024-09-28 14:00:00,Nottingham Forest,Fulham,0,1,0.614351,1.43592,0.1181,0.2591,0.6228,2024
26654,2024-09-28 14:00:00,Everton,Crystal Palace,2,1,1.10959,1.12358,0.3388,0.3145,0.3467,2024
26655,2024-09-28 14:00:00,Arsenal,Leicester,4,2,6.05305,0.337909,0.9988,0.0009,0.0003,2024
26656,2024-09-28 14:00:00,Brentford,West Ham,1,1,0.370222,0.878617,0.1512,0.3899,0.4589,2024
26657,2024-09-28 14:00:00,Chelsea,Brighton,4,2,3.65839,1.20712,0.8777,0.0846,0.0377,2024
26658,2024-09-28 16:30:00,Wolverhampton Wanderers,Liverpool,1,2,0.748925,2.11724,0.0583,0.1722,0.7695,2024
26659,2024-09-29 13:00:00,Ipswich,Aston Villa,2,2,1.84608,1.14494,0.5579,0.2508,0.1913,2024
26660,2024-09-29 15:30:00,Manchester United,Tottenham,0,3,0.600721,5.4072,0.0007,0.0037,0.9956,2024
26661,2024-09-30 19:00:00,Bournemouth,Southampton,3,1,1.44215,0.696068,0.5743,0.2732,0.1525,2024
26662,2024-10-05 11:30:00,Crystal Palace,Liverpool,0,1,0.609481,2.07332,0.0716,0.1652,0.7632,2024
26663,2024-10-05 14:00:00,Leicester,Bournemouth,1,0,0.912063,1.94963,0.1209,0.225,0.6541,2024
26664,2024-10-05 14:00:00,Manchester City,Fulham,3,2,1.36684,2.75846,0.1266,0.1656,0.7078,2024
26665,2024-10-05 14:00:00,West Ham,Ipswich,4,1,4.39402,1.18463,0.9499,0.0394,0.0107,2024
26666,2024-10-05 14:00:00,Arsenal,Southampton,3,1,3.25165,1.27313,0.8063,0.1259,0.0678,2024
26667,2024-10-05 14:00:00,Brentford,Wolverhampton Wanderers,5,3,4.13513,0.696254,0.9617,0.03,0.0083,2024
26669,2024-10-05 16:30:00,Everton,Newcastle United,0,0,0.692214,1.79048,0.0811,0.2469,0.672,2024
26668,2024-10-06 13:00:00,Chelsea,Nottingham Forest,1,1,2.27752,1.66654,0.5362,0.2216,0.2422,2024
26670,2024-10-06 13:00:00,Aston Villa,Manchester United,0,0,0.532809,0.448537,0.2909,0.4681,0.241,2024
26671,2024-10-06 15:30:00,Brighton,Tottenham,3,2,1.97217,1.09279,0.6114,0.2216,0.167,2024
26672,2024-10-19 11:30:00,Tottenham,West Ham,4,1,1.44052,0.858803,0.5079,0.2755,0.2166,2024
26673,2024-10-19 14:00:00,Fulham,Aston Villa,1,3,2.63074,1.43595,0.6895,0.1842,0.1263,2024
26674,2024-10-19 14:00:00,Ipswich,Everton,0,2,1.174,1.60804,0.2478,0.2698,0.4824,2024
26675,2024-10-19 14:00:00,Manchester United,Brentford,2,1,1.76555,0.892843,0.5945,0.2395,0.166,2024
26676,2024-10-19 14:00:00,Newcastle United,Brighton,0,1,1.93657,1.6779,0.4377,0.2411,0.3212,2024
26678,2024-10-19 14:00:00,Southampton,Leicester,2,3,2.42776,2.83826,0.2806,0.241,0.4784,2024
26680,2024-10-19 16:30:00,Bournemouth,Arsenal,2,0,2.18419,0.740758,0.762,0.1786,0.0594,2024
26681,2024-10-20 13:00:00,Wolverhampton Wanderers,Manchester City,1,2,0.761217,1.36569,0.2016,0.2881,0.5103,2024
26679,2024-10-20 15:30:00,Liverpool,Chelsea,2,1,2.22517,1.33904,0.6225,0.2262,0.1513,2024
26677,2024-10-21 19:00:00,Nottingham Forest,Crystal Palace,1,0,1.88573,0.835001,0.6418,0.2131,0.1451,2024
26682,2024-10-25 19:00:00,Leicester,Nottingham Forest,1,3,0.832415,2.54488,0.0468,0.1406,0.8126,2024
26683,2024-10-26 14:00:00,Manchester City,Southampton,1,0,3.16286,0.369989,0.9467,0.0452,0.0081,2024
26684,2024-10-26 14:00:00,Aston Villa,Bournemouth,1,1,1.974,0.328651,0.8162,0.1422,0.0416,2024
26685,2024-10-26 14:00:00,Brentford,Ipswich,4,3,4.09663,1.65698,0.8503,0.0898,0.0599,2024
26686,2024-10-26 14:00:00,Brighton,Wolverhampton Wanderers,2,2,1.51347,1.11074,0.4662,0.2703,0.2635,2024
26687,2024-10-26 16:30:00,Everton,Fulham,1,1,0.884845,1.49531,0.1867,0.2839,0.5294,2024
26688,2024-10-27 14:00:00,Chelsea,Newcastle United,2,1,1.61794,1.74225,0.317,0.2757,0.4073,2024
26689,2024-10-27 14:00:00,Crystal Palace,Tottenham,1,0,0.978611,1.0192,0.3194,0.3264,0.3542,2024
26690,2024-10-27 14:00:00,West Ham,Manchester United,2,1,2.99312,2.62598,0.4816,0.2222,0.2962,2024
26691,2024-10-27 16:30:00,Arsenal,Liverpool,2,2,1.0883,1.35346,0.2606,0.3127,0.4267,2024
26694,2024-11-02 12:30:00,Newcastle United,Arsenal,1,0,0.859715,0.911305,0.3122,0.3446,0.3432,2024
26692,2024-11-02 15:00:00,Bournemouth,Manchester City,2,1,2.4493,2.3527,0.4071,0.2358,0.3571,2024
26695,2024-11-02 15:00:00,Ipswich,Leicester,1,1,1.33617,2.33858,0.162,0.2044,0.6336,2024
26696,2024-11-02 15:00:00,Liverpool,Brighton,2,1,1.81037,1.01568,0.5793,0.2344,0.1863,2024
26698,2024-11-02 15:00:00,Nottingham Forest,West Ham,3,0,2.35011,0.132317,0.9176,0.0732,0.0092,2024
26699,2024-11-02 15:00:00,Southampton,Everton,1,0,0.540345,1.78581,0.0769,0.2034,0.7197,2024
26701,2024-11-02 17:30:00,Wolverhampton Wanderers,Crystal Palace,2,2,1.65018,2.64849,0.1625,0.2097,0.6278,2024
26700,2024-11-03 14:00:00,Tottenham,Aston Villa,4,1,2.09751,2.48749,0.268,0.2601,0.4719,2024
26697,2024-11-03 16:30:00,Manchester United,Chelsea,1,1,2.1605,1.21071,0.6277,0.2289,0.1434,2024
26693,2024-11-04 20:00:00,Fulham,Brentford,2,1,1.43017,0.739231,0.5292,0.2933,0.1775,2024
26702,2024-11-09 15:00:00,Brentford,Bournemouth,3,2,1.56474,2.49234,0.1761,0.2142,0.6097,2024
26706,2024-11-09 15:00:00,Crystal Palace,Fulham,0,2,1.96037,2.25331,0.3182,0.233,0.4488,2024
26710,2024-11-09 15:00:00,West Ham,Everton,0,0,1.1237,0.865983,0.4316,0.3045,0.2639,2024
26711,2024-11-09 15:00:00,Wolverhampton Wanderers,Southampton,2,0,0.912781,0.792655,0.3679,0.3593,0.2728,2024
26703,2024-11-09 17:30:00,Brighton,Manchester City,2,1,2.87116,2.60334,0.4425,0.2309,0.3266,2024
26707,2024-11-09 20:00:00,Liverpool,Aston Villa,2,0,2.68196,1.66337,0.6245,0.2004,0.1751,2024
26704,2024-11-10 14:00:00,Nottingham Forest,Newcastle United,1,3,1.17852,1.86904,0.1929,0.2586,0.5485,2024
26708,2024-11-10 14:00:00,Manchester United,Leicester,3,0,1.2369,0.417295,0.5982,0.2945,0.1073,2024
26709,2024-11-10 14:00:00,Tottenham,Ipswich,1,2,1.75088,2.18392,0.2526,0.2562,0.4912,2024
26705,2024-11-10 16:30:00,Chelsea,Arsenal,1,1,1.24067,1.9605,0.2027,0.2425,0.5548,2024
26719,2024-11-23 12:30:00,Leicester,Chelsea,1,2,0.967987,2.81658,0.0341,0.1172,0.8487,2024
26712,2024-11-23 15:00:00,Bournemouth,Brighton,1,2,1.91157,1.23059,0.5236,0.2614,0.215,2024
26714,2024-11-23 15:00:00,Arsenal,Nottingham Forest,3,0,1.66016,0.403136,0.7179,0.2107,0.0714,2024
26715,2024-11-23 15:00:00,Everton,Brentford,0,0,1.5951,1.34314,0.4084,0.2773,0.3143,2024
26716,2024-11-23 15:00:00,Aston Villa,Crystal Palace,2,2,3.04455,1.61437,0.7188,0.1649,0.1163,2024
26717,2024-11-23 15:00:00,Fulham,Wolverhampton Wanderers,1,4,0.717158,1.33903,0.173,0.3006,0.5264,2024
26720,2024-11-23 17:30:00,Manchester City,Tottenham,0,4,2.15899,3.30449,0.167,0.1774,0.6556,2024
26721,2024-11-24 14:00:00,Southampton,Liverpool,2,3,1.53985,3.18835,0.0739,0.155,0.7711,2024
26718,2024-11-24 16:30:00,Ipswich,Manchester United,1,1,1.98714,1.26912,0.5708,0.244,0.1852,2024
26713,2024-11-25 20:00:00,Newcastle United,West Ham,0,2,1.49781,0.942824,0.5237,0.2649,0.2114,2024
26723,2024-11-29 20:00:00,Brighton,Southampton,1,1,1.86986,0.934969,0.6061,0.2296,0.1643,2024
26722,2024-11-30 15:00:00,Brentford,Leicester,4,1,2.21885,0.907555,0.7088,0.1969,0.0943,2024
26725,2024-11-30 15:00:00,Crystal Palace,Newcastle United,1,1,2.29595,0.020989,0.9419,0.0569,0.0012,2024
26728,2024-11-30 15:00:00,Nottingham Forest,Ipswich,1,0,1.76587,0.462771,0.7632,0.18,0.0568,2024
26731,2024-11-30 15:00:00,Wolverhampton Wanderers,Bournemouth,2,4,0.866034,3.07901,0.0264,0.0766,0.897,2024
26730,2024-11-30 17:30:00,West Ham,Arsenal,2,5,1.23539,3.99935,0.0221,0.0602,0.9177,2024
26724,2024-12-01 13:30:00,Chelsea,Aston Villa,3,0,1.94939,0.875443,0.6442,0.2183,0.1375,2024
26727,2024-12-01 13:30:00,Manchester United,Everton,4,0,1.76161,0.766749,0.6464,0.2311,0.1225,2024
26729,2024-12-01 13:30:00,Tottenham,Fulham,1,1,1.01086,1.57274,0.2101,0.279,0.5109,2024
26726,2024-12-01 16:00:00,Liverpool,Manchester City,2,0,3.70054,0.745015,0.9556,0.0348,0.0096,2024
26737,2024-12-03 19:30:00,Ipswich,Crystal Palace,0,1,0.471708,1.65422,0.0817,0.2191,0.6992,2024
26738,2024-12-03 20:15:00,Leicester,West Ham,3,1,2.78061,2.87716,0.3889,0.1982,0.4129,2024
26735,2024-12-04 19:30:00,Everton,Wolverhampton Wanderers,4,0,1.49904,0.847724,0.5314,0.2926,0.176,2024
26739,2024-12-04 19:30:00,Manchester City,Nottingham Forest,3,0,3.20169,0.802155,0.8848,0.0839,0.0313,2024
26740,2024-12-04 19:30:00,Newcastle United,Liverpool,3,3,1.52057,2.22766,0.2287,0.224,0.5473,2024
26741,2024-12-04 19:30:00,Southampton,Chelsea,1,5,1.91014,5.8331,0.0093,0.0242,0.9665,2024
26733,2024-12-04 20:15:00,Arsenal,Manchester United,2,0,2.96684,0.256083,0.9711,0.0262,0.0027,2024
26734,2024-12-04 20:15:00,Aston Villa,Brentford,3,1,3.21673,1.13266,0.8304,0.1131,0.0565,2024
26736,2024-12-05 19:30:00,Fulham,Brighton,3,1,0.666644,1.09939,0.2013,0.3279,0.4708,2024
26732,2024-12-05 20:15:00,Bournemouth,Tottenham,1,0,3.27716,0.623934,0.9101,0.0674,0.0225,2024
26742,2024-12-07 15:00:00,Aston Villa,Southampton,1,0,2.51338,0.385832,0.886,0.0919,0.0221,2024
26743,2024-12-07 15:00:00,Brentford,Newcastle United,4,2,1.746,1.95645,0.3256,0.2421,0.4323,2024
26747,2024-12-07 15:00:00,Crystal Palace,Manchester City,2,2,1.21476,1.5846,0.2665,0.2649,0.4686,2024
26744,2024-12-07 17:30:00,Manchester United,Nottingham Forest,2,3,1.4697,0.651217,0.6066,0.2619,0.1315,2024
26749,2024-12-08 14:00:00,Fulham,Arsenal,1,1,0.150988,2.4333,0.0014,0.0264,0.9722,2024
26750,2024-12-08 14:00:00,Ipswich,Bournemouth,1,2,1.5668,3.49127,0.0631,0.1127,0.8242,2024
26751,2024-12-08 14:00:00,Leicester,Brighton,2,2,1.42438,1.12184,0.4514,0.2857,0.2629,2024
26745,2024-12-08 16:30:00,Tottenham,Chelsea,3,4,3.25488,2.57326,0.5345,0.2066,0.2589,2024
26746,2024-12-09 20:00:00,West Ham,Wolverhampton Wanderers,2,1,1.19808,1.47567,0.2929,0.2694,0.4377,2024
26752,2024-12-14 15:00:00,Liverpool,Fulham,2,2,2.09698,1.2862,0.5821,0.2262,0.1917,2024
26755,2024-12-14 15:00:00,Arsenal,Everton,0,0,1.30865,0.132166,0.7239,0.2452,0.0309,2024
26758,2024-12-14 15:00:00,Wolverhampton Wanderers,Ipswich,1,2,1.23748,1.73349,0.2239,0.2569,0.5192,2024
26760,2024-12-14 15:00:00,Newcastle United,Leicester,4,0,3.95461,0.186759,0.9912,0.0083,0.0005,2024
26761,2024-12-14 17:30:00,Nottingham Forest,Aston Villa,2,1,2.2861,0.389423,0.8602,0.1107,0.0291,2024
26756,2024-12-15 14:00:00,Brighton,Crystal Palace,1,3,1.32323,3.00618,0.0853,0.1405,0.7742,2024
26753,2024-12-15 16:30:00,Manchester City,Manchester United,1,2,0.638103,2.04662,0.0592,0.1626,0.7782,2024
26757,2024-12-15 19:00:00,Chelsea,Brentford,2,1,2.59146,1.65861,0.586,0.2134,0.2006,2024
26759,2024-12-15 19:00:00,Southampton,Tottenham,0,5,1.27356,3.89322,0.0241,0.0666,0.9093,2024
26754,2024-12-16 20:00:00,Bournemouth,West Ham,1,1,2.04842,1.81827,0.4208,0.2448,0.3344,2024
26762,2024-12-21 12:30:00,Aston Villa,Manchester City,2,1,2.05988,1.09627,0.625,0.2175,0.1575,2024
26766,2024-12-21 15:00:00,Brentford,Nottingham Forest,0,2,0.769004,0.964897,0.2696,0.3449,0.3855,2024
26767,2024-12-21 15:00:00,West Ham,Brighton,1,1,1.22937,1.34379,0.3078,0.2958,0.3964,2024
26771,2024-12-21 15:00:00,Ipswich,Newcastle United,0,4,1.06427,3.23386,0.0493,0.1079,0.8428,2024
26765,2024-12-21 17:30:00,Crystal Palace,Arsenal,1,5,1.6052,3.05434,0.0889,0.1591,0.752,2024
26763,2024-12-22 14:00:00,Fulham,Southampton,0,0,1.25255,0.280031,0.6439,0.2824,0.0737,2024
26764,2024-12-22 14:00:00,Everton,Chelsea,0,0,1.07081,1.51591,0.2011,0.3143,0.4846,2024
26769,2024-12-22 14:00:00,Manchester United,Bournemouth,0,3,2.28533,1.82831,0.4755,0.2552,0.2693,2024
26770,2024-12-22 14:00:00,Leicester,Wolverhampton Wanderers,0,3,0.78868,1.13531,0.2316,0.3222,0.4462,2024
26768,2024-12-22 16:30:00,Tottenham,Liverpool,3,6,1.20245,5.20214,0.0035,0.0181,0.9784,2024
26777,2024-12-26 12:30:00,Manchester City,Everton,1,1,2.51965,0.653289,0.8257,0.1319,0.0424,2024
26772,2024-12-26 15:00:00,Bournemouth,Crystal Palace,0,0,1.20189,0.500066,0.5459,0.3067,0.1474,2024
26775,2024-12-26 15:00:00,Chelsea,Fulham,1,2,1.55626,1.77929,0.3046,0.2616,0.4338,2024
26778,2024-12-26 15:00:00,Newcastle United,Aston Villa,3,0,2.82867,0.225522,0.9441,0.0485,0.0074,2024
26779,2024-12-26 15:00:00,Nottingham Forest,Tottenham,1,0,1.30018,1.05758,0.423,0.3077,0.2693,2024
26780,2024-12-26 15:00:00,Southampton,West Ham,0,1,2.19833,1.90111,0.4419,0.2527,0.3054,2024
26781,2024-12-26 17:30:00,Wolverhampton Wanderers,Manchester United,2,0,0.826489,0.358876,0.5212,0.3572,0.1216,2024
26776,2024-12-26 20:00:00,Liverpool,Leicester,3,1,1.89935,0.22097,0.8314,0.1415,0.0271,2024
26774,2024-12-27 19:30:00,Brighton,Brentford,0,0,1.33538,0.961233,0.4464,0.2933,0.2603,2024
26773,2024-12-27 20:15:00,Arsenal,Ipswich,1,0,2.16462,0.0783327,0.9234,0.0721,0.0045,2024
26788,2024-12-29 14:30:00,Leicester,Manchester City,0,2,1.84208,1.58002,0.4402,0.2635,0.2963,2024
26784,2024-12-29 15:00:00,Crystal Palace,Southampton,2,1,3.05417,1.21853,0.808,0.1392,0.0528,2024
26785,2024-12-29 15:00:00,Everton,Nottingham Forest,0,2,0.615191,2.02753,0.0727,0.1666,0.7607,2024
26786,2024-12-29 15:00:00,Fulham,Bournemouth,2,2,0.961566,1.70692,0.1906,0.2453,0.5641,2024
26790,2024-12-29 15:00:00,Tottenham,Wolverhampton Wanderers,2,2,2.28433,0.640697,0.8038,0.1449,0.0513,2024
26791,2024-12-29 17:15:00,West Ham,Liverpool,0,5,0.518279,3.29868,0.0128,0.0578,0.9294,2024
26782,2024-12-30 19:45:00,Aston Villa,Brighton,2,2,1.87997,0.938042,0.6329,0.2256,0.1415,2024
26787,2024-12-30 19:45:00,Ipswich,Chelsea,2,0,1.50093,1.60622,0.3269,0.2809,0.3922,2024
26789,2024-12-30 20:00:00,Manchester United,Newcastle United,0,2,1.00073,2.2424,0.1201,0.1881,0.6918,2024
26783,2025-01-01 17:30:00,Brentford,Arsenal,1,3,0.272604,1.99848,0.0169,0.0986,0.8845,2024
26800,2025-01-04 12:30:00,Tottenham,Newcastle United,1,2,1.00333,2.42963,0.0901,0.1716,0.7383,2024
26792,2025-01-04 15:00:00,Bournemouth,Everton,1,0,2.61852,0.561015,0.8834,0.0878,0.0288,2024
26793,2025-01-04 15:00:00,Aston Villa,Leicester,2,1,2.3456,0.81548,0.7996,0.1585,0.0419,2024
26795,2025-01-04 15:00:00,Crystal Palace,Chelsea,1,1,1.2766,1.51541,0.299,0.2753,0.4257,2024
26798,2025-01-04 15:00:00,Manchester City,West Ham,4,1,1.97986,1.53286,0.4955,0.241,0.2635,2024
26799,2025-01-04 15:00:00,Southampton,Brentford,0,5,0.249614,5.54874,0.0,0.0018,0.9982,2024
26794,2025-01-04 17:30:00,Brighton,Arsenal,1,1,1.76513,1.81142,0.3579,0.2825,0.3596,2024
26796,2025-01-05 14:00:00,Fulham,Ipswich,2,2,2.65469,1.4434,0.6982,0.1994,0.1024,2024
26797,2025-01-05 16:30:00,Liverpool,Manchester United,2,2,2.862,1.67469,0.6561,0.1928,0.1511,2024
26801,2025-01-06 20:00:00,Wolverhampton Wanderers,Nottingham Forest,0,3,1.90463,2.57227,0.2109,0.2442,0.5449,2024
26803,2025-01-14 19:30:00,Brentford,Manchester City,2,2,2.39088,2.65315,0.344,0.2081,0.4479,2024
26808,2025-01-14 19:30:00,West Ham,Fulham,3,2,0.937322,2.83581,0.0454,0.1195,0.8351,2024
26809,2025-01-14 19:30:00,Chelsea,Bournemouth,2,2,2.53808,1.14845,0.7303,0.1818,0.0879,2024
26807,2025-01-14 20:00:00,Nottingham Forest,Liverpool,1,1,0.5292,2.72291,0.0251,0.0922,0.8827,2024
26804,2025-01-15 19:30:00,Everton,Aston Villa,0,1,1.23126,1.28522,0.3421,0.2933,0.3646,2024
26806,2025-01-15 19:30:00,Leicester,Crystal Palace,0,2,2.09904,2.2647,0.332,0.242,0.426,2024
26810,2025-01-15 19:30:00,Newcastle United,Wolverhampton Wanderers,3,0,2.13327,1.47433,0.5366,0.2243,0.2391,2024
26802,2025-01-15 20:00:00,Arsenal,Tottenham,2,1,2.25501,0.777071,0.7393,0.1752,0.0855,2024
26805,2025-01-16 19:30:00,Ipswich,Brighton,0,2,0.268127,1.06343,0.0804,0.3326,0.587,2024
26811,2025-01-16 20:00:00,Manchester United,Southampton,3,1,3.10847,1.36705,0.7548,0.145,0.1002,2024
26819,2025-01-18 12:30:00,Newcastle United,Bournemouth,1,4,0.837801,2.70174,0.0695,0.1343,0.7962,2024
26813,2025-01-18 15:00:00,Brentford,Liverpool,0,2,1.20021,4.16249,0.0249,0.0644,0.9107,2024
26817,2025-01-18 15:00:00,Leicester,Fulham,0,2,0.676934,2.36823,0.0384,0.1352,0.8264,2024
26821,2025-01-18 15:00:00,West Ham,Crystal Palace,0,2,0.221062,1.62561,0.0243,0.152,0.8237,2024
26812,2025-01-18 17:30:00,Arsenal,Aston Villa,2,2,1.64458,1.20602,0.4688,0.2781,0.2531,2024
26815,2025-01-19 14:00:00,Everton,Tottenham,3,2,2.56089,1.35719,0.6673,0.1943,0.1384,2024
26818,2025-01-19 14:00:00,Manchester United,Brighton,1,3,1.31823,2.17172,0.1466,0.2332,0.6202,2024
26820,2025-01-19 14:00:00,Nottingham Forest,Southampton,3,2,2.36419,1.25922,0.7025,0.2129,0.0846,2024
26816,2025-01-19 16:30:00,Ipswich,Manchester City,0,6,0.795637,3.20228,0.0313,0.0809,0.8878,2024
26814,2025-01-20 20:00:00,Chelsea,Wolverhampton Wanderers,3,1,3.14882,1.06726,0.8751,0.0966,0.0283,2024
26822,2025-01-25 15:00:00,Bournemouth,Nottingham Forest,5,0,2.8254,0.996166,0.8133,0.1202,0.0665,2024
26824,2025-01-25 15:00:00,Brighton,Everton,0,1,0.64378,0.870883,0.2006,0.3683,0.4311,2024
26827,2025-01-25 15:00:00,Liverpool,Ipswich,4,1,2.16809,0.804707,0.7524,0.1872,0.0604,2024
26829,2025-01-25 15:00:00,Southampton,Newcastle United,1,3,0.825621,3.08319,0.0343,0.0917,0.874,2024
26831,2025-01-25 15:00:00,Wolverhampton Wanderers,Arsenal,0,1,0.514724,0.887358,0.1951,0.3648,0.4401,2024
26828,2025-01-25 17:30:00,Manchester City,Chelsea,3,1,2.23213,1.49843,0.5598,0.2262,0.214,2024
26825,2025-01-26 14:00:00,Crystal Palace,Brentford,1,2,1.23177,1.92037,0.1717,0.2637,0.5646,2024
26830,2025-01-26 14:00:00,Tottenham,Leicester,1,2,1.27483,1.40469,0.2769,0.3568,0.3663,2024
26823,2025-01-26 16:30:00,Aston Villa,West Ham,1,1,0.907851,1.67886,0.1721,0.2404,0.5875,2024
26826,2025-01-26 19:00:00,Fulham,Manchester United,0,1,0.560571,0.201988,0.3804,0.5075,0.1121,2024
26840,2025-02-01 12:30:00,Nottingham Forest,Brighton,7,0,4.0677,0.756296,0.969,0.0256,0.0054,2024
26832,2025-02-01 15:00:00,Bournemouth,Liverpool,0,2,1.65273,2.7219,0.1696,0.1937,0.6367,2024
26836,2025-02-01 15:00:00,Everton,Leicester,4,0,3.11261,0.447136,0.9305,0.0535,0.016,2024
26837,2025-02-01 15:00:00,Ipswich,Southampton,1,2,1.94845,1.17566,0.5756,0.2593,0.1651,2024
26839,2025-02-01 15:00:00,Newcastle United,Fulham,1,2,1.22716,1.60881,0.2568,0.2823,0.4609,2024
26841,2025-02-01 17:30:00,Wolverhampton Wanderers,Aston Villa,2,0,2.00146,0.742809,0.7201,0.194,0.0859,2024
26834,2025-02-02 14:00:00,Brentford,Tottenham,0,2,1.66475,0.945355,0.5556,0.2508,0.1936,2024
26838,2025-02-02 14:00:00,Manchester United,Crystal Palace,0,2,1.50706,2.44633,0.1555,0.2072,0.6373,2024
26833,2025-02-02 16:30:00,Arsenal,Manchester City,5,1,1.53202,0.743191,0.5825,0.2677,0.1498,2024
26835,2025-02-03 20:00:00,Chelsea,West Ham,2,1,1.39066,1.1868,0.4124,0.2751,0.3125,2024
26748,2025-02-12 19:30:00,Everton,Liverpool,2,2,0.910523,0.929103,0.3088,0.35,0.3412,2024
26843,2025-02-14 20:00:00,Brighton,Chelsea,3,0,2.06892,0.649788,0.7552,0.1726,0.0722,2024
26846,2025-02-15 12:30:00,Leicester,Arsenal,0,2,0.233209,1.75,0.028,0.1538,0.8182,2024
26842,2025-02-15 15:00:00,Aston Villa,Ipswich,1,1,2.89841,0.332864,0.9322,0.0564,0.0114,2024
26845,2025-02-15 15:00:00,Fulham,Nottingham Forest,2,1,2.20993,0.331301,0.8401,0.1266,0.0333,2024
26848,2025-02-15 15:00:00,Manchester City,Newcastle United,4,0,2.12004,0.157211,0.8953,0.0917,0.013,2024
26849,2025-02-15 15:00:00,Southampton,Bournemouth,1,3,0.974418,2.08722,0.1063,0.2076,0.6861,2024
26851,2025-02-15 15:00:00,West Ham,Brentford,0,1,0.673466,1.96499,0.0938,0.1906,0.7156,2024
26844,2025-02-15 17:30:00,Crystal Palace,Everton,1,2,2.30646,1.01565,0.7009,0.1861,0.113,2024
26847,2025-02-16 14:00:00,Liverpool,Wolverhampton Wanderers,2,1,1.86758,1.05329,0.6122,0.2355,0.1523,2024
26850,2025-02-16 16:30:00,Tottenham,Manchester United,1,0,1.97109,1.42652,0.5145,0.2364,0.2491,2024
26884,2025-02-19 15:00:00,Aston Villa,Liverpool,2,2,1.02269,2.04279,0.1458,0.2222,0.632,2024
26858,2025-02-21 20:00:00,Leicester,Brentford,0,4,0.727901,2.03465,0.0917,0.1945,0.7138,2024
26855,2025-02-22 12:30:00,Everton,Manchester United,2,2,2.10444,0.645685,0.7638,0.1698,0.0664,2024
26852,2025-02-22 15:00:00,Bournemouth,Wolverhampton Wanderers,0,1,0.629691,2.10124,0.0614,0.1686,0.77,2024
26853,2025-02-22 15:00:00,Arsenal,West Ham,0,1,1.37264,1.02684,0.4239,0.3113,0.2648,2024
26856,2025-02-22 15:00:00,Fulham,Crystal Palace,0,2,0.23426,1.46203,0.0391,0.2007,0.7602,2024
26857,2025-02-22 15:00:00,Ipswich,Tottenham,1,4,1.15389,1.58741,0.2241,0.2857,0.4902,2024
26861,2025-02-22 15:00:00,Southampton,Brighton,0,4,0.154147,5.12018,0.0,0.0021,0.9979,2024
26854,2025-02-22 17:30:00,Aston Villa,Chelsea,2,1,2.69413,2.17418,0.5071,0.2492,0.2437,2024
26860,2025-02-23 14:00:00,Newcastle United,Nottingham Forest,4,3,3.45858,2.38603,0.6361,0.2024,0.1615,2024
26859,2025-02-23 16:30:00,Manchester City,Liverpool,0,2,0.58248,0.807058,0.2307,0.3757,0.3936,2024
26863,2025-02-25 19:30:00,Brighton,Bournemouth,2,1,2.57927,1.70169,0.5925,0.2144,0.1931,2024
26867,2025-02-25 19:30:00,Wolverhampton Wanderers,Fulham,1,2,0.928973,1.43473,0.2308,0.264,0.5052,2024
26868,2025-02-25 19:30:00,Crystal Palace,Aston Villa,4,1,4.02522,0.667217,0.9849,0.0127,0.0024,2024
26869,2025-02-25 20:15:00,Chelsea,Southampton,4,0,2.98234,0.845039,0.8414,0.1106,0.048,2024
26862,2025-02-26 19:30:00,Brentford,Everton,1,1,1.34009,1.44955,0.3083,0.3272,0.3645,2024
26864,2025-02-26 19:30:00,Nottingham Forest,Arsenal,0,0,0.508611,1.31766,0.1237,0.2822,0.5941,2024
26865,2025-02-26 19:30:00,Tottenham,Manchester City,0,1,1.28426,2.38641,0.1445,0.1966,0.6589,2024
26871,2025-02-26 19:30:00,Manchester United,Ipswich,3,2,1.40202,1.04498,0.4582,0.3388,0.203,2024
26870,2025-02-26 20:15:00,Liverpool,Newcastle United,2,0,1.40027,0.45882,0.6317,0.2727,0.0956,2024
26866,2025-02-27 20:00:00,West Ham,Leicester,2,0,1.70437,0.289578,0.844,0.1313,0.0247,2024
26878,2025-03-08 12:30:00,Nottingham Forest,Manchester City,1,0,0.501476,0.721234,0.2224,0.4104,0.3672,2024
26873,2025-03-08 15:00:00,Brighton,Fulham,2,1,1.94417,0.708227,0.7336,0.201,0.0654,2024
26875,2025-03-08 15:00:00,Crystal Palace,Ipswich,1,0,3.13879,1.63282,0.7226,0.1671,0.1103,2024
26876,2025-03-08 15:00:00,Liverpool,Southampton,3,1,4.98996,0.511566,0.9927,0.0062,0.0011,2024
26872,2025-03-08 17:30:00,Brentford,Aston Villa,0,1,0.637743,1.29638,0.1633,0.2951,0.5416,2024
26881,2025-03-08 20:00:00,Wolverhampton Wanderers,Everton,1,1,0.812432,1.3672,0.194,0.2875,0.5185,2024
26874,2025-03-09 14:00:00,Chelsea,Leicester,1,0,1.76844,0.108487,0.8869,0.1028,0.0103,2024
26879,2025-03-09 14:00:00,Tottenham,Bournemouth,2,2,1.35053,2.22536,0.1689,0.2356,0.5955,2024
26877,2025-03-09 16:30:00,Manchester United,Arsenal,1,1,1.31107,1.82996,0.2494,0.2503,0.5003,2024
26880,2025-03-10 20:00:00,West Ham,Newcastle United,0,1,0.823986,1.62976,0.1317,0.2723,0.596,2024
26885,2025-03-15 15:00:00,Everton,West Ham,1,1,1.189,0.516029,0.5617,0.2988,0.1395,2024
26887,2025-03-15 15:00:00,Ipswich,Nottingham Forest,2,4,0.520839,1.30722,0.1282,0.2796,0.5922,2024
26889,2025-03-15 15:00:00,Manchester City,Brighton,2,2,2.02642,2.11119,0.3549,0.2457,0.3994,2024
26891,2025-03-15 15:00:00,Southampton,Wolverhampton Wanderers,1,2,1.2821,0.540718,0.5861,0.2875,0.1264,2024
26882,2025-03-15 17:30:00,Bournemouth,Brentford,1,2,2.02714,1.60321,0.4739,0.2501,0.276,2024
26883,2025-03-16 13:30:00,Arsenal,Chelsea,1,0,0.695725,0.286036,0.4147,0.45,0.1353,2024
26886,2025-03-16 13:30:00,Fulham,Tottenham,2,0,1.03966,1.40865,0.2471,0.284,0.4689,2024
26888,2025-03-16 19:00:00,Leicester,Manchester United,0,3,1.30455,1.13892,0.4016,0.2898,0.3086,2024
26892,2025-04-01 19:45:00,Arsenal,Fulham,2,1,2.30189,1.44206,0.5873,0.2548,0.1579,2024
26895,2025-04-01 19:45:00,Wolverhampton Wanderers,West Ham,1,0,1.10359,1.73057,0.1952,0.2691,0.5357,2024
26894,2025-04-01 20:00:00,Nottingham Forest,Manchester United,1,0,0.512063,1.86688,0.077,0.191,0.732,2024
26893,2025-04-02 19:45:00,Brighton,Aston Villa,0,3,0.558009,1.20715,0.1514,0.2948,0.5538,2024
26896,2025-04-02 19:45:00,Bournemouth,Ipswich,1,2,1.99637,1.41263,0.5322,0.248,0.2198,2024
26898,2025-04-02 19:45:00,Manchester City,Leicester,2,0,2.07165,0.104741,0.8769,0.1115,0.0116,2024
26899,2025-04-02 19:45:00,Newcastle United,Brentford,2,1,2.26584,1.53201,0.5477,0.2381,0.2142,2024
26900,2025-04-02 19:45:00,Southampton,Crystal Palace,1,1,0.687304,0.93776,0.2392,0.3508,0.41,2024
26901,2025-04-02 20:00:00,Liverpool,Everton,1,0,1.29718,0.823136,0.4792,0.3008,0.22,2024
26897,2025-04-03 19:00:00,Chelsea,Tottenham,1,0,1.30443,1.40274,0.3193,0.3011,0.3796,2024
26905,2025-04-05 11:30:00,Everton,Arsenal,1,1,1.22875,1.4031,0.3191,0.3028,0.3781,2024
26904,2025-04-05 14:00:00,Crystal Palace,Brighton,2,1,0.443965,1.27226,0.1042,0.2649,0.6309,2024
26907,2025-04-05 14:00:00,Ipswich,Wolverhampton Wanderers,1,2,0.872356,2.8096,0.035,0.1224,0.8426,2024
26911,2025-04-05 14:00:00,West Ham,Bournemouth,2,2,0.907832,1.94869,0.1035,0.2145,0.682,2024
26902,2025-04-05 16:30:00,Aston Villa,Nottingham Forest,2,1,2.63349,0.96769,0.7726,0.1407,0.0867,2024
26903,2025-04-06 13:00:00,Brentford,Chelsea,0,0,1.36123,1.47829,0.3449,0.2702,0.3849,2024
26906,2025-04-06 13:00:00,Fulham,Liverpool,3,2,1.72764,1.40638,0.4558,0.2602,0.284,2024
26910,2025-04-06 13:00:00,Tottenham,Southampton,3,1,2.648,0.780439,0.8259,0.1232,0.0509,2024
26909,2025-04-06 15:30:00,Manchester United,Manchester City,0,0,1.23317,0.687894,0.5013,0.3126,0.1861,2024
26908,2025-04-07 19:00:00,Leicester,Newcastle United,0,3,0.354575,3.44111,0.0023,0.0173,0.9804,2024
26917,2025-04-12 11:30:00,Manchester City,Crystal Palace,5,2,4.59724,1.33808,0.953,0.0375,0.0095,2024
26914,2025-04-12 14:00:00,Brighton,Leicester,2,2,3.6978,1.98444,0.757,0.1406,0.1024,2024
26920,2025-04-12 14:00:00,Nottingham Forest,Everton,0,1,0.423949,1.26036,0.1152,0.2812,0.6036,2024
26921,2025-04-12 14:00:00,Southampton,Aston Villa,0,3,0.412256,2.99927,0.0067,0.0401,0.9532,2024
26913,2025-04-12 16:30:00,Arsenal,Brentford,1,1,0.767369,0.588583,0.3528,0.3931,0.2541,2024
26915,2025-04-13 13:00:00,Chelsea,Ipswich,2,2,2.90758,1.60301,0.683,0.1687,0.1483,2024
26916,2025-04-13 13:00:00,Liverpool,West Ham,2,1,1.42902,1.46598,0.3477,0.2738,0.3785,2024
26919,2025-04-13 13:00:00,Wolverhampton Wanderers,Tottenham,4,2,2.22977,1.62887,0.5173,0.2576,0.2251,2024
26918,2025-04-13 15:30:00,Newcastle United,Manchester United,4,1,2.6383,0.786568,0.8412,0.1171,0.0417,2024
26912,2025-04-14 19:00:00,Bournemouth,Fulham,1,0,1.8577,1.07203,0.5849,0.252,0.1631,2024
26890,2025-04-16 18:30:00,Newcastle United,Crystal Palace,5,0,2.32947,2.37548,0.3579,0.2435,0.3986,2024
26923,2025-04-19 14:00:00,Brentford,Brighton,4,2,2.95516,1.24107,0.7701,0.1388,0.0911,2024
26924,2025-04-19 14:00:00,Crystal Palace,Bournemouth,0,0,0.337818,0.664093,0.1637,0.455,0.3813,2024
26925,2025-04-19 14:00:00,Everton,Manchester City,0,2,0.81683,1.87989,0.1104,0.2189,0.6707,2024
26931,2025-04-19 14:00:00,West Ham,Southampton,1,1,0.98423,0.922877,0.3491,0.3248,0.3261,2024
26922,2025-04-19 16:30:00,Aston Villa,Newcastle United,4,1,3.05371,1.27176,0.7759,0.1423,0.0818,2024
26926,2025-04-20 13:00:00,Fulham,Chelsea,1,2,0.306122,0.75172,0.1302,0.4303,0.4395,2024
26927,2025-04-20 13:00:00,Ipswich,Arsenal,0,4,0.192879,2.81362,0.0072,0.0553,0.9375,2024
26929,2025-04-20 13:00:00,Manchester United,Wolverhampton Wanderers,0,1,1.13966,0.187814,0.6609,0.2871,0.052,2024
26928,2025-04-20 15:30:00,Leicester,Liverpool,0,1,0.232205,4.52706,0.0008,0.0076,0.9916,2024
26930,2025-04-21 19:00:00,Tottenham,Nottingham Forest,1,2,2.4024,0.557682,0.8257,0.1354,0.0389,2024
26937,2025-04-22 19:00:00,Manchester City,Aston Villa,2,1,1.36232,1.85906,0.2418,0.2563,0.5019,2024
26933,2025-04-23 19:00:00,Arsenal,Crystal Palace,2,2,1.92149,2.50515,0.246,0.2422,0.5118,2024
26935,2025-04-26 11:30:00,Chelsea,Everton,1,0,0.768313,0.916838,0.2698,0.3471,0.3831,2024
26934,2025-04-26 14:00:00,Brighton,West Ham,3,2,1.29433,1.24134,0.3616,0.3042,0.3342,2024
26938,2025-04-26 14:00:00,Newcastle United,Ipswich,3,0,4.11539,0.127203,0.9957,0.0042,0.0001,2024
26940,2025-04-26 14:00:00,Southampton,Fulham,1,2,0.935581,1.9956,0.1505,0.2297,0.6198,2024
26941,2025-04-26 14:00:00,Wolverhampton Wanderers,Leicester,3,0,2.57666,1.04978,0.7706,0.1808,0.0486,2024
26932,2025-04-27 13:00:00,Bournemouth,Manchester United,1,1,0.60995,1.91039,0.0921,0.1962,0.7117,2024
26936,2025-04-27 15:30:00,Liverpool,Tottenham,5,1,2.51104,0.512812,0.8573,0.1117,0.031,2024
26939,2025-05-01 18:30:00,Nottingham Forest,Brentford,0,2,0.670607,1.52054,0.1438,0.2489,0.6073,2024
26942,2025-05-02 19:00:00,Manchester City,Wolverhampton Wanderers,1,0,0.859463,0.622455,0.3848,0.3891,0.2261,2024
26946,2025-05-03 11:30:00,Aston Villa,Fulham,1,0,1.29013,0.702787,0.5348,0.2908,0.1744,2024
26950,2025-05-03 14:00:00,Everton,Ipswich,2,2,0.808481,1.14351,0.2298,0.3338,0.4364,2024
26951,2025-05-03 14:00:00,Leicester,Southampton,2,0,1.60739,0.550774,0.6624,0.2346,0.103,2024
26945,2025-05-03 16:30:00,Arsenal,Bournemouth,1,2,2.05484,1.41783,0.5211,0.2557,0.2232,2024
26943,2025-05-04 13:00:00,West Ham,Tottenham,1,1,1.15166,0.847022,0.4364,0.3336,0.23,2024
26944,2025-05-04 13:00:00,Brighton,Newcastle United,1,1,0.687863,1.63777,0.1051,0.2547,0.6402,2024
26947,2025-05-04 13:00:00,Brentford,Manchester United,4,3,3.58737,1.13404,0.8872,0.0801,0.0327,2024
26948,2025-05-04 15:30:00,Chelsea,Liverpool,3,1,3.51944,1.4267,0.8324,0.1076,0.06,2024
26949,2025-05-05 19:00:00,Crystal Palace,Nottingham Forest,1,1,2.34037,0.63684,0.8147,0.1331,0.0522,2024
26953,2025-05-10 14:00:00,Fulham,Everton,1,3,1.20869,1.32604,0.3218,0.296,0.3822,2024
26954,2025-05-10 14:00:00,Ipswich,Brentford,0,1,0.717433,1.32077,0.1823,0.2938,0.5239,2024
26959,2025-05-10 14:00:00,Southampton,Manchester City,0,0,0.136995,1.58463,0.0229,0.2094,0.7677,2024
26961,2025-05-10 14:00:00,Wolverhampton Wanderers,Brighton,0,2,0.73395,1.41254,0.1305,0.2918,0.5777,2024
26955,2025-05-10 16:30:00,Bournemouth,Aston Villa,0,1,1.02272,1.12376,0.274,0.3837,0.3423,2024
26957,2025-05-11 11:00:00,Newcastle United,Chelsea,2,0,1.6703,0.646426,0.6582,0.2315,0.1103,2024
26956,2025-05-11 13:15:00,Manchester United,West Ham,0,2,2.31287,2.15985,0.399,0.2482,0.3528,2024
26958,2025-05-11 13:15:00,Nottingham Forest,Leicester,2,2,1.76909,1.22949,0.5061,0.2652,0.2287,2024
26960,2025-05-11 13:15:00,Tottenham,Crystal Palace,0,2,0.806792,3.98546,0.0142,0.0453,0.9405,2024
26952,2025-05-11 15:30:00,Liverpool,Arsenal,2,2,2.74682,2.18795,0.5145,0.2225,0.263,2024
26963,2025-05-16 18:30:00,Aston Villa,Tottenham,2,0,1.69061,0.523016,0.6815,0.2339,0.0846,2024
26966,2025-05-16 19:15:00,Chelsea,Manchester United,1,0,1.29571,0.337632,0.663,0.2621,0.0749,2024
26968,2025-05-18 11:00:00,Everton,Southampton,2,0,2.67793,1.05025,0.8042,0.1512,0.0446,2024
26971,2025-05-18 13:15:00,West Ham,Nottingham Forest,1,2,0.850457,2.14756,0.1065,0.1841,0.7094,2024
26964,2025-05-18 14:00:00,Brentford,Fulham,2,3,2.43045,1.61741,0.6007,0.2318,0.1675,2024
26969,2025-05-18 14:00:00,Leicester,Ipswich,2,0,0.788544,1.36957,0.2047,0.2845,0.5108,2024
26962,2025-05-18 15:30:00,Arsenal,Newcastle United,1,0,1.15958,2.24634,0.1377,0.2035,0.6588,2024
26965,2025-05-19 19:00:00,Brighton,Liverpool,3,2,2.17789,3.065,0.2057,0.1973,0.597,2024
26967,2025-05-20 19:00:00,Crystal Palace,Wolverhampton Wanderers,4,2,1.68451,1.42886,0.4333,0.2618,0.3049,2024
26970,2025-05-20 19:00:00,Manchester City,Bournemouth,3,1,1.59779,0.962014,0.5444,0.2663,0.1893,2024
26972,2025-05-25 15:00:00,Nottingham Forest,Chelsea,0,1,1.58014,1.30874,0.4164,0.3092,0.2744,2024
26973,2025-05-25 15:00:00,Newcastle United,Everton,0,1,1.1591,1.07279,0.3642,0.3114,0.3244,2024
26974,2025-05-25 15:00:00,Manchester United,Aston Villa,2,0,2.96259,0.335222,0.9378,0.0534,0.0088,2024
26975,2025-05-25 15:00:00,Liverpool,Crystal Palace,1,1,1.92122,1.4144,0.4965,0.2624,0.2411,2024
26976,2025-05-25 15:00:00,Tottenham,Brighton,1,4,1.85265,3.11624,0.1249,0.1908,0.6843,2024
26977,2025-05-25 15:00:00,Southampton,Arsenal,1,2,0.598144,2.40711,0.0582,0.1366,0.8052,2024
26978,2025-05-25 15:00:00,Wolverhampton Wanderers,Brentford,1,1,1.10889,1.97196,0.1792,0.2217,0.5991,2024
26979,2025-05-25 15:00:00,Bournemouth,Leicester,2,0,2.72449,0.156702,0.9369,0.058,0.0051,2024
26980,2025-05-25 15:00:00,Ipswich,West Ham,1,3,0.893095,0.967379,0.3083,0.339,0.3527,2024
26981,2025-05-25 15:00:00,Fulham,Manchester City,0,2,2.21797,2.45923,0.336,0.2351,0.4289,2024
28778,2025-08-15 19:00:00,Liverpool,Bournemouth,4,2,2.33007,1.57303,0.5498,0.2276,0.2226,2025
28779,2025-08-16 11:30:00,Aston Villa,Newcastle United,0,0,0.318601,1.40098,0.0629,0.2371,0.7,2025
28780,2025-08-16 14:00:00,Brighton,Fulham,1,1,1.44008,0.902883,0.5158,0.3088,0.1754,2025
28781,2025-08-16 14:00:00,Sunderland,West Ham,3,0,0.724368,0.558948,0.363,0.391,0.246,2025
28782,2025-08-16 14:00:00,Tottenham,Burnley,3,0,1.97858,0.734138,0.7032,0.1993,0.0975,2025
28783,2025-08-16 16:30:00,Wolverhampton Wanderers,Manchester City,0,4,0.519436,2.29903,0.0404,0.1179,0.8417,2025
28784,2025-08-17 13:00:00,Chelsea,Crystal Palace,0,0,1.36793,1.03414,0.4404,0.2929,0.2667,2025
28785,2025-08-17 13:00:00,Nottingham Forest,Brentford,3,1,1.7555,1.32516,0.4714,0.2855,0.2431,2025
28786,2025-08-17 15:30:00,Manchester United,Arsenal,0,1,1.37653,1.3304,0.3408,0.3074,0.3518,2025
28787,2025-08-18 19:00:00,Leeds,Everton,1,0,2.3812,0.674338,0.8116,0.1394,0.049,2025
28788,2025-08-22 19:00:00,West Ham,Chelsea,1,5,0.978572,3.94997,0.0153,0.0485,0.9362,2025
28789,2025-08-23 11:30:00,Manchester City,Tottenham,0,2,1.2475,1.28015,0.3526,0.2889,0.3585,2025
28790,2025-08-23 14:00:00,Brentford,Aston Villa,1,0,1.12964,0.976852,0.4019,0.3328,0.2653,2025
28791,2025-08-23 14:00:00,Burnley,Sunderland,2,0,1.00381,1.12127,0.2978,0.3293,0.3729,2025
28792,2025-08-23 14:00:00,Bournemouth,Wolverhampton Wanderers,1,0,1.78462,0.373367,0.7888,0.1642,0.047,2025
28793,2025-08-23 16:30:00,Arsenal,Leeds,5,0,2.73761,0.156761,0.9569,0.039,0.0041,2025
28794,2025-08-24 13:00:00,Crystal Palace,Nottingham Forest,1,1,1.10188,1.32987,0.2822,0.3071,0.4107,2025
28795,2025-08-24 13:00:00,Everton,Brighton,2,0,1.80116,2.08487,0.2765,0.2775,0.446,2025
28796,2025-08-24 15:30:00,Fulham,Manchester United,1,1,1.65333,1.54603,0.3868,0.2852,0.328,2025
28797,2025-08-25 19:00:00,Newcastle United,Liverpool,2,3,1.96342,0.646559,0.7493,0.1793,0.0714,2025
28798,2025-08-30 11:30:00,Chelsea,Fulham,2,0,2.4324,0.736228,0.811,0.1338,0.0552,2025
28799,2025-08-30 14:00:00,Tottenham,Bournemouth,0,1,0.17067,2.1201,0.016,0.1089,0.8751,2025
28800,2025-08-30 14:00:00,Wolverhampton Wanderers,Everton,2,3,0.943257,2.03791,0.1205,0.2084,0.6711,2025
28801,2025-08-30 14:00:00,Sunderland,Brentford,2,1,1.57127,1.44604,0.3654,0.3194,0.3152,2025
28802,2025-08-30 14:00:00,Manchester United,Burnley,3,2,4.02237,1.32618,0.911,0.0655,0.0235,2025
28803,2025-08-30 16:30:00,Leeds,Newcastle United,0,0,0.6773,0.303635,0.408,0.4518,0.1402,2025
28804,2025-08-31 13:00:00,Nottingham Forest,West Ham,0,3,0.716018,2.236,0.0594,0.1552,0.7854,2025
28805,2025-08-31 13:00:00,Brighton,Manchester City,2,1,2.20864,2.13418,0.3828,0.2726,0.3446,2025
28806,2025-08-31 15:30:00,Liverpool,Arsenal,1,0,0.481404,0.485679,0.2681,0.4624,0.2695,2025
28807,2025-08-31 18:00:00,Aston Villa,Crystal Palace,0,3,1.20586,2.59713,0.0734,0.161,0.7656,2025
28808,2025-09-13 11:30:00,Arsenal,Nottingham Forest,3,0,2.8817,0.293681,0.9419,0.048,0.0101,2025
28809,2025-09-13 14:00:00,Newcastle United,Wolverhampton Wanderers,1,0,1.19186,0.375942,0.6234,0.2851,0.0915,2025
28810,2025-09-13 14:00:00,Bournemouth,Brighton,2,1,1.44187,0.624923,0.6177,0.2664,0.1159,2025
28811,2025-09-13 14:00:00,Crystal Palace,Sunderland,0,0,1.75805,0.354129,0.7823,0.1686,0.0491,2025
28812,2025-09-13 14:00:00,Everton,Aston Villa,0,0,1.8927,0.354327,0.7847,0.1658,0.0495,2025
28813,2025-09-13 14:00:00,Fulham,Leeds,1,0,1.13979,0.830398,0.4371,0.3383,0.2246,2025
28814,2025-09-13 16:30:00,West Ham,Tottenham,0,3,0.793248,1.51402,0.1696,0.2807,0.5497,2025
28815,2025-09-13 19:00:00,Brentford,Chelsea,2,2,1.17533,0.755999,0.495,0.2994,0.2056,2025
28816,2025-09-14 13:00:00,Burnley,Liverpool,0,1,0.168041,2.79492,0.0037,0.0387,0.9576,2025
28817,2025-09-14 15:30:00,Manchester City,Manchester United,3,0,1.99725,1.51915,0.4799,0.2573,0.2628,2025
28818,2025-09-20 11:30:00,Liverpool,Everton,2,1,1.06166,0.721371,0.4455,0.33,0.2245,2025
28819,2025-09-20 14:00:00,West Ham,Crystal Palace,1,2,0.466365,2.33565,0.035,0.1161,0.8489,2025
28820,2025-09-20 14:00:00,Wolverhampton Wanderers,Leeds,1,3,1.5661,0.456988,0.6878,0.2266,0.0856,2025
28821,2025-09-20 14:00:00,Brighton,Tottenham,2,2,1.40466,1.19181,0.4028,0.3289,0.2683,2025
28822,2025-09-20 14:00:00,Burnley,Nottingham Forest,1,1,1.14159,0.830779,0.4397,0.3168,0.2435,2025
28824,2025-09-20 16:30:00,Manchester United,Chelsea,2,1,1.34458,0.469843,0.6294,0.2748,0.0958,2025
28825,2025-09-20 19:00:00,Fulham,Brentford,3,1,1.52431,0.826556,0.5643,0.2588,0.1769,2025
28823,2025-09-21 13:00:00,Bournemouth,Newcastle United,0,0,0.55066,0.153629,0.3942,0.5216,0.0842,2025
28826,2025-09-21 13:00:00,Sunderland,Aston Villa,1,1,0.938312,0.939354,0.3258,0.3463,0.3279,2025
28827,2025-09-21 15:30:00,Arsenal,Manchester City,1,1,0.718575,1.1227,0.2028,0.3221,0.4751,2025
28828,2025-09-27 11:30:00,Brentford,Manchester United,3,1,2.78726,2.23609,0.5118,0.2491,0.2391,2025
28829,2025-09-27 14:00:00,Chelsea,Brighton,1,3,2.02653,2.4751,0.2603,0.2482,0.4915,2025
28830,2025-09-27 14:00:00,Crystal Palace,Liverpool,2,1,3.53323,3.10176,0.4872,0.1968,0.316,2025
28832,2025-09-27 14:00:00,Leeds,Bournemouth,2,2,2.04728,1.06033,0.6258,0.219,0.1552,2025
28833,2025-09-27 14:00:00,Manchester City,Burnley,5,1,3.22133,0.509491,0.9279,0.0602,0.0119,2025
28834,2025-09-27 16:30:00,Nottingham Forest,Sunderland,0,1,1.4203,1.94154,0.2527,0.2346,0.5127,2025
28835,2025-09-27 19:00:00,Tottenham,Wolverhampton Wanderers,1,1,0.818711,1.15951,0.2181,0.3376,0.4443,2025
28831,2025-09-28 13:00:00,Aston Villa,Fulham,3,1,1.36575,0.952612,0.4792,0.293,0.2278,2025
28836,2025-09-28 15:30:00,Newcastle United,Arsenal,1,2,0.739851,2.07048,0.0956,0.1872,0.7172,2025
28837,2025-09-29 19:00:00,Everton,West Ham,1,1,0.909703,0.775766,0.3639,0.3478,0.2883,2025
28838,2025-10-03 19:00:00,Bournemouth,Fulham,3,1,1.33458,0.84335,0.5037,0.2971,0.1992,2025
28844,2025-10-04 11:30:00,Leeds,Tottenham,1,2,1.48051,0.688198,0.6,0.2633,0.1367,2025
28839,2025-10-04 14:00:00,Arsenal,West Ham,2,0,3.0585,0.864549,0.8876,0.0891,0.0233,2025
28845,2025-10-04 14:00:00,Manchester United,Sunderland,2,0,1.9298,0.807119,0.6826,0.2067,0.1107,2025
28842,2025-10-04 16:30:00,Chelsea,Liverpool,2,1,1.23721,2.05981,0.1603,0.2554,0.5843,2025
28840,2025-10-05 13:00:00,Aston Villa,Burnley,2,1,1.73572,0.502292,0.7029,0.2168,0.0803,2025
28843,2025-10-05 13:00:00,Everton,Crystal Palace,2,1,2.13876,2.17789,0.3623,0.2646,0.3731,2025
28846,2025-10-05 13:00:00,Newcastle United,Nottingham Forest,2,0,3.81662,0.337689,0.9788,0.0182,0.003,2025
28847,2025-10-05 13:00:00,Wolverhampton Wanderers,Brighton,1,1,0.369404,1.39158,0.0797,0.2474,0.6729,2025
28841,2025-10-05 15:30:00,Brentford,Manchester City,0,1,0.693758,1.09647,0.2127,0.3477,0.4396,2025
28854,2025-10-18 11:30:00,Nottingham Forest,Chelsea,0,3,2.0555,2.5583,0.2761,0.2325,0.4914,2025
28848,2025-10-18 14:00:00,Brighton,Newcastle United,2,1,0.857104,1.28313,0.234,0.2943,0.4717,2025
28849,2025-10-18 14:00:00,Burnley,Leeds,2,0,0.509647,2.33152,0.0318,0.1277,0.8405,2025
28850,2025-10-18 14:00:00,Crystal Palace,Bournemouth,3,3,4.56284,2.0471,0.8893,0.0764,0.0343,2025
28853,2025-10-18 14:00:00,Manchester City,Everton,2,0,2.4799,0.794622,0.7871,0.157,0.0559,2025
28855,2025-10-18 14:00:00,Sunderland,Wolverhampton Wanderers,2,0,1.02481,0.676323,0.4521,0.3322,0.2157,2025
28851,2025-10-18 16:30:00,Fulham,Arsenal,0,1,0.502332,2.07823,0.0509,0.1423,0.8068,2025
28856,2025-10-19 13:00:00,Tottenham,Aston Villa,1,2,1.51461,0.352231,0.7246,0.2099,0.0655,2025
28852,2025-10-19 15:30:00,Liverpool,Manchester United,1,2,2.60972,2.53117,0.403,0.2349,0.3621,2025
28857,2025-10-20 19:00:00,West Ham,Brentford,0,2,0.260251,3.46635,0.0056,0.0286,0.9658,2025
28864,2025-10-24 19:00:00,Leeds,West Ham,2,1,2.2214,0.498653,0.8342,0.1246,0.0412,2025
28862,2025-10-25 14:00:00,Chelsea,Sunderland,1,2,1.21332,1.5506,0.2529,0.2876,0.4595,2025
28866,2025-10-25 14:00:00,Newcastle United,Fulham,2,1,2.76806,1.52001,0.6984,0.1854,0.1162,2025
28865,2025-10-25 16:30:00,Manchester United,Brighton,4,2,1.96231,0.947154,0.6368,0.216,0.1472,2025
28861,2025-10-25 19:00:00,Brentford,Liverpool,3,2,3.27126,2.11838,0.6466,0.1867,0.1667,2025
28858,2025-10-26 13:00:00,Bournemouth,Nottingham Forest,2,0,0.656601,0.305493,0.4009,0.4563,0.1428,2025
28859,2025-10-26 13:00:00,Arsenal,Crystal Palace,1,0,0.856175,0.350534,0.4818,0.3843,0.1339,2025
28860,2025-10-26 13:00:00,Aston Villa,Manchester City,1,0,0.843906,1.36914,0.2191,0.289,0.4919,2025
28867,2025-10-26 13:00:00,Wolverhampton Wanderers,Burnley,2,3,2.58132,1.54544,0.6426,0.2132,0.1442,2025
28863,2025-10-26 15:30:00,Everton,Tottenham,0,3,1.4032,2.09327,0.1933,0.2511,0.5556,2025
28868,2025-11-01 15:00:00,Brighton,Leeds,3,0,2.64127,0.35919,0.9151,0.0719,0.013,2025
28869,2025-11-01 15:00:00,Burnley,Arsenal,0,2,0.679177,2.51649,0.0346,0.1281,0.8373,2025
28870,2025-11-01 15:00:00,Crystal Palace,Brentford,2,0,0.734558,0.820498,0.284,0.3671,0.3489,2025
28871,2025-11-01 15:00:00,Fulham,Wolverhampton Wanderers,3,0,1.91207,0.209934,0.8557,0.1234,0.0209,2025
28874,2025-11-01 15:00:00,Nottingham Forest,Manchester United,2,2,1.55066,0.91622,0.5553,0.2598,0.1849,2025
28876,2025-11-01 17:30:00,Tottenham,Chelsea,0,1,0.146954,3.34251,0.0016,0.0201,0.9783,2025
28872,2025-11-01 20:00:00,Liverpool,Aston Villa,2,0,1.47021,0.43502,0.6494,0.2552,0.0954,2025
28877,2025-11-02 14:00:00,West Ham,Newcastle United,3,1,1.41383,0.523615,0.6355,0.2546,0.1099,2025
28873,2025-11-02 16:30:00,Manchester City,Bournemouth,3,1,2.48999,0.899846,0.7693,0.1598,0.0709,2025
28875,2025-11-03 20:00:00,Sunderland,Everton,1,1,1.18068,1.00741,0.3718,0.3203,0.3079,2025
28886,2025-11-08 12:30:00,Tottenham,Manchester United,2,2,1.35532,0.820256,0.5103,0.2821,0.2076,2025
28882,2025-11-08 15:00:00,Everton,Fulham,2,0,2.30607,0.424478,0.855,0.1105,0.0345,2025
28887,2025-11-08 15:00:00,West Ham,Burnley,3,2,2.96728,1.87478,0.6782,0.2072,0.1146,2025
28885,2025-11-08 17:30:00,Sunderland,Arsenal,2,2,1.20495,2.32943,0.1307,0.214,0.6553,2025
28880,2025-11-08 20:00:00,Chelsea,Wolverhampton Wanderers,3,0,3.98342,0.111462,0.9924,0.0074,0.0002,2025
28878,2025-11-09 14:00:00,Aston Villa,Bournemouth,4,0,1.88282,2.00992,0.3334,0.2653,0.4013,2025
28879,2025-11-09 14:00:00,Brentford,Newcastle United,3,1,2.73729,0.432277,0.9194,0.0653,0.0153,2025
28881,2025-11-09 14:00:00,Crystal Palace,Brighton,0,0,0.839547,0.637037,0.3615,0.3807,0.2578,2025
28884,2025-11-09 14:00:00,Nottingham Forest,Leeds,3,1,2.49097,0.419461,0.8925,0.0884,0.0191,2025
28883,2025-11-09 16:30:00,Manchester City,Liverpool,3,0,1.59542,1.0281,0.5265,0.2798,0.1937,2025
28891,2025-11-22 12:30:00,Burnley,Chelsea,0,2,0.660943,1.72093,0.109,0.2248,0.6662,2025
28888,2025-11-22 15:00:00,Bournemouth,West Ham,2,2,3.48299,0.390782,0.9602,0.0349,0.0049,2025
28890,2025-11-22 15:00:00,Brighton,Brentford,2,1,0.977488,2.19979,0.0872,0.1756,0.7372,2025
28892,2025-11-22 15:00:00,Fulham,Sunderland,1,0,2.83729,0.222768,0.9361,0.0547,0.0092,2025
28894,2025-11-22 15:00:00,Liverpool,Nottingham Forest,0,3,1.79273,1.19459,0.5209,0.2497,0.2294,2025
28897,2025-11-22 15:00:00,Wolverhampton Wanderers,Crystal Palace,0,2,1.66409,1.44933,0.428,0.285,0.287,2025
28896,2025-11-22 17:30:00,Newcastle United,Manchester City,2,1,2.40555,2.45648,0.3783,0.2442,0.3775,2025
28893,2025-11-23 14:00:00,Leeds,Aston Villa,1,2,1.84668,1.35978,0.5039,0.2601,0.236,2025
28889,2025-11-23 16:30:00,Arsenal,Tottenham,4,1,2.27827,0.0300672,0.9246,0.0744,0.001,2025
28895,2025-11-24 20:00:00,Manchester United,Everton,0,1,2.2737,0.155063,0.8897,0.0985,0.0118,2025
28899,2025-11-29 15:00:00,Brentford,Burnley,3,1,3.72106,0.874025,0.9508,0.0419,0.0073,2025
28903,2025-11-29 15:00:00,Manchester City,Leeds,3,2,2.85292,1.75142,0.6549,0.2088,0.1363,2025
28905,2025-11-29 15:00:00,Sunderland,Bournemouth,3,2,1.16955,1.79274,0.1677,0.3108,0.5215,2025
28902,2025-11-29 17:30:00,Everton,Newcastle United,1,4,1.01125,2.45882,0.0953,0.1744,0.7303,2025
28906,2025-11-29 20:00:00,Tottenham,Fulham,1,2,1.04396,0.494736,0.5297,0.324,0.1463,2025
28901,2025-11-30 12:00:00,Crystal Palace,Manchester United,1,2,2.13561,1.47768,0.5412,0.2822,0.1766,2025
28898,2025-11-30 14:05:00,Aston Villa,Wolverhampton Wanderers,1,0,1.15486,0.692588,0.4809,0.3149,0.2042,2025
28904,2025-11-30 14:05:00,Nottingham Forest,Brighton,0,2,0.960325,2.0572,0.1427,0.2061,0.6512,2025
28907,2025-11-30 14:05:00,West Ham,Liverpool,0,2,0.364152,1.56793,0.0588,0.1997,0.7415,2025
28900,2025-11-30 16:30:00,Chelsea,Arsenal,1,1,0.791914,1.22828,0.2095,0.3069,0.4836,2025
28908,2025-12-02 19:30:00,Bournemouth,Everton,0,1,0.635415,1.19573,0.1737,0.3189,0.5074,2025
28912,2025-12-02 19:30:00,Fulham,Manchester City,4,5,0.972635,1.96225,0.1408,0.2232,0.636,2025
28916,2025-12-02 20:15:00,Newcastle United,Tottenham,2,2,1.88558,1.05205,0.5817,0.2502,0.1681,2025
28909,2025-12-03 19:30:00,Arsenal,Brentford,2,0,2.63126,0.588716,0.8618,0.1086,0.0296,2025
28910,2025-12-03 19:30:00,Brighton,Aston Villa,3,4,1.96298,3.15745,0.1501,0.1771,0.6728,2025
28911,2025-12-03 19:30:00,Burnley,Crystal Palace,0,1,1.16852,0.987797,0.3817,0.3288,0.2895,2025
28917,2025-12-03 19:30:00,Wolverhampton Wanderers,Nottingham Forest,0,1,1.02461,1.12389,0.3096,0.3553,0.3351,2025
28913,2025-12-03 20:15:00,Leeds,Chelsea,3,1,2.2047,0.964018,0.7167,0.1866,0.0967,2025
28914,2025-12-03 20:15:00,Liverpool,Sunderland,1,1,1.37633,0.712662,0.5385,0.2953,0.1662,2025
28915,2025-12-04 20:00:00,Manchester United,West Ham,1,1,2.27674,1.36584,0.6156,0.2213,0.1631,2025
28919,2025-12-06 12:30:00,Aston Villa,Arsenal,2,1,2.71986,1.85965,0.5866,0.2031,0.2103,2025
28918,2025-12-06 15:00:00,Bournemouth,Chelsea,0,0,1.41931,0.672602,0.6116,0.271,0.1174,2025
28921,2025-12-06 15:00:00,Everton,Nottingham Forest,3,0,1.25348,0.31234,0.6583,0.263,0.0787,2025
28924,2025-12-06 15:00:00,Manchester City,Sunderland,3,0,2.41605,0.626486,0.8094,0.1365,0.0541,2025
28925,2025-12-06 15:00:00,Newcastle United,Burnley,2,1,1.80708,1.58375,0.4078,0.2946,0.2976,2025
28926,2025-12-06 15:00:00,Tottenham,Brentford,2,0,2.42388,0.470563,0.874,0.1019,0.0241,2025
28923,2025-12-06 17:30:00,Leeds,Liverpool,3,3,1.79333,2.04805,0.3199,0.2543,0.4258,2025
28920,2025-12-07 14:00:00,Brighton,West Ham,1,1,2.10077,1.7064,0.4659,0.2432,0.2909,2025
28922,2025-12-07 16:30:00,Fulham,Crystal Palace,1,2,0.766771,1.71109,0.1398,0.2443,0.6159,2025
28927,2025-12-08 20:00:00,Wolverhampton Wanderers,Manchester United,1,4,0.262147,4.04708,0.0013,0.0112,0.9875,2025
28931,2025-12-13 15:00:00,Chelsea,Everton,2,0,2.64457,1.34,0.6853,0.181,0.1337,2025
28933,2025-12-13 15:00:00,Liverpool,Brighton,2,0,2.4127,1.69004,0.5519,0.2199,0.2282,2025
28930,2025-12-13 17:30:00,Burnley,Fulham,2,3,2.05486,1.65053,0.4687,0.2506,0.2807,2025
28928,2025-12-13 20:00:00,Arsenal,Wolverhampton Wanderers,2,1,1.61796,0.61997,0.6309,0.2644,0.1047,2025
28932,2025-12-14 14:00:00,Crystal Palace,Manchester City,0,3,1.30092,1.35317,0.3229,0.2899,0.3872,2025
28935,2025-12-14 14:00:00,Nottingham Forest,Tottenham,3,0,2.32658,0.380246,0.8804,0.0967,0.0229,2025
28936,2025-12-14 14:00:00,Sunderland,Newcastle United,1,0,0.630045,0.169329,0.4509,0.4675,0.0816,2025
28937,2025-12-14 14:00:00,West Ham,Aston Villa,2,3,1.27701,0.595093,0.5651,0.3111,0.1238,2025
28929,2025-12-14 16:30:00,Brentford,Leeds,1,1,0.697006,1.63409,0.1171,0.2592,0.6237,2025
28934,2025-12-15 20:00:00,Manchester United,Bournemouth,4,4,3.21204,2.35196,0.5797,0.1979,0.2224,2025
28945,2025-12-20 12:30:00,Newcastle United,Chelsea,2,2,2.87863,1.0261,0.8323,0.117,0.0507,2025
28938,2025-12-20 15:00:00,Bournemouth,Burnley,1,1,1.81847,0.480528,0.7581,0.1923,0.0496,2025
28940,2025-12-20 15:00:00,Brighton,Sunderland,0,0,0.919272,1.31044,0.2447,0.2888,0.4665,2025
28944,2025-12-20 15:00:00,Manchester City,West Ham,3,0,3.58188,1.02143,0.9032,0.0686,0.0282,2025
28947,2025-12-20 15:00:00,Wolverhampton Wanderers,Brentford,0,2,1.26823,1.56309,0.2792,0.2924,0.4284,2025
28946,2025-12-20 17:30:00,Tottenham,Liverpool,1,2,1.34905,1.23164,0.3774,0.3092,0.3134,2025
28941,2025-12-20 20:00:00,Everton,Arsenal,0,1,0.213273,1.84723,0.0177,0.1169,0.8654,2025
28943,2025-12-20 20:00:00,Leeds,Crystal Palace,4,1,2.90786,1.53058,0.7202,0.1848,0.095,2025
28939,2025-12-21 16:30:00,Aston Villa,Manchester United,2,1,1.86917,1.30455,0.5333,0.27,0.1967,2025
28942,2025-12-22 20:00:00,Fulham,Nottingham Forest,1,0,1.70568,0.486296,0.743,0.1931,0.0639,2025
28954,2025-12-26 20:00:00,Manchester United,Newcastle United,1,0,0.940811,1.12998,0.2985,0.3125,0.389,2025
28955,2025-12-27 12:30:00,Nottingham Forest,Manchester City,1,2,0.600141,1.46468,0.1293,0.2671,0.6036,2025
28948,2025-12-27 15:00:00,Arsenal,Brighton,2,1,2.54318,0.710064,0.822,0.1286,0.0494,2025
28949,2025-12-27 15:00:00,Brentford,Bournemouth,4,1,2.8513,2.56183,0.4446,0.2365,0.3189,2025
28950,2025-12-27 15:00:00,Burnley,Everton,0,0,1.24948,1.25204,0.338,0.2938,0.3682,2025
28953,2025-12-27 15:00:00,Liverpool,Wolverhampton Wanderers,2,1,1.56502,0.780664,0.5756,0.2883,0.1361,2025
28957,2025-12-27 15:00:00,West Ham,Fulham,0,1,1.13719,1.11436,0.3509,0.3111,0.338,2025
28951,2025-12-27 17:30:00,Chelsea,Aston Villa,1,2,1.97155,2.05918,0.3354,0.2749,0.3897,2025
28956,2025-12-28 14:00:00,Sunderland,Leeds,1,1,0.805957,2.60653,0.0588,0.1287,0.8125,2025
28952,2025-12-28 16:30:00,Crystal Palace,Tottenham,0,1,0.929681,0.870768,0.3247,0.3463,0.329,2025
28960,2025-12-30 19:30:00,Burnley,Newcastle United,1,3,1.32551,2.49248,0.129,0.196,0.675,2025
28961,2025-12-30 19:30:00,Chelsea,Bournemouth,2,2,2.33294,3.49142,0.1502,0.1905,0.6593,2025
28965,2025-12-30 19:30:00,Nottingham Forest,Everton,0,2,1.75445,1.69525,0.3776,0.2639,0.3585,2025
28967,2025-12-30 19:30:00,West Ham,Brighton,2,2,2.27644,3.08914,0.1995,0.2097,0.5908,2025
28958,2025-12-30 20:15:00,Arsenal,Aston Villa,4,1,4.41335,2.94195,0.6941,0.1691,0.1368,2025
28964,2025-12-30 20:15:00,Manchester United,Wolverhampton Wanderers,1,1,1.13306,1.21784,0.3127,0.3104,0.3769,2025
28962,2026-01-01 17:30:00,Crystal Palace,Fulham,1,1,2.35346,1.75434,0.5385,0.2305,0.231,2025
28963,2026-01-01 17:30:00,Liverpool,Leeds,0,0,1.67833,0.15936,0.8379,0.1434,0.0187,2025
28959,2026-01-01 20:00:00,Brentford,Tottenham,0,0,0.556304,0.608309,0.2635,0.4337,0.3028,2025
28966,2026-01-01 20:00:00,Sunderland,Manchester City,0,0,0.962141,2.44247,0.0985,0.1597,0.7418,2025
28972,2026-01-03 12:30:00,Aston Villa,Nottingham Forest,3,1,1.42988,0.8982,0.5062,0.2854,0.2084,2025
28970,2026-01-03 15:00:00,Wolverhampton Wanderers,West Ham,3,0,2.23925,0.235678,0.9109,0.0781,0.011,2025
28973,2026-01-03 15:00:00,Brighton,Burnley,2,0,1.4717,0.254551,0.7247,0.2236,0.0517,2025
28971,2026-01-03 17:30:00,Bournemouth,Arsenal,2,3,0.947846,1.28,0.2551,0.2988,0.4461,2025
28976,2026-01-04 12:30:00,Leeds,Manchester United,1,1,0.970138,1.94781,0.1395,0.2351,0.6254,2025
28968,2026-01-04 15:00:00,Newcastle United,Crystal Palace,2,0,2.72764,1.27825,0.7489,0.1653,0.0858,2025
28969,2026-01-04 15:00:00,Tottenham,Sunderland,1,1,1.4175,0.467481,0.6917,0.2321,0.0762,2025
28974,2026-01-04 15:00:00,Everton,Brentford,2,4,1.00566,3.05179,0.0586,0.1135,0.8279,2025
28975,2026-01-04 15:00:00,Fulham,Liverpool,2,2,0.609182,1.7188,0.0957,0.2177,0.6866,2025
28977,2026-01-04 17:30:00,Manchester City,Chelsea,1,1,1.03049,2.03726,0.1151,0.2012,0.6837,2025
28987,2026-01-06 20:00:00,West Ham,Nottingham Forest,1,2,1.73697,1.26683,0.4809,0.2855,0.2336,2025
28978,2026-01-07 19:30:00,Everton,Wolverhampton Wanderers,1,1,1.63321,0.71329,0.6437,0.2323,0.124,2025
28979,2026-01-07 19:30:00,Bournemouth,Tottenham,3,2,1.19014,1.6261,0.2401,0.2869,0.473,2025
28981,2026-01-07 19:30:00,Brentford,Sunderland,3,0,3.86096,1.50644,0.8769,0.0866,0.0365,2025
28983,2026-01-07 19:30:00,Crystal Palace,Aston Villa,0,0,1.32505,2.07015,0.193,0.2327,0.5743,2025
28984,2026-01-07 19:30:00,Fulham,Chelsea,2,1,1.06013,2.45107,0.1032,0.1646,0.7322,2025
28985,2026-01-07 19:30:00,Manchester City,Brighton,1,1,2.95904,1.33162,0.7562,0.1607,0.0831,2025
28982,2026-01-07 20:15:00,Burnley,Manchester United,2,2,0.31971,2.52488,0.0234,0.1025,0.8741,2025
28986,2026-01-07 20:15:00,Newcastle United,Leeds,4,3,2.43495,2.35318,0.401,0.2529,0.3461,2025
28980,2026-01-08 20:00:00,Arsenal,Liverpool,0,0,0.701832,0.318642,0.4144,0.4412,0.1444,2025
28993,2026-01-17 12:30:00,Manchester United,Manchester City,2,0,3.07278,0.387015,0.9392,0.0489,0.0119,2025
28990,2026-01-17 15:00:00,Chelsea,Brentford,2,0,1.62263,1.47521,0.4189,0.2809,0.3002,2025
28991,2026-01-17 15:00:00,Leeds,Fulham,1,0,2.16898,0.258796,0.864,0.1163,0.0197,2025
28992,2026-01-17 15:00:00,Liverpool,Burnley,1,1,3.49045,0.546971,0.9471,0.041,0.0119,2025
28995,2026-01-17 15:00:00,Sunderland,Crystal Palace,2,1,1.84601,1.15169,0.5566,0.26,0.1834,2025
28996,2026-01-17 15:00:00,Tottenham,West Ham,1,2,1.65292,2.76761,0.1425,0.202,0.6555,2025
28994,2026-01-17 17:30:00,Nottingham Forest,Arsenal,0,0,0.318481,2.86323,0.0086,0.0474,0.944,2025
28997,2026-01-18 14:00:00,Wolverhampton Wanderers,Newcastle United,0,0,0.390216,0.813313,0.1649,0.3912,0.4439,2025
28988,2026-01-18 16:30:00,Aston Villa,Everton,0,1,0.905393,0.745859,0.3565,0.3572,0.2863,2025
28989,2026-01-19 20:00:00,Brighton,Bournemouth,1,1,0.995777,1.69737,0.1781,0.2457,0.5762,2025
29007,2026-01-24 12:30:00,West Ham,Sunderland,3,1,2.18675,0.713838,0.777,0.1625,0.0605,2025
29001,2026-01-24 15:00:00,Burnley,Tottenham,2,2,1.54884,2.59093,0.153,0.2126,0.6344,2025
29004,2026-01-24 15:00:00,Fulham,Brighton,2,1,1.13243,1.94652,0.1687,0.2381,0.5932,2025
29005,2026-01-24 15:00:00,Manchester City,Wolverhampton Wanderers,2,0,1.0654,0.542683,0.4964,0.3317,0.1719,2025
28998,2026-01-24 17:30:00,Bournemouth,Liverpool,3,2,3.31474,0.937335,0.8979,0.0725,0.0296,2025
29000,2026-01-25 14:00:00,Brentford,Nottingham Forest,0,2,2.00413,1.38958,0.5375,0.2893,0.1732,2025
29002,2026-01-25 14:00:00,Crystal Palace,Chelsea,1,3,2.41793,3.08817,0.2467,0.2125,0.5408,2025
29006,2026-01-25 14:00:00,Newcastle United,Aston Villa,0,2,1.95484,1.32143,0.5465,0.2409,0.2126,2025
28999,2026-01-25 16:30:00,Arsenal,Manchester United,2,3,1.42411,0.640902,0.6023,0.2707,0.127,2025
29003,2026-01-26 20:00:00,Everton,Leeds,1,1,0.889916,1.6766,0.1546,0.259,0.5864,2025
29010,2026-01-31 15:00:00,Brighton,Everton,1,1,1.42825,1.28126,0.3888,0.2998,0.3114,2025
29015,2026-01-31 15:00:00,Leeds,Arsenal,0,4,0.17871,3.54427,0.0022,0.0201,0.9777,2025
29017,2026-01-31 15:00:00,Wolverhampton Wanderers,Bournemouth,0,2,2.10353,1.59116,0.4904,0.26,0.2496,2025
29009,2026-01-31 17:30:00,Chelsea,West Ham,3,2,2.66133,1.72585,0.6123,0.2211,0.1666,2025
29014,2026-01-31 20:00:00,Liverpool,Newcastle United,4,1,3.09973,0.284319,0.9463,0.0443,0.0094,2025
29008,2026-02-01 14:00:00,Aston Villa,Brentford,0,1,2.15316,0.314916,0.8302,0.1363,0.0335,2025
29012,2026-02-01 14:00:00,Manchester United,Fulham,3,2,1.84362,1.71998,0.3948,0.2664,0.3388,2025
29013,2026-02-01 14:00:00,Nottingham Forest,Crystal Palace,1,1,0.987254,1.648,0.1767,0.2772,0.5461,2025
29016,2026-02-01 16:30:00,Tottenham,Manchester City,2,2,1.49738,2.03614,0.2511,0.2387,0.5102,2025
29011,2026-02-02 20:00:00,Sunderland,Burnley,3,0,1.8865,0.126371,0.8773,0.1119,0.0108,2025
29023,2026-02-06 20:00:00,Leeds,Nottingham Forest,3,1,3.38179,1.6608,0.7774,0.1399,0.0827,2025
29025,2026-02-07 12:30:00,Manchester United,Tottenham,2,0,2.16576,0.593404,0.7759,0.1586,0.0655,2025
29018,2026-02-07 15:00:00,Bournemouth,Aston Villa,1,1,1.82646,0.646496,0.6897,0.2097,0.1006,2025
29019,2026-02-07 15:00:00,Arsenal,Sunderland,3,0,1.19401,0.427225,0.569,0.3173,0.1137,2025
29021,2026-02-07 15:00:00,Burnley,West Ham,0,2,1.84644,1.1223,0.5545,0.2637,0.1818,2025
29022,2026-02-07 15:00:00,Fulham,Everton,1,2,2.20126,1.88778,0.4559,0.2296,0.3145,2025
29027,2026-02-07 15:00:00,Wolverhampton Wanderers,Chelsea,1,3,1.11372,3.76278,0.0241,0.0624,0.9135,2025
29026,2026-02-07 17:30:00,Newcastle United,Brentford,2,3,3.3215,1.65022,0.7774,0.1378,0.0848,2025
29020,2026-02-08 14:00:00,Brighton,Crystal Palace,0,1,0.737798,0.928404,0.2553,0.3644,0.3803,2025
29024,2026-02-08 16:30:00,Liverpool,Manchester City,1,2,1.26652,2.41476,0.1318,0.1961,0.6721,2025
29030,2026-02-10 19:30:00,Chelsea,Leeds,2,2,3.21176,1.28948,0.8272,0.1298,0.043,2025
29032,2026-02-10 19:30:00,Everton,Bournemouth,1,2,2.33114,1.4121,0.6046,0.235,0.1604,2025
29036,2026-02-10 19:30:00,Tottenham,Newcastle United,1,2,1.68925,2.46991,0.2104,0.2207,0.5689,2025
29037,2026-02-10 20:15:00,West Ham,Manchester United,1,1,1.30746,0.735767,0.5384,0.2938,0.1678,2025
29028,2026-02-11 19:30:00,Aston Villa,Brighton,1,0,0.576138,0.481306,0.3064,0.4474,0.2462,2025
29031,2026-02-11 19:30:00,Crystal Palace,Burnley,2,3,2.1276,0.691273,0.7338,0.1809,0.0853,2025
29033,2026-02-11 19:30:00,Manchester City,Fulham,3,0,1.67722,1.05283,0.5343,0.2546,0.2111,2025
29034,2026-02-11 19:30:00,Nottingham Forest,Wolverhampton Wanderers,0,0,3.69094,0.406959,0.9709,0.0249,0.0042,2025
29035,2026-02-11 20:15:00,Sunderland,Liverpool,0,1,0.693794,3.08172,0.0341,0.0804,0.8855,2025
29029,2026-02-12 20:00:00,Brentford,Arsenal,1,1,1.81154,0.78418,0.6367,0.2304,0.1329,2025
29087,2026-02-18 20:00:00,Wolverhampton Wanderers,Arsenal,2,2,0.173119,2.01018,0.0145,0.0862,0.8993,2025
29038,2026-02-21 15:00:00,Aston Villa,Leeds,1,1,1.25439,1.27855,0.349,0.2903,0.3607,2025
29039,2026-02-21 15:00:00,Brentford,Brighton,0,2,1.69023,1.37203,0.4477,0.2841,0.2682,2025
29040,2026-02-21 15:00:00,Chelsea,Burnley,1,1,2.51534,1.01255,0.7629,0.1628,0.0743,2025
29047,2026-02-21 17:30:00,West Ham,Bournemouth,0,0,2.34412,0.522731,0.8387,0.1203,0.041,2025
29043,2026-02-21 20:00:00,Manchester City,Newcastle United,2,1,2.22648,0.507954,0.8142,0.1373,0.0485,2025
29041,2026-02-22 14:00:00,Crystal Palace,Wolverhampton Wanderers,1,0,2.03559,1.67749,0.459,0.2691,0.2719,2025
29044,2026-02-22 14:00:00,Nottingham Forest,Liverpool,0,1,0.934768,2.39634,0.0658,0.1486,0.7856,2025
29045,2026-02-22 14:00:00,Sunderland,Fulham,1,3,1.7609,2.16696,0.2628,0.2664,0.4708,2025
29046,2026-02-22 16:30:00,Tottenham,Arsenal,1,4,0.383264,3.31701,0.0088,0.0401,0.9511,2025
29042,2026-02-23 20:00:00,Everton,Manchester United,0,1,0.560924,1.4547,0.1076,0.245,0.6474,2025
29057,2026-02-27 20:00:00,Wolverhampton Wanderers,Aston Villa,2,0,1.50771,1.31328,0.4226,0.2827,0.2947,2025
29048,2026-02-28 12:30:00,Bournemouth,Sunderland,1,1,1.82434,1.07887,0.5551,0.2648,0.1801,2025
29051,2026-02-28 15:00:00,Burnley,Brentford,3,4,0.823824,2.44595,0.0609,0.1435,0.7956,2025
29054,2026-02-28 15:00:00,Liverpool,West Ham,5,2,2.09939,1.3517,0.5536,0.2339,0.2125,2025
29056,2026-02-28 15:00:00,Newcastle United,Everton,2,3,1.11889,2.40731,0.0575,0.169,0.7735,2025
29053,2026-02-28 17:30:00,Leeds,Manchester City,0,1,1.37824,2.46834,0.1403,0.1978,0.6619,2025
29050,2026-03-01 14:00:00,Brighton,Nottingham Forest,2,1,1.20107,0.83055,0.4523,0.3035,0.2442,2025
29052,2026-03-01 14:00:00,Fulham,Tottenham,2,1,2.3207,0.952091,0.7069,0.1828,0.1103,2025
29055,2026-03-01 14:00:00,Manchester United,Crystal Palace,2,1,2.34609,0.384699,0.8774,0.1001,0.0225,2025
29049,2026-03-01 16:30:00,Arsenal,Chelsea,2,1,1.71598,1.35268,0.4449,0.2926,0.2625,2025
29058,2026-03-03 19:30:00,Bournemouth,Brentford,0,0,2.3177,0.673328,0.7902,0.1515,0.0583,2025
29061,2026-03-03 19:30:00,Everton,Burnley,2,0,1.15845,0.762229,0.4352,0.3436,0.2212,2025
29063,2026-03-03 19:30:00,Leeds,Sunderland,0,1,0.888232,0.843856,0.2954,0.3643,0.3403,2025
29067,2026-03-03 20:15:00,Wolverhampton Wanderers,Liverpool,2,1,0.636033,2.17217,0.0584,0.166,0.7756,2025
29059,2026-03-04 19:30:00,Aston Villa,Chelsea,1,4,1.06854,3.38883,0.0343,0.0834,0.8823,2025
29060,2026-03-04 19:30:00,Brighton,Arsenal,0,1,0.919228,0.514803,0.4417,0.3688,0.1895,2025
29062,2026-03-04 19:30:00,Fulham,West Ham,0,1,0.628123,1.49528,0.126,0.2422,0.6318,2025
29064,2026-03-04 19:30:00,Manchester City,Nottingham Forest,2,2,2.72655,1.23642,0.7332,0.1652,0.1016,2025
29065,2026-03-04 20:15:00,Newcastle United,Manchester United,2,1,1.96637,1.80571,0.4273,0.2544,0.3183,2025
29066,2026-03-05 20:00:00,Tottenham,Crystal Palace,1,3,1.29615,1.91515,0.2054,0.2575,0.5371,2025
29070,2026-03-14 15:00:00,Burnley,Bournemouth,0,0,1.67695,2.36979,0.2336,0.2214,0.545,2025
29076,2026-03-14 15:00:00,Sunderland,Brighton,0,1,0.659083,1.12832,0.1994,0.3158,0.4848,2025
29068,2026-03-14 17:30:00,Arsenal,Everton,2,0,1.90855,1.17847,0.5602,0.2503,0.1895,2025
29071,2026-03-14 17:30:00,Chelsea,Newcastle United,0,1,1.72508,1.03251,0.5331,0.2697,0.1972,2025
29077,2026-03-14 20:00:00,West Ham,Manchester City,1,1,0.488982,1.9546,0.0452,0.1911,0.7637,2025
29072,2026-03-15 14:00:00,Crystal Palace,Leeds,0,0,0.525205,1.13558,0.1278,0.3017,0.5705,2025
29074,2026-03-15 14:00:00,Manchester United,Aston Villa,3,1,1.67823,1.21071,0.4854,0.264,0.2506,2025
29075,2026-03-15 14:00:00,Nottingham Forest,Fulham,0,0,0.821011,0.933988,0.2552,0.3626,0.3822,2025
29073,2026-03-15 16:30:00,Liverpool,Tottenham,1,1,1.30076,1.15636,0.3856,0.2861,0.3283,2025
29069,2026-03-16 20:00:00,Brentford,Wolverhampton Wanderers,2,2,2.7966,1.80044,0.6218,0.2068,0.1714,2025
29078,2026-03-20 20:00:00,Bournemouth,Manchester United,2,2,1.76664,1.74574,0.36,0.2839,0.3561,2025
29080,2026-03-21 12:30:00,Brighton,Liverpool,2,1,3.42956,0.956801,0.9049,0.069,0.0261,2025
29082,2026-03-21 15:00:00,Fulham,Burnley,3,1,3.48438,1.92556,0.7203,0.1586,0.1211,2025
29081,2026-03-21 17:30:00,Everton,Chelsea,3,0,1.44532,1.35143,0.3819,0.2794,0.3387,2025
29083,2026-03-21 20:00:00,Leeds,Brentford,0,0,0.417296,0.302221,0.2789,0.5413,0.1798,2025
29085,2026-03-22 12:00:00,Newcastle United,Sunderland,1,2,1.26705,2.66657,0.1162,0.1637,0.7201,2025
29079,2026-03-22 14:15:00,Aston Villa,West Ham,2,0,2.48528,0.760054,0.8124,0.1316,0.056,2025
29086,2026-03-22 14:15:00,Tottenham,Nottingham Forest,0,3,1.6189,1.54408,0.3718,0.2798,0.3484,2025
29091,2026-04-10 19:00:00,West Ham,Wolverhampton Wanderers,4,0,2.54379,0.571967,0.8438,0.1126,0.0436,2025
29092,2026-04-11 11:30:00,Arsenal,Bournemouth,1,2,3.16346,1.39461,0.8221,0.1297,0.0482,2025
29093,2026-04-11 14:00:00,Brentford,Everton,2,2,2.26302,1.57033,0.5424,0.2365,0.2211,2025
29094,2026-04-11 14:00:00,Burnley,Brighton,0,2,0.812029,1.07182,0.2682,0.3324,0.3994,2025
29097,2026-04-11 16:30:00,Liverpool,Fulham,2,0,2.01499,1.42024,0.5162,0.2415,0.2423,2025
29089,2026-04-12 13:00:00,Nottingham Forest,Aston Villa,1,1,0.85045,1.36297,0.216,0.2804,0.5036,2025
29090,2026-04-12 13:00:00,Sunderland,Tottenham,1,0,1.77584,1.01598,0.5697,0.2554,0.1749,2025
29096,2026-04-12 13:00:00,Crystal Palace,Newcastle United,2,1,3.13933,1.27299,0.8241,0.1232,0.0527,2025
29095,2026-04-12 15:30:00,Chelsea,Manchester City,0,3,1.22108,2.40839,0.1456,0.1934,0.661,2025
29088,2026-04-13 19:00:00,Manchester United,Leeds,1,2,1.36555,2.95118,0.0997,0.1434,0.7569,2025
29099,2026-04-18 11:30:00,Brentford,Fulham,0,0,2.33552,0.790707,0.7631,0.1594,0.0775,2025
29103,2026-04-18 14:00:00,Leeds,Wolverhampton Wanderers,3,0,3.55804,0.568627,0.9601,0.032,0.0079,2025
29105,2026-04-18 14:00:00,Newcastle United,Bournemouth,1,2,1.61167,3.36662,0.0545,0.1232,0.8223,2025
29107,2026-04-18 16:30:00,Tottenham,Brighton,2,2,1.56052,1.1373,0.4794,0.273,0.2476,2025
29100,2026-04-18 19:00:00,Chelsea,Manchester United,0,1,1.28109,0.436043,0.5816,0.298,0.1204,2025
29098,2026-04-19 13:00:00,Aston Villa,Sunderland,4,3,3.90223,1.56008,0.8626,0.0885,0.0489,2025
29102,2026-04-19 13:00:00,Everton,Liverpool,1,2,1.4784,1.38333,0.3918,0.2837,0.3245,2025
29106,2026-04-19 13:00:00,Nottingham Forest,Burnley,4,1,1.4425,0.601418,0.5978,0.2837,0.1185,2025
29104,2026-04-19 15:30:00,Manchester City,Arsenal,2,1,2.61528,2.28964,0.4488,0.2479,0.3033,2025
29101,2026-04-20 19:00:00,Crystal Palace,West Ham,0,0,0.733442,0.622445,0.3437,0.3864,0.2699,2025
29110,2026-04-21 19:00:00,Brighton,Chelsea,3,0,2.51784,0.297865,0.9033,0.0788,0.0179,2025
29108,2026-04-22 19:00:00,Bournemouth,Leeds,2,2,1.91355,1.21601,0.5513,0.2434,0.2053,2025
29111,2026-04-22 19:00:00,Burnley,Manchester City,0,1,0.973776,3.40888,0.0443,0.091,0.8647,2025
29115,2026-04-24 19:00:00,Sunderland,Nottingham Forest,0,5,0.614323,1.54208,0.1184,0.2415,0.6401,2025
29112,2026-04-25 11:30:00,Fulham,Aston Villa,1,0,1.24069,0.906156,0.4402,0.3154,0.2444,2025
29113,2026-04-25 14:00:00,Liverpool,Crystal Palace,3,1,1.45071,2.19912,0.2143,0.2313,0.5544,2025
29116,2026-04-25 14:00:00,West Ham,Everton,2,1,1.8356,1.1144,0.5617,0.2554,0.1829,2025
29117,2026-04-25 14:00:00,Wolverhampton Wanderers,Tottenham,0,1,0.762656,1.06403,0.2136,0.3485,0.4379,2025
29109,2026-04-25 16:30:00,Arsenal,Newcastle United,1,0,0.639189,0.868897,0.2295,0.3637,0.4068,2025
29114,2026-04-27 19:00:00,Manchester United,Brentford,2,1,1.84852,1.30383,0.5285,0.2585,0.213,2025
29124,2026-05-01 20:00:00,Leeds,Burnley,3,1,2.09546,0.434597,0.8238,0.1368,0.0394,2025
29121,2026-05-02 15:00:00,Brentford,West Ham,3,0,2.27374,0.753895,0.7785,0.1517,0.0698,2025
29126,2026-05-02 15:00:00,Newcastle United,Brighton,3,1,3.12933,1.87112,0.6723,0.171,0.1567,2025
29127,2026-05-02 15:00:00,Wolverhampton Wanderers,Sunderland,1,1,1.96131,0.923954,0.64,0.2208,0.1392,2025
29119,2026-05-02 17:30:00,Arsenal,Fulham,3,0,4.09079,0.696714,0.9613,0.0311,0.0076,2025
29118,2026-05-03 14:00:00,Bournemouth,Crystal Palace,3,0,2.29626,0.678329,0.7987,0.1448,0.0565,2025
29125,2026-05-03 15:30:00,Manchester United,Liverpool,3,2,2.55612,1.02814,0.7491,0.1546,0.0963,2025
29120,2026-05-03 19:00:00,Aston Villa,Tottenham,1,2,0.609494,1.12225,0.1665,0.3396,0.4939,2025
29122,2026-05-04 15:00:00,Chelsea,Nottingham Forest,1,3,2.17132,2.31019,0.3108,0.2818,0.4074,2025
29123,2026-05-04 20:00:00,Everton,Manchester City,3,3,1.68558,1.41706,0.4424,0.2639,0.2937,2025
29132,2026-05-09 12:30:00,Liverpool,Chelsea,1,1,0.623191,0.597184,0.2937,0.4218,0.2845,2025
29128,2026-05-09 15:00:00,Brighton,Wolverhampton Wanderers,3,0,2.22427,0.515647,0.8144,0.1409,0.0447,2025
29131,2026-05-09 15:00:00,Fulham,Bournemouth,0,1,1.24334,0.998003,0.4114,0.3148,0.2738,2025
29135,2026-05-09 15:00:00,Sunderland,Manchester United,0,0,1.2376,0.535981,0.5615,0.2908,0.1477,2025
29133,2026-05-09 17:30:00,Manchester City,Brentford,3,0,4.37429,0.670038,0.9871,0.0121,0.0008,2025
29129,2026-05-10 14:00:00,Burnley,Aston Villa,2,2,1.71234,1.75493,0.3632,0.2585,0.3783,2025
29130,2026-05-10 14:00:00,Crystal Palace,Everton,2,2,3.28826,2.10265,0.6403,0.1732,0.1865,2025
29134,2026-05-10 14:00:00,Nottingham Forest,Newcastle United,1,1,1.46434,1.65067,0.3112,0.2674,0.4214,2025
29137,2026-05-10 16:30:00,West Ham,Arsenal,0,1,1.32011,1.42953,0.3272,0.2963,0.3765,2025
29136,2026-05-11 20:00:00,Tottenham,Leeds,1,1,1.49036,1.86976,0.2655,0.2596,0.4749,2025
29084,2026-05-13 20:00:00,Manchester City,Crystal Palace,3,0,1.95679,0.428862,0.7928,0.1582,0.049,2025
29140,2026-05-15 20:00:00,Aston Villa,Liverpool,4,2,2.5252,1.55027,0.6252,0.2086,0.1662,2025
29145,2026-05-17 12:30:00,Manchester United,Nottingham Forest,3,2,4.28532,1.84418,0.8387,0.1022,0.0591,2025
29141,2026-05-17 15:00:00,Brentford,Crystal Palace,2,2,1.54564,1.82274,0.2919,0.2635,0.4446,2025
29143,2026-05-17 15:00:00,Everton,Sunderland,1,3,1.32181,1.28383,0.3601,0.3159,0.324,2025
29144,2026-05-17 15:00:00,Leeds,Brighton,1,0,0.747756,2.23238,0.0717,0.1873,0.741,2025
29147,2026-05-17 15:00:00,Wolverhampton Wanderers,Fulham,1,1,1.49725,1.48412,0.3551,0.2872,0.3577,2025
29146,2026-05-17 17:30:00,Newcastle United,West Ham,3,1,2.1336,0.957771,0.6787,0.1995,0.1218,2025
29139,2026-05-18 20:00:00,Arsenal,Burnley,1,0,1.22695,0.194884,0.6915,0.2601,0.0484,2025
29138,2026-05-19 19:30:00,Bournemouth,Manchester City,1,1,1.71486,1.26917,0.4866,0.2553,0.2581,2025
29142,2026-05-19 20:15:00,Chelsea,Tottenham,2,1,1.09262,2.15227,0.1187,0.2128,0.6685,2025
29148,2026-05-24 15:00:00,Brighton,Manchester United,0,3,0.702398,2.32868,0.0517,0.1288,0.8195,2025
29149,2026-05-24 15:00:00,Burnley,Wolverhampton Wanderers,1,1,1.28476,2.8433,0.0878,0.1555,0.7567,2025
29150,2026-05-24 15:00:00,Crystal Palace,Arsenal,1,2,1.00492,3.90645,0.0213,0.0507,0.928,2025
29151,2026-05-24 15:00:00,Fulham,Newcastle United,2,0,1.72878,0.24232,0.7857,0.1784,0.0359,2025
29152,2026-05-24 15:00:00,Liverpool,Brentford,1,1,2.99412,1.46082,0.7222,0.1661,0.1117,2025
29153,2026-05-24 15:00:00,Manchester City,Aston Villa,1,2,1.38085,2.4397,0.1618,0.189,0.6492,2025
29154,2026-05-24 15:00:00,Nottingham Forest,Bournemouth,1,1,2.05852,1.33684,0.5595,0.2329,0.2076,2025
29155,2026-05-24 15:00:00,Sunderland,Chelsea,2,1,2.33109,0.920885,0.7359,0.1755,0.0886,2025
29156,2026-05-24 15:00:00,Tottenham,Everton,1,0,1.40597,0.268476,0.7598,0.198,0.0422,2025
29157,2026-05-24 15:00:00,West Ham,Leeds,3,0,2.73135,1.94969,0.5581,0.2217,0.2202,2025
