match_id,date,home_team_x,away_team_x,home_goals,away_goals,home_xg,away_xg,home_win_prob,draw_prob,away_win_prob,home_team_y,home_xg_5,home_xg_10,home_xga_5,home_xga_10,home_goals_5,home_goals_10,home_goals_against_5,home_goals_against_10,home_xg_diff_5,home_xg_diff_10,home_xg_std_5,home_xg_std_10,home_venue_xg_5,home_venue_xg_10,home_venue_xga_5,home_venue_xga_10,home_rest_days,away_team_y,away_xg_5,away_xg_10,away_xga_5,away_xga_10,away_goals_5,away_goals_10,away_goals_against_5,away_goals_against_10,away_xg_diff_5,away_xg_diff_10,away_xg_std_5,away_xg_std_10,away_venue_xg_5,away_venue_xg_10,away_venue_xga_5,away_venue_xga_10,away_rest_days
28778,2025-08-15 19:00:00,Liverpool,Bournemouth,4,2,2.33007,1.57303,0.5498,0.2276,0.2226,Liverpool,,,,,,,,,,,,,,,,,,Bournemouth,,,,,,,,,,,,,,,,,
28779,2025-08-16 11:30:00,Aston Villa,Newcastle United,0,0,0.318601,1.40098,0.0629,0.2371,0.7,Aston Villa,,,,,,,,,,,,,,,,,,Newcastle United,,,,,,,,,,,,,,,,,
28780,2025-08-16 14:00:00,Brighton,Fulham,1,1,1.44008,0.902883,0.5158,0.3088,0.1754,Brighton,,,,,,,,,,,,,,,,,,Fulham,,,,,,,,,,,,,,,,,
28781,2025-08-16 14:00:00,Sunderland,West Ham,3,0,0.724368,0.558948,0.363,0.391,0.246,Sunderland,,,,,,,,,,,,,,,,,,West Ham,,,,,,,,,,,,,,,,,
28782,2025-08-16 14:00:00,Tottenham,Burnley,3,0,1.97858,0.734138,0.7032,0.1993,0.0975,Tottenham,,,,,,,,,,,,,,,,,,Burnley,,,,,,,,,,,,,,,,,
28783,2025-08-16 16:30:00,Wolverhampton Wanderers,Manchester City,0,4,0.519436,2.29903,0.0404,0.1179,0.8417,Wolverhampton Wanderers,,,,,,,,,,,,,,,,,,Manchester City,,,,,,,,,,,,,,,,,
28784,2025-08-17 13:00:00,Chelsea,Crystal Palace,0,0,1.36793,1.03414,0.4404,0.2929,0.2667,Chelsea,,,,,,,,,,,,,,,,,,Crystal Palace,,,,,,,,,,,,,,,,,
28785,2025-08-17 13:00:00,Nottingham Forest,Brentford,3,1,1.7555,1.32516,0.4714,0.2855,0.2431,Nottingham Forest,,,,,,,,,,,,,,,,,,Brentford,,,,,,,,,,,,,,,,,
28786,2025-08-17 15:30:00,Manchester United,Arsenal,0,1,1.37653,1.3304,0.3408,0.3074,0.3518,Manchester United,,,,,,,,,,,,,,,,,,Arsenal,,,,,,,,,,,,,,,,,
28787,2025-08-18 19:00:00,Leeds,Everton,1,0,2.3812,0.674338,0.8116,0.1394,0.049,Leeds,,,,,,,,,,,,,,,,,,Everton,,,,,,,,,,,,,,,,,
28788,2025-08-22 19:00:00,West Ham,Chelsea,1,5,0.978572,3.94997,0.0153,0.0485,0.9362,West Ham,0.558948,0.558948,0.724368,0.724368,0.0,0.0,3.0,3.0,-0.16542,-0.16542,,,,,,,6.208333333333333,Chelsea,1.36793,1.36793,1.03414,1.03414,0.0,0.0,0.0,0.0,0.33379000000000003,0.33379000000000003,,,,,,,5.25
28789,2025-08-23 11:30:00,Manchester City,Tottenham,0,2,1.2475,1.28015,0.3526,0.2889,0.3585,Manchester City,2.29903,2.29903,0.519436,0.519436,4.0,4.0,0.0,0.0,1.7795940000000001,1.7795940000000001,,,,,,,6.791666666666667,Tottenham,1.97858,1.97858,0.734138,0.734138,3.0,3.0,0.0,0.0,1.244442,1.244442,,,,,,,6.895833333333333
28790,2025-08-23 14:00:00,Brentford,Aston Villa,1,0,1.12964,0.976852,0.4019,0.3328,0.2653,Brentford,1.32516,1.32516,1.7555,1.7555,1.0,1.0,3.0,3.0,-0.43034000000000017,-0.43034000000000017,,,,,,,6.041666666666667,Aston Villa,0.318601,0.318601,1.40098,1.40098,0.0,0.0,0.0,0.0,-1.082379,-1.082379,,,,,,,7.104166666666667
28791,2025-08-23 14:00:00,Burnley,Sunderland,2,0,1.00381,1.12127,0.2978,0.3293,0.3729,Burnley,0.734138,0.734138,1.97858,1.97858,0.0,0.0,3.0,3.0,-1.244442,-1.244442,,,,,,,7.0,Sunderland,0.724368,0.724368,0.558948,0.558948,3.0,3.0,0.0,0.0,0.16542,0.16542,,,,,,,7.0
28792,2025-08-23 14:00:00,Bournemouth,Wolverhampton Wanderers,1,0,1.78462,0.373367,0.7888,0.1642,0.047,Bournemouth,1.57303,1.57303,2.33007,2.33007,2.0,2.0,4.0,4.0,-0.7570400000000002,-0.7570400000000002,,,,,,,7.791666666666667,Wolverhampton Wanderers,0.519436,0.519436,2.29903,2.29903,0.0,0.0,4.0,4.0,-1.7795940000000001,-1.7795940000000001,,,,,,,6.895833333333333
28793,2025-08-23 16:30:00,Arsenal,Leeds,5,0,2.73761,0.156761,0.9569,0.039,0.0041,Arsenal,1.3304,1.3304,1.37653,1.37653,1.0,1.0,0.0,0.0,-0.046130000000000004,-0.046130000000000004,,,,,,,6.041666666666667,Leeds,2.3812,2.3812,0.674338,0.674338,1.0,1.0,0.0,0.0,1.706862,1.706862,,,,,,,4.895833333333333
28794,2025-08-24 13:00:00,Crystal Palace,Nottingham Forest,1,1,1.10188,1.32987,0.2822,0.3071,0.4107,Crystal Palace,1.03414,1.03414,1.36793,1.36793,0.0,0.0,0.0,0.0,-0.33379000000000003,-0.33379000000000003,,,,,,,7.0,Nottingham Forest,1.7555,1.7555,1.32516,1.32516,3.0,3.0,1.0,1.0,0.43034000000000017,0.43034000000000017,,,,,,,7.0
28795,2025-08-24 13:00:00,Everton,Brighton,2,0,1.80116,2.08487,0.2765,0.2775,0.446,Everton,0.674338,0.674338,2.3812,2.3812,0.0,0.0,1.0,1.0,-1.706862,-1.706862,,,,,,,5.75,Brighton,1.44008,1.44008,0.902883,0.902883,1.0,1.0,1.0,1.0,0.537197,0.537197,,,,,,,7.958333333333333
28796,2025-08-24 15:30:00,Fulham,Manchester United,1,1,1.65333,1.54603,0.3868,0.2852,0.328,Fulham,0.902883,0.902883,1.44008,1.44008,1.0,1.0,1.0,1.0,-0.537197,-0.537197,,,,,,,8.0625,Manchester United,1.37653,1.37653,1.3304,1.3304,0.0,0.0,1.0,1.0,0.046130000000000004,0.046130000000000004,,,,,,,7.0
28797,2025-08-25 19:00:00,Newcastle United,Liverpool,2,3,1.96342,0.646559,0.7493,0.1793,0.0714,Newcastle United,1.40098,1.40098,0.318601,0.318601,0.0,0.0,0.0,0.0,1.082379,1.082379,,,,,,,9.3125,Liverpool,2.33007,2.33007,1.57303,1.57303,4.0,4.0,2.0,2.0,0.7570400000000002,0.7570400000000002,,,,,,,10.0
28798,2025-08-30 11:30:00,Chelsea,Fulham,2,0,2.4324,0.736228,0.811,0.1338,0.0552,Chelsea,2.65895,2.65895,1.006356,1.006356,2.5,2.5,0.5,0.5,1.652594,1.652594,1.8257779932949132,1.8257779932949132,1.36793,1.36793,1.03414,1.03414,7.6875,Fulham,1.2781065,1.2781065,1.493055,1.493055,1.0,1.0,1.0,1.0,-0.2149485,-0.2149485,0.530646162621101,0.530646162621101,0.902883,0.902883,1.44008,1.44008,5.833333333333333
28802,2025-08-30 14:00:00,Manchester United,Burnley,3,2,4.02237,1.32618,0.911,0.0655,0.0235,Manchester United,1.46128,1.46128,1.491865,1.491865,0.5,0.5,1.0,1.0,-0.030585000000000084,-0.030585000000000084,0.11985459941111988,0.11985459941111988,1.37653,1.37653,1.3304,1.3304,5.9375,Burnley,0.868974,0.868974,1.549925,1.549925,1.0,1.0,1.5,1.5,-0.680951,-0.680951,0.19068689989613874,0.19068689989613874,0.734138,0.734138,1.97858,1.97858,7.0
28801,2025-08-30 14:00:00,Sunderland,Brentford,2,1,1.57127,1.44604,0.3654,0.3194,0.3152,Sunderland,0.9228190000000001,0.9228190000000001,0.781379,0.781379,1.5,1.5,1.0,1.0,0.14144,0.14144,0.280652095666503,0.280652095666503,0.724368,0.724368,0.558948,0.558948,7.0,Brentford,1.2273999999999998,1.2273999999999998,1.366176,1.366176,1.0,1.0,1.5,1.5,-0.13877600000000023,-0.13877600000000023,0.13825351785759363,0.13825351785759363,1.32516,1.32516,1.7555,1.7555,7.0
28800,2025-08-30 14:00:00,Wolverhampton Wanderers,Everton,2,3,0.943257,2.03791,0.1205,0.2084,0.6711,Wolverhampton Wanderers,0.4464015,0.4464015,2.0418250000000002,2.0418250000000002,0.0,0.0,2.5,2.5,-1.5954235000000003,-1.5954235000000003,0.10328638042113782,0.10328638042113782,0.519436,0.519436,2.29903,2.29903,7.0,Everton,1.237749,1.237749,2.233035,2.233035,1.0,1.0,0.5,0.5,-0.9952860000000001,-0.9952860000000001,0.7967834773901881,0.7967834773901881,0.674338,0.674338,2.3812,2.3812,6.041666666666667
28799,2025-08-30 14:00:00,Tottenham,Bournemouth,0,1,0.17067,2.1201,0.016,0.1089,0.8751,Tottenham,1.629365,1.629365,0.990819,0.990819,2.5,2.5,0.0,0.0,0.638546,0.638546,0.49386458918412046,0.49386458918412046,1.97858,1.97858,0.734138,0.734138,7.104166666666667,Bournemouth,1.678825,1.678825,1.3517185,1.3517185,1.5,1.5,2.0,2.0,0.32710649999999997,0.32710649999999997,0.1496167238312617,0.1496167238312617,1.57303,1.57303,2.33007,2.33007,7.0
28803,2025-08-30 16:30:00,Leeds,Newcastle United,0,0,0.6773,0.303635,0.408,0.4518,0.1402,Leeds,1.2689805,1.2689805,1.705974,1.705974,0.5,0.5,2.5,2.5,-0.43699350000000003,-0.43699350000000003,1.5729159012358227,1.5729159012358227,2.3812,2.3812,0.674338,0.674338,7.0,Newcastle United,1.6822,1.6822,0.48258,0.48258,1.0,1.0,1.5,1.5,1.19962,1.19962,0.39770513801056184,0.39770513801056184,1.40098,1.40098,0.318601,0.318601,4.895833333333333
28804,2025-08-31 13:00:00,Nottingham Forest,West Ham,0,3,0.716018,2.236,0.0594,0.1552,0.7854,Nottingham Forest,1.542685,1.542685,1.21352,1.21352,2.0,2.0,1.0,1.0,0.32916500000000015,0.32916500000000015,0.30096585927643016,0.30096585927643016,1.7555,1.7555,1.32516,1.32516,7.0,West Ham,0.76876,0.76876,2.337169,2.337169,0.5,0.5,4.0,4.0,-1.568409,-1.568409,0.29671897594862384,0.29671897594862384,0.558948,0.558948,0.724368,0.724368,8.75
28805,2025-08-31 13:00:00,Brighton,Manchester City,2,1,2.20864,2.13418,0.3828,0.2726,0.3446,Brighton,1.762475,1.762475,1.3520215,1.3520215,0.5,0.5,1.5,1.5,0.4104535,0.4104535,0.45593538144127393,0.45593538144127393,1.44008,1.44008,0.902883,0.902883,7.0,Manchester City,1.773265,1.773265,0.899793,0.899793,2.0,2.0,1.0,1.0,0.8734720000000001,0.8734720000000001,0.7435439936210904,0.7435439936210904,2.29903,2.29903,0.519436,0.519436,8.0625
28806,2025-08-31 15:30:00,Liverpool,Arsenal,1,0,0.481404,0.485679,0.2681,0.4624,0.2695,Liverpool,1.4883145,1.4883145,1.768225,1.768225,3.5,3.5,2.0,2.0,-0.27991049999999995,-0.27991049999999995,1.1904220443021458,1.1904220443021458,2.33007,2.33007,1.57303,1.57303,5.854166666666667,Arsenal,2.034005,2.034005,0.7666455,0.7666455,3.0,3.0,0.0,0.0,1.2673595,1.2673595,0.9950477335535216,0.9950477335535216,1.3304,1.3304,1.37653,1.37653,7.958333333333333
28807,2025-08-31 18:00:00,Aston Villa,Crystal Palace,0,3,1.20586,2.59713,0.0734,0.161,0.7656,Aston Villa,0.6477265000000001,0.6477265000000001,1.26531,1.26531,0.0,0.0,0.5,0.5,-0.6175834999999998,-0.6175834999999998,0.46545374582282606,0.46545374582282606,0.318601,0.318601,1.40098,1.40098,8.166666666666666,Crystal Palace,1.0680100000000001,1.0680100000000001,1.3489,1.3489,0.5,0.5,0.5,0.5,-0.28088999999999986,-0.28088999999999986,0.04789941335757659,0.04789941335757659,1.03414,1.03414,1.36793,1.36793,7.208333333333333
28808,2025-09-13 11:30:00,Arsenal,Nottingham Forest,3,0,2.8817,0.293681,0.9419,0.048,0.0101,Arsenal,1.5178963333333335,1.5178963333333335,0.6715650000000001,0.6715650000000001,2.0,2.0,0.3333333333333333,0.3333333333333333,0.8463313333333334,0.8463313333333334,1.1376134947557248,1.1376134947557248,2.73761,2.73761,0.156761,0.156761,12.833333333333334,Nottingham Forest,1.2671293333333333,1.2671293333333333,1.5543466666666668,1.5543466666666668,1.3333333333333333,1.3333333333333333,1.6666666666666667,1.6666666666666667,-0.28721733333333344,-0.28721733333333344,0.5225734403137355,0.5225734403137355,1.32987,1.32987,1.10188,1.10188,12.9375
28813,2025-09-13 14:00:00,Fulham,Leeds,1,0,1.13979,0.830398,0.4371,0.3383,0.2246,Fulham,1.0974803333333334,1.0974803333333334,1.8061699999999998,1.8061699999999998,0.6666666666666666,0.6666666666666666,1.3333333333333333,1.3333333333333333,-0.7086896666666664,-0.7086896666666664,0.48853875097717003,0.48853875097717003,1.65333,1.65333,1.54603,1.54603,14.104166666666666,Leeds,1.0717536666666667,1.0717536666666667,1.2385276666666667,1.2385276666666667,0.3333333333333333,0.3333333333333333,1.6666666666666667,1.6666666666666667,-0.16677399999999998,-0.16677399999999998,1.163497953388975,1.163497953388975,0.156761,0.156761,2.73761,2.73761,13.895833333333334
28811,2025-09-13 14:00:00,Crystal Palace,Sunderland,0,0,1.75805,0.354129,0.7823,0.1686,0.0491,Crystal Palace,1.5777166666666667,1.5777166666666667,1.30122,1.30122,1.3333333333333333,1.3333333333333333,0.3333333333333333,0.3333333333333333,0.2764966666666666,0.2764966666666666,0.8834873145854064,0.8834873145854064,1.10188,1.10188,1.32987,1.32987,12.833333333333334,Sunderland,1.1389693333333335,1.1389693333333335,1.0029326666666667,1.0029326666666667,1.6666666666666667,1.6666666666666667,1.0,1.0,0.1360366666666668,0.1360366666666668,0.42372833183696046,0.42372833183696046,1.12127,1.12127,1.00381,1.00381,14.0
28812,2025-09-13 14:00:00,Everton,Aston Villa,0,0,1.8927,0.354327,0.7847,0.1658,0.0495,Everton,1.5044693333333334,1.5044693333333334,1.803109,1.803109,1.6666666666666667,1.6666666666666667,1.0,1.0,-0.29863966666666664,-0.29863966666666664,0.7285953359453611,0.7285953359453611,1.80116,1.80116,2.08487,2.08487,14.0,Aston Villa,0.833771,0.833771,1.70925,1.70925,0.0,0.0,1.3333333333333333,1.3333333333333333,-0.8754789999999999,-0.8754789999999999,0.4606096641311382,0.4606096641311382,0.976852,0.976852,1.12964,1.12964,12.833333333333334
28809,2025-09-13 14:00:00,Newcastle United,Wolverhampton Wanderers,1,0,1.19186,0.375942,0.6234,0.2851,0.0915,Newcastle United,1.2226783333333333,1.2226783333333333,0.5474866666666667,0.5474866666666667,0.6666666666666666,0.6666666666666666,1.0,1.0,0.6751916666666666,0.6751916666666666,0.8441357561484606,0.8441357561484606,1.96342,1.96342,0.646559,0.646559,13.895833333333334,Wolverhampton Wanderers,0.61202,0.61202,2.0405200000000003,2.0405200000000003,0.6666666666666666,0.6666666666666666,2.6666666666666665,2.6666666666666665,-1.4285000000000003,-1.4285000000000003,0.2960109809061144,0.2960109809061144,0.373367,0.373367,1.78462,1.78462,14.0
28810,2025-09-13 14:00:00,Bournemouth,Brighton,2,1,1.44187,0.624923,0.6177,0.2664,0.1159,Bournemouth,1.8259166666666669,1.8259166666666669,0.9580356666666666,0.9580356666666666,1.3333333333333333,1.3333333333333333,1.3333333333333333,1.3333333333333333,0.8678810000000002,0.8678810000000002,0.27586311321619883,0.27586311321619883,1.78462,1.78462,0.373367,0.373367,14.0,Brighton,1.9111966666666664,1.9111966666666664,1.6127410000000004,1.6127410000000004,1.0,1.0,1.3333333333333333,1.3333333333333333,0.298455666666666,0.298455666666666,0.4126656496891076,0.4126656496891076,2.08487,2.08487,1.80116,1.80116,13.041666666666666
28814,2025-09-13 16:30:00,West Ham,Tottenham,0,3,0.793248,1.51402,0.1696,0.2807,0.5497,West Ham,1.25784,1.25784,1.7967853333333335,1.7967853333333335,1.3333333333333333,1.3333333333333333,2.6666666666666665,2.6666666666666665,-0.5389453333333334,-0.5389453333333334,0.8727077486444131,0.8727077486444131,0.978572,0.978572,3.94997,3.94997,13.145833333333334,Tottenham,1.1431333333333333,1.1431333333333333,1.367246,1.367246,1.6666666666666667,1.6666666666666667,0.3333333333333333,0.3333333333333333,-0.22411266666666663,-0.22411266666666663,0.9117098317081666,0.9117098317081666,1.28015,1.28015,1.2475,1.2475,14.104166666666666
28815,2025-09-13 19:00:00,Brentford,Chelsea,2,2,1.17533,0.755999,0.495,0.2994,0.2056,Brentford,1.3002799999999999,1.3002799999999999,1.4345406666666667,1.4345406666666667,1.0,1.0,1.6666666666666667,1.6666666666666667,-0.1342606666666668,-0.1342606666666668,0.1596605799814093,0.1596605799814093,1.12964,1.12964,0.976852,0.976852,14.208333333333334,Chelsea,2.5834333333333332,2.5834333333333332,0.9163133333333334,0.9163133333333334,2.3333333333333335,2.3333333333333335,0.3333333333333333,0.3333333333333333,1.6671199999999997,1.6671199999999997,1.2976289690174667,1.2976289690174667,3.94997,3.94997,0.978572,0.978572,14.3125
28816,2025-09-14 13:00:00,Burnley,Liverpool,0,1,0.168041,2.79492,0.0037,0.0387,0.9576,Burnley,1.021376,1.021376,2.374073333333333,2.374073333333333,1.3333333333333333,1.3333333333333333,2.0,2.0,-1.352697333333333,-1.352697333333333,0.2964116322076446,0.2964116322076446,1.00381,1.00381,1.12127,1.12127,14.958333333333334,Liverpool,1.1526776666666667,1.1526776666666667,1.3407096666666665,1.3407096666666665,2.6666666666666665,2.6666666666666665,1.3333333333333333,1.3333333333333333,-0.18803199999999975,-0.18803199999999975,1.02299001630042,1.02299001630042,0.646559,0.646559,1.96342,1.96342,13.895833333333334
28817,2025-09-14 15:30:00,Manchester City,Manchester United,3,0,1.99725,1.51915,0.4799,0.2573,0.2628,Manchester City,1.8935700000000002,1.8935700000000002,1.3360753333333333,1.3360753333333333,1.6666666666666667,1.6666666666666667,1.3333333333333333,1.3333333333333333,0.5574946666666669,0.5574946666666669,0.5655516902105413,0.5655516902105413,1.2475,1.2475,1.28015,1.28015,14.104166666666666,Manchester United,2.3149766666666665,2.3149766666666665,1.4366366666666668,1.4366366666666668,1.3333333333333333,1.3333333333333333,1.3333333333333333,1.3333333333333333,0.8783399999999997,0.8783399999999997,1.481072772868819,1.481072772868819,1.54603,1.54603,1.65333,1.65333,15.0625
28818,2025-09-20 11:30:00,Liverpool,Everton,2,1,1.06166,0.721371,0.4455,0.33,0.2245,Liverpool,1.56323825,1.56323825,1.0475425,1.0475425,2.25,2.25,1.0,1.0,0.5156957499999999,0.5156957499999999,1.1712866227564669,1.1712866227564669,1.405737,1.405737,1.0293545,1.0293545,5.9375,Everton,1.601527,1.601527,1.4409135,1.4409135,1.25,1.25,0.75,0.75,0.16061349999999996,0.16061349999999996,0.6257647627844403,0.6257647627844403,1.356124,1.356124,1.6622285,1.6622285,6.895833333333333
28821,2025-09-20 14:00:00,Brighton,Tottenham,2,2,1.40466,1.19181,0.4028,0.3289,0.2683,Brighton,1.58962825,1.58962825,1.5700232500000002,1.5700232500000002,1.0,1.0,1.5,1.5,0.019604999999999873,0.019604999999999873,0.726053449831519,0.726053449831519,1.82436,1.82436,1.5185315000000001,1.5185315000000001,7.0,Tottenham,1.235855,1.235855,1.2237465,1.2237465,2.0,2.0,0.25,0.25,0.012108499999999855,0.012108499999999855,0.7671586806956346,0.7671586806956346,1.397085,1.397085,1.020374,1.020374,6.895833333333333
28819,2025-09-20 14:00:00,West Ham,Crystal Palace,1,2,0.466365,2.33565,0.035,0.1161,0.8489,West Ham,1.141692,1.141692,1.726094,1.726094,1.0,1.0,2.75,2.75,-0.5844020000000001,-0.5844020000000001,0.7494713523402124,0.7494713523402124,0.88591,0.88591,2.731995,2.731995,6.895833333333333,Crystal Palace,1.6228,1.6228,1.06444725,1.06444725,1.0,1.0,0.25,0.25,0.5583527500000001,0.5583527500000001,0.7269777056187255,0.7269777056187255,1.8156349999999999,1.8156349999999999,1.286895,1.286895,7.0
28820,2025-09-20 14:00:00,Wolverhampton Wanderers,Leeds,1,3,1.5661,0.456988,0.6878,0.2266,0.0856,Wolverhampton Wanderers,0.5530005,0.5530005,1.8283550000000002,1.8283550000000002,0.5,0.5,2.25,2.25,-1.2753545000000002,-1.2753545000000002,0.268976218401677,0.268976218401677,0.7313465,0.7313465,2.16847,2.16847,7.0,Leeds,1.0114147500000001,1.0114147500000001,1.21384325,1.21384325,0.25,0.25,1.5,1.5,-0.2024284999999999,-0.2024284999999999,0.9576263003654315,0.9576263003654315,0.4935795,0.4935795,1.9387,1.9387,7.0
28822,2025-09-20 14:00:00,Burnley,Nottingham Forest,1,1,1.14159,0.830779,0.4397,0.3168,0.2435,Burnley,0.80804225,0.80804225,2.479285,2.479285,1.0,1.0,1.75,1.75,-1.67124275,-1.67124275,0.4905286869235241,0.4905286869235241,0.5859255000000001,0.5859255000000001,1.958095,1.958095,6.041666666666667,Nottingham Forest,1.0237672500000001,1.0237672500000001,1.886185,1.886185,1.0,1.0,2.0,2.0,-0.8624177499999999,-0.8624177499999999,0.6472679106044498,0.6472679106044498,0.8117755000000001,0.8117755000000001,1.99179,1.99179,7.104166666666667
28824,2025-09-20 16:30:00,Manchester United,Chelsea,2,1,1.34458,0.469843,0.6294,0.2748,0.0958,Manchester United,2.11602,2.11602,1.57679,1.57679,1.0,1.0,1.75,1.75,0.5392299999999999,0.5392299999999999,1.2730747791076529,1.2730747791076529,2.6994499999999997,2.6994499999999997,1.32829,1.32829,6.041666666666667,Chelsea,2.12657475,2.12657475,0.9810675,0.9810675,2.25,2.25,0.75,0.75,1.14550725,1.14550725,1.3990853041005933,1.3990853041005933,2.3529845,2.3529845,1.076951,1.076951,6.895833333333333
28825,2025-09-20 19:00:00,Fulham,Brentford,3,1,1.52431,0.826556,0.5643,0.2588,0.1769,Fulham,1.10805775,1.10805775,1.562227,1.562227,0.75,0.75,1.0,1.0,-0.4541692500000001,-0.4541692500000001,0.399450791017179,0.399450791017179,1.39656,1.39656,1.1882139999999999,1.1882139999999999,7.208333333333333,Brentford,1.2690424999999999,1.2690424999999999,1.26490525,1.26490525,1.25,1.25,1.75,1.75,0.00413724999999987,0.00413724999999987,0.14455953614918202,0.14455953614918202,1.3856,1.3856,1.663385,1.663385,7.0
28823,2025-09-21 13:00:00,Bournemouth,Newcastle United,0,0,0.55066,0.153629,0.3942,0.5216,0.0842,Bournemouth,1.729905,1.729905,0.8747575000000001,0.8747575000000001,1.5,1.5,1.25,1.25,0.8551475,0.8551475,0.2959841189996517,0.2959841189996517,1.613245,1.613245,0.499145,0.499145,7.958333333333333,Newcastle United,1.21497375,1.21497375,0.5046005,0.5046005,0.75,0.75,0.75,0.75,0.71037325,0.71037325,0.6894061881718087,0.6894061881718087,0.8523075,0.8523075,0.4979505,0.4979505,7.958333333333333
28826,2025-09-21 13:00:00,Sunderland,Aston Villa,1,1,0.938312,0.939354,0.3258,0.3463,0.3279,Sunderland,0.94275925,0.94275925,1.1917119999999999,1.1917119999999999,1.25,1.25,0.75,0.75,-0.24895274999999983,-0.24895274999999983,0.5231545851921622,0.5231545851921622,1.147819,1.147819,1.002494,1.002494,7.958333333333333,Aston Villa,0.71391,0.71391,1.7551125,1.7551125,0.0,0.0,1.0,1.0,-1.0412025,-1.0412025,0.44599044729455806,0.44599044729455806,0.6655895000000001,0.6655895000000001,1.51117,1.51117,7.958333333333333
28827,2025-09-21 15:30:00,Arsenal,Manchester City,1,1,0.718575,1.1227,0.2028,0.3221,0.4751,Arsenal,1.8588472500000002,1.8588472500000002,0.577094,0.577094,2.25,2.25,0.25,0.25,1.2817532500000002,1.2817532500000002,1.1522874724955792,1.1522874724955792,2.8096550000000002,2.8096550000000002,0.225221,0.225221,8.166666666666666,Manchester City,1.9194900000000001,1.9194900000000001,1.3818439999999999,1.3818439999999999,2.0,2.0,1.0,1.0,0.5376460000000003,0.5376460000000003,0.464671778570638,0.464671778570638,2.2166050000000004,2.2166050000000004,1.3640379999999999,1.3640379999999999,7.0
28828,2025-09-27 11:30:00,Brentford,Manchester United,3,1,2.78726,2.23609,0.5118,0.2491,0.2391,Brentford,1.1805451999999999,1.1805451999999999,1.3167862,1.3167862,1.2,1.2,2.0,2.0,-0.13624100000000006,-0.13624100000000006,0.23416224109621084,0.23416224109621084,1.152485,1.152485,0.8664255000000001,0.8664255000000001,6.6875,Manchester United,1.961732,1.961732,1.3554005999999998,1.3554005999999998,1.2,1.2,1.6,1.6,0.6063314000000002,0.6063314000000002,1.1552330845418164,1.1552330845418164,1.53259,1.53259,1.8252899999999999,1.8252899999999999,6.791666666666667
28829,2025-09-27 14:00:00,Chelsea,Brighton,1,3,2.02653,2.4751,0.2603,0.2482,0.4915,Chelsea,1.7952283999999998,1.7952283999999998,1.05377,1.05377,2.0,2.0,1.0,1.0,0.7414583999999997,0.7414583999999997,1.420222441874617,1.420222441874617,1.9001649999999999,1.9001649999999999,0.885184,0.885184,6.895833333333333,Brighton,1.5526346,1.5526346,1.4943806000000002,1.4943806000000002,1.2,1.2,1.6,1.6,0.058253999999999806,0.058253999999999806,0.634198596427649,0.634198596427649,1.3548965,1.3548965,1.621515,1.621515,7.0
28830,2025-09-27 14:00:00,Crystal Palace,Liverpool,2,1,3.53323,3.10176,0.4872,0.1968,0.316,Crystal Palace,1.76537,1.76537,0.9448308000000001,0.9448308000000001,1.2,1.2,0.4,0.4,0.8205392,0.8205392,0.7056936040874962,0.7056936040874962,1.429965,1.429965,0.8419995,0.8419995,7.0,Liverpool,1.4629226,1.4629226,0.9823082,0.9823082,2.2,2.2,1.0,1.0,0.4806144,0.4806144,1.0388697765652823,1.0388697765652823,1.7207394999999999,1.7207394999999999,1.0657305,1.0657305,7.104166666666667
28832,2025-09-27 14:00:00,Leeds,Bournemouth,2,2,2.04728,1.06033,0.6258,0.219,0.1552,Leeds,0.9005294000000001,0.9005294000000001,1.2842946000000002,1.2842946000000002,0.8,0.8,1.4,1.4,-0.38376520000000003,-0.38376520000000003,0.865600313416533,0.865600313416533,1.5292500000000002,1.5292500000000002,0.4889865,0.4889865,7.0,Bournemouth,1.494056,1.494056,0.7305318,0.7305318,1.2,1.2,1.0,1.0,0.7635242000000001,0.7635242000000001,0.586369084306122,0.586369084306122,1.846565,1.846565,1.25037,1.25037,6.041666666666667
28833,2025-09-27 14:00:00,Manchester City,Burnley,5,1,3.22133,0.509491,0.9279,0.0602,0.0119,Manchester City,1.760132,1.760132,1.2491902,1.2491902,1.8,1.8,1.0,1.0,0.5109418000000001,0.5109418000000001,0.537507913588256,0.537507913588256,1.622375,1.622375,1.3996499999999998,1.3996499999999998,5.9375,Burnley,0.8747518,0.8747518,2.1495838,2.1495838,1.0,1.0,1.6,1.6,-1.274832,-1.274832,0.450238397770781,0.450238397770781,1.0301589999999998,1.0301589999999998,3.000475,3.000475,7.0
28834,2025-09-27 16:30:00,Nottingham Forest,Sunderland,0,1,1.4203,1.94154,0.2527,0.2346,0.5127,Nottingham Forest,0.9851696000000001,0.9851696000000001,1.737266,1.737266,1.0,1.0,1.8,1.8,-0.7520963999999999,-0.7520963999999999,0.5671558022283648,0.5671558022283648,1.235759,1.235759,1.78058,1.78058,7.104166666666667,Sunderland,0.9418698000000001,0.9418698000000001,1.1412404,1.1412404,1.2,1.2,0.8,0.8,-0.19937059999999995,-0.19937059999999995,0.4530695262453655,0.4530695262453655,0.7376995,0.7376995,1.38093,1.38093,6.145833333333333
28835,2025-09-27 19:00:00,Tottenham,Wolverhampton Wanderers,1,1,0.818711,1.15951,0.2181,0.3376,0.4443,Tottenham,1.227046,1.227046,1.2599292,1.2599292,2.0,2.0,0.6,0.6,-0.03288319999999989,-0.03288319999999989,0.6646708384080048,0.6646708384080048,1.074625,1.074625,1.4271189999999998,1.4271189999999998,7.208333333333333,Wolverhampton Wanderers,0.7556204,0.7556204,1.5540816000000002,1.5540816000000002,0.6,0.6,2.4,2.4,-0.7984612000000002,-0.7984612000000002,0.509446046141591,0.509446046141591,0.3746545,0.3746545,1.48824,1.48824,7.208333333333333
28831,2025-09-28 13:00:00,Aston Villa,Fulham,3,1,1.36575,0.952612,0.4792,0.293,0.2278,Aston Villa,0.7589988,0.7589988,1.5917524,1.5917524,0.2,0.2,1.0,1.0,-0.8327536000000001,-0.8327536000000001,0.39918117282219107,0.39918117282219107,0.7622305,0.7622305,1.9990549999999998,1.9990549999999998,7.0,Fulham,1.1913082000000002,1.1913082000000002,1.4150928,1.4150928,1.2,1.2,1.0,1.0,-0.2237845999999999,-0.2237845999999999,0.3928407921272943,0.3928407921272943,0.8195555,0.8195555,1.93624,1.93624,7.75
28836,2025-09-28 15:30:00,Newcastle United,Arsenal,1,2,0.739851,2.07048,0.0956,0.1872,0.7172,Newcastle United,1.0027047999999998,1.0027047999999998,0.5138124000000001,0.5138124000000001,0.6,0.6,0.6,0.6,0.4888923999999998,0.4888923999999998,0.7627261663845682,0.7627261663845682,1.57764,1.57764,0.5112505,0.5112505,7.104166666666667,Arsenal,1.6307928,1.6307928,0.6862152,0.6862152,2.0,2.0,0.4,0.4,0.9445776,0.9445776,1.1206556006537869,1.1206556006537869,0.9080395,0.9080395,0.928967,0.928967,7.0
28837,2025-09-29 19:00:00,Everton,West Ham,1,1,0.909703,0.775766,0.3639,0.3478,0.2883,Everton,1.4254958,1.4254958,1.3650628,1.3650628,1.2,1.2,1.0,1.0,0.06043299999999996,0.06043299999999996,0.6697918114042603,0.6697918114042603,1.84693,1.84693,1.2195985,1.2195985,9.3125,West Ham,1.0066266000000001,1.0066266000000001,1.8480052,1.8480052,1.0,1.0,2.6,2.6,-0.8413785999999999,-0.8413785999999999,0.7158867175536924,0.7158867175536924,1.397474,1.397474,0.7201930000000001,0.7201930000000001,9.208333333333334
28838,2025-10-03 19:00:00,Bournemouth,Fulham,3,1,1.33458,0.84335,0.5037,0.2971,0.1992,Bournemouth,1.391516,1.4217683333333333,0.6739738,0.9499898333333334,1.2,1.3333333333333333,0.6,1.1666666666666667,0.7175422,0.4717784999999999,0.6133155599933855,0.5535485551753041,1.25905,1.25905,0.38397299999999995,0.38397299999999995,6.208333333333333,Fulham,1.201254,1.1515255,1.4002268,1.4068690000000001,1.2,1.1666666666666667,1.4,1.3333333333333333,-0.19897279999999995,-0.25534350000000017,0.38424853189309655,0.3646300723789798,0.8639076666666666,0.8639076666666666,1.7460766666666665,1.7460766666666665,5.25
28844,2025-10-04 11:30:00,Leeds,Tottenham,1,2,1.48051,0.688198,0.6,0.2633,0.1367,Leeds,0.8337454000000001,1.0916545,1.361493,1.2469671666666666,1.0,1.0,1.8,1.5,-0.5277476,-0.15531266666666665,0.7241212968079314,0.9047562904835204,1.7019266666666668,1.7019266666666668,0.6794343333333334,0.6794343333333334,6.895833333333333,Tottenham,0.9950721999999999,1.1589901666666667,1.3450036,1.2431926666666666,1.6,1.8333333333333333,0.8,0.6666666666666666,-0.3499314000000002,-0.08420249999999996,0.5244101909185213,0.6174297024343474,1.32866,1.32866,1.1484693333333333,1.1484693333333333,6.6875
28839,2025-10-04 14:00:00,Arsenal,West Ham,2,0,3.0585,0.864549,0.8876,0.0891,0.0233,Arsenal,1.7788088000000002,1.704074,0.5588794,0.6951545,2.2,2.0,0.6,0.5,1.2199294000000003,1.0089195000000002,1.1199354020856291,1.0182907177530394,2.1126283333333333,2.1126283333333333,0.5243806666666667,0.5243806666666667,5.9375,West Ham,1.0499901999999999,0.9681498333333334,1.8850722000000002,1.6916215000000001,1.2,1.0,2.2,2.3333333333333335,-0.8350820000000003,-0.7234716666666667,0.6880141074478052,0.6472076972151728,1.1902380000000001,1.1902380000000001,0.783363,0.783363,4.791666666666667
28845,2025-10-04 14:00:00,Manchester United,Sunderland,2,0,1.9298,0.807119,0.6826,0.2067,0.1107,Manchester United,2.1336439999999994,2.0074583333333336,1.6467725999999998,1.5940438333333333,1.4,1.1666666666666667,2.0,1.8333333333333333,0.4868713999999996,0.41341450000000024,1.1094250956148413,1.0393248621372753,2.2478266666666666,2.2478266666666666,1.042141,1.042141,7.104166666666667,Sunderland,1.1853042,1.1084815000000001,1.3135108,1.1877503333333335,0.8,1.1666666666666667,0.8,0.6666666666666666,-0.12820659999999995,-0.07926883333333334,0.6076223997469151,0.5751298531211017,1.1389796666666667,1.1389796666666667,1.3940533333333331,1.3940533333333331,6.895833333333333
28842,2025-10-04 16:30:00,Chelsea,Liverpool,2,1,1.23721,2.05981,0.1603,0.2554,0.5843,Chelsea,1.9269484,1.8337786666666667,1.341962,1.2906583333333332,2.2,1.8333333333333333,1.6,1.3333333333333333,0.5849863999999998,0.5431203333333334,1.4010971462694155,1.2737904717353896,1.9422866666666667,1.9422866666666667,1.4151559999999999,1.4151559999999999,7.104166666666667,Liverpool,1.6172606000000003,1.7360621666666667,1.3743482,1.4074618333333333,1.6,2.0,1.0,1.1666666666666667,0.24291240000000025,0.3286003333333334,1.2381179234765158,1.145002911525454,2.1810796666666667,2.1810796666666667,1.8882303333333332,1.8882303333333332,7.104166666666667
28846,2025-10-05 13:00:00,Newcastle United,Nottingham Forest,2,0,3.81662,0.337689,0.9788,0.0182,0.003,Newcastle United,0.8704790000000001,0.9588958333333334,0.8641881999999999,0.7732570000000001,0.8,0.6666666666666666,1.0,0.8333333333333334,0.006290800000000263,0.1856388333333333,0.733153376494646,0.6905912809126442,1.2983770000000001,1.2983770000000001,1.0309936666666666,1.0309936666666666,6.895833333333333,Nottingham Forest,0.9181296,1.0576913333333333,1.860542,1.7713116666666666,0.4,0.8333333333333334,1.8,1.6666666666666667,-0.9424123999999999,-0.7136203333333333,0.46371342115718406,0.5374839290946908,0.81811,0.81811,1.7083899999999999,1.7083899999999999,7.854166666666667
28847,2025-10-05 13:00:00,Wolverhampton Wanderers,Brighton,1,1,0.369404,1.39158,0.0797,0.2474,0.6729,Wolverhampton Wanderers,0.8836352,0.8229353333333332,1.2580178,1.4315198333333334,0.8,0.6666666666666666,1.8,2.1666666666666665,-0.3743826,-0.6085845000000002,0.51564180610352,0.48457818836743644,1.0095976666666668,1.0095976666666668,1.597976,1.597976,7.75,Brighton,1.7596386,1.7063788333333332,1.7191100000000001,1.5830721666666667,1.6,1.5,1.6,1.5,0.040528599999999804,0.12330666666666645,0.7471365395594033,0.6808744549975175,1.7282976666666665,1.7282976666666665,1.75652,1.75652,7.958333333333333
28840,2025-10-05 13:00:00,Aston Villa,Burnley,2,1,1.73572,0.502292,0.7029,0.2168,0.0803,Aston Villa,0.9684286,0.860124,1.5020788,1.4852290000000001,0.8,0.6666666666666666,1.2,1.0,-0.5336502000000001,-0.6251050000000001,0.3847970327845577,0.4345507144612697,0.9634036666666667,0.9634036666666667,1.6502406666666667,1.6502406666666667,7.0,Burnley,0.8298224000000001,0.813875,2.3981337999999996,2.3282081666666667,1.2,1.0,2.0,2.1666666666666665,-1.5683113999999996,-1.5143331666666668,0.47812352369790384,0.42942706078122284,0.8566029999999999,0.8566029999999999,3.0740933333333333,3.0740933333333333,7.958333333333333
28843,2025-10-05 13:00:00,Everton,Crystal Palace,2,1,2.13876,2.17789,0.3623,0.2646,0.3731,Everton,1.4725688000000001,1.3395303333333333,1.0439760000000002,1.2668466666666667,1.4,1.1666666666666667,1.0,1.0,0.4285927999999999,0.07268366666666659,0.6093457798907777,0.6350096261118149,1.534521,1.534521,1.0716543333333333,1.0716543333333333,5.75,Crystal Palace,2.2651879999999998,2.0600133333333335,1.2915968,1.304319,1.6,1.3333333333333333,0.6,0.5,0.9735911999999998,0.7556943333333335,0.9129013298927763,0.9587966069749446,1.9889733333333333,1.9889733333333333,1.013385,1.013385,7.958333333333333
28841,2025-10-05 15:30:00,Brentford,Manchester City,0,1,0.693758,1.09647,0.2127,0.3477,0.4396,Brentford,1.4729651999999998,1.4483309999999998,1.4129042000000003,1.4700035,1.6,1.5,1.6,1.8333333333333333,0.060060999999999476,-0.021672500000000205,0.7668767089273217,0.6885644285134107,1.6974099999999999,1.6974099999999999,1.3229803333333334,1.3229803333333334,8.166666666666666,Manchester City,1.944592,2.0036650000000003,1.2472012,1.125907,2.0,2.3333333333333335,1.2,1.0,0.6973908000000002,0.8777580000000003,0.8411629021004194,0.7661473345708384,1.8519700000000003,1.8519700000000003,1.1488836666666666,1.1488836666666666,8.0625
28854,2025-10-18 11:30:00,Nottingham Forest,Chelsea,0,3,2.0555,2.5583,0.2761,0.2325,0.4914,Nottingham Forest,0.7196933999999999,0.9548338571428572,2.40349,2.0634985714285716,0.2,0.7142857142857143,2.0,1.7142857142857142,-1.6837966000000002,-1.1086647142857144,0.45569097358549904,0.5610690105092327,1.2972726666666665,1.2972726666666665,1.8342333333333334,1.8342333333333334,12.9375,Chelsea,1.3843964000000002,1.7485545714285713,1.5582096,1.400537142857143,1.6,1.8571428571428572,1.6,1.2857142857142858,-0.1738131999999999,0.34801742857142837,0.831204270318855,1.1844663340230284,1.7252706666666666,1.7252706666666666,1.1661606666666666,1.1661606666666666,13.791666666666666
28848,2025-10-18 14:00:00,Brighton,Newcastle United,2,1,0.857104,1.28313,0.234,0.2943,0.4717,Brighton,1.6209806,1.6614075714285714,1.4327588000000002,1.4096910000000002,1.8,1.4285714285714286,1.4,1.4285714285714286,0.18822179999999977,0.2517165714285712,0.7359370726575744,0.6328364088277099,1.6844599999999998,1.6844599999999998,1.4096243333333334,1.4096243333333334,13.041666666666666,Newcastle United,1.2411189999999999,1.3671421428571426,0.8024142,0.7110329999999999,0.8,0.8571428571428571,0.4,0.7142857142857143,0.4387047999999999,0.6561091428571427,1.4956948392187157,1.2506340828045892,0.6194146666666666,0.6194146666666666,0.5155203333333334,0.5155203333333334,13.041666666666666
28849,2025-10-18 14:00:00,Burnley,Leeds,2,0,0.509647,2.33152,0.0318,0.1277,0.8405,Burnley,0.7295187999999999,0.7693631428571429,2.5210238,2.243567,1.0,1.0,2.4,2.142857142857143,-1.7915050000000001,-1.4742038571428573,0.4850538198898139,0.40931911563816503,0.771147,0.771147,1.582323,1.582323,13.041666666666666,Leeds,1.0984952,1.1472052857142858,0.9516106000000001,1.167143,1.2,1.0,1.2,1.5714285714285714,0.1468845999999998,-0.019937714285714225,0.6532497410892714,0.8389007785164891,0.48138233333333336,0.48138233333333336,1.8145,1.8145,14.104166666666666
28850,2025-10-18 14:00:00,Crystal Palace,Bournemouth,3,3,4.56284,2.0471,0.8893,0.0764,0.0343,Crystal Palace,2.4803900000000003,2.0768528571428573,1.4533748,1.4235248571428571,1.6,1.2857142857142858,0.8,0.7142857142857143,1.0270152000000004,0.6533280000000001,0.6626332481848458,0.8763907603862994,2.1310533333333335,2.1310533333333335,1.5952530000000003,1.5952530000000003,13.041666666666666,Bournemouth,1.3015079999999999,1.4093128571428573,0.7679704,0.9347555714285714,1.6,1.5714285714285714,0.8,1.1428571428571428,0.5335375999999998,0.4745572857142859,0.5728934581316146,0.5063917863905472,1.5844866666666668,1.5844866666666668,1.5160066666666667,1.5160066666666667,14.791666666666666
28853,2025-10-18 14:00:00,Manchester City,Everton,2,0,2.4799,0.794622,0.7871,0.157,0.0559,Manchester City,1.914386,1.8740657142857144,1.1299228,1.0641714285714285,2.2,2.142857142857143,0.8,0.8571428571428571,0.7844632,0.8098942857142859,0.8745043981764756,0.7789244331524752,2.15536,2.15536,1.1029303333333333,1.1029303333333333,12.9375,Everton,1.5400888,1.453706,1.06258,1.3969957142857143,1.4,1.2857142857142858,1.2,1.0,0.47750879999999984,0.0567102857142856,0.670494762120257,0.6536693361761741,1.1445396666666667,1.1445396666666667,1.462039,1.462039,13.041666666666666
28855,2025-10-18 14:00:00,Sunderland,Wolverhampton Wanderers,2,0,1.02481,0.676323,0.4521,0.3322,0.2157,Sunderland,1.122474,1.0654297142857143,1.4987088,1.2937574285714286,0.8,1.0,0.8,0.8571428571428571,-0.3762348,-0.2283277142857143,0.6316655403110889,0.5372331744518123,1.0779833333333333,1.0779833333333333,0.9814473333333332,0.9814473333333332,14.0,Wolverhampton Wanderers,0.8828426,0.7581451428571429,1.1794098,1.4258141428571431,1.0,0.7142857142857143,1.8,2.0,-0.2965671999999999,-0.6676690000000003,0.516624341000112,0.47440952633227085,0.636273,0.636273,1.2650636666666666,1.2650636666666666,13.041666666666666
28851,2025-10-18 16:30:00,Fulham,Arsenal,0,1,0.502332,2.07823,0.0509,0.1423,0.8068,Fulham,1.0392579999999998,1.1075004285714287,1.3579368,1.396542,1.2,1.1428571428571428,1.8,1.5714285714285714,-0.31867880000000026,-0.28904157142857123,0.3094740620827535,0.3526518913451135,1.4391433333333332,1.4391433333333332,1.0676613333333334,1.0676613333333334,14.895833333333334,Arsenal,1.8429867999999998,1.8975634285714287,0.700437,0.7193537142857143,1.6,2.0,0.6,0.42857142857142855,1.1425497999999998,1.1782097142857144,1.1952758015615894,1.0612086353150758,1.2955196666666666,1.2955196666666666,0.8659283333333333,0.8659283333333333,14.104166666666666
28856,2025-10-19 13:00:00,Tottenham,Aston Villa,1,2,1.51461,0.352231,0.7246,0.2099,0.0655,Tottenham,0.8766817999999998,1.0917341428571428,1.3916055999999999,1.2770951428571429,1.6,1.8571428571428572,1.0,0.7142857142857143,-0.5149238,-0.1853610000000001,0.51059895756572,0.5910553897147115,0.9893203333333332,0.9893203333333332,1.3379159999999999,1.3379159999999999,15.0625,Aston Villa,1.1202022,0.9852091428571429,1.3766092,1.3448094285714285,1.2,0.8571428571428571,1.2,1.0,-0.25640700000000005,-0.3596002857142856,0.5161792412333142,0.516610091794714,0.7568443333333335,0.7568443333333335,1.3202173333333334,1.3202173333333334,14.0
28852,2025-10-19 15:30:00,Liverpool,Manchester United,1,2,2.60972,2.53117,0.403,0.2349,0.3621,Liverpool,1.8999108,1.7823118571428573,1.2291062000000001,1.3831401428571428,1.2,1.8571428571428572,1.0,1.2857142857142858,0.6708045999999999,0.3991717142857145,1.1164538354912845,1.05237808157785,1.2910446666666668,1.2910446666666668,0.9266933333333333,0.9266933333333333,14.958333333333334,Manchester United,2.2103979999999996,1.9963642857142856,1.4775303999999998,1.4816259999999999,1.6,1.2857142857142858,1.8,1.5714285714285714,0.7328675999999998,0.5147382857142857,1.071226219325311,0.9492233770098082,1.7670899999999998,1.7670899999999998,2.1459466666666667,2.1459466666666667,15.0625
28857,2025-10-20 19:00:00,West Ham,Brentford,0,2,0.260251,3.46635,0.0056,0.0286,0.9658,West Ham,1.0271856,0.9533497142857142,1.7067781999999998,1.886889857142857,1.0,0.8571428571428571,1.6,2.2857142857142856,-0.6795925999999999,-0.9335401428571427,0.692845812329338,0.5921132837379219,0.7460616666666667,0.7460616666666667,2.59988,2.59988,16.208333333333332,Brentford,1.3857888,1.3405348571428573,1.4368278,1.4166415714285716,1.4,1.2857142857142858,1.8,1.7142857142857142,-0.05103900000000006,-0.07610671428571436,0.8372115310321521,0.6902469623855481,1.199252,1.199252,1.6170266666666666,1.6170266666666666,15.145833333333334
28864,2025-10-24 19:00:00,Leeds,West Ham,2,1,2.2214,0.498653,0.8342,0.1246,0.0412,Leeds,1.4293391999999998,1.295244625,0.992813,1.084956,1.2,0.875,1.6,1.625,0.43652619999999986,0.210288625,0.790979913803884,0.8823510211634982,1.6465725,1.6465725,0.68162525,0.68162525,6.208333333333333,West Ham,0.6320357999999999,0.866712375,2.2568446,2.084322375,0.4,0.75,2.0,2.25,-1.6248088,-1.21761,0.25806049846828527,0.6004672518666342,1.10881575,1.10881575,1.35214725,1.35214725,4.0
28862,2025-10-25 14:00:00,Chelsea,Sunderland,1,2,1.21332,1.5506,0.2529,0.2876,0.4595,Chelsea,1.4095764000000002,1.84977275,1.822064,1.4824074999999999,1.8,2.0,1.6,1.125,-0.41248759999999973,0.3673652500000002,0.8718041796276846,1.1333571924854493,1.7660175,1.7660175,1.5763194999999999,1.5763194999999999,7.104166666666667,Sunderland,1.013182,1.06035225,1.3447654,1.216578125,0.8,1.125,0.6,0.75,-0.3315834,-0.15622587500000007,0.5797417787743954,0.49758855901372684,1.0560145,1.0560145,1.52799,1.52799,7.0
28866,2025-10-25 14:00:00,Newcastle United,Fulham,2,1,2.76806,1.52001,0.6984,0.1854,0.1162,Newcastle United,1.437018,1.356640625,0.8383750000000001,0.729291875,1.0,0.875,0.8,0.875,0.5986429999999998,0.62734875,1.4035151220348498,1.1582430931349599,1.92793775,1.92793775,0.8576675,0.8576675,7.0,Fulham,0.9924788,1.031854375,1.2871028,1.4817529999999999,1.2,1.0,1.6,1.5,-0.294624,-0.4498986249999999,0.377033705794588,0.3903533861200781,0.85876825,0.85876825,1.6432025000000001,1.6432025000000001,6.895833333333333
28865,2025-10-25 16:30:00,Manchester United,Brighton,4,2,1.96231,0.947154,0.6368,0.216,0.1472,Manchester United,1.9121580000000002,2.063215,1.7342384,1.62263775,1.4,1.375,1.6,1.5,0.1779196000000003,0.44057725000000003,0.49117693122743433,0.8989211887272748,2.16832,2.16832,0.9833855,0.9833855,6.041666666666667,Brighton,1.3506734000000002,1.560869625,1.2625488,1.3938708750000002,1.8,1.5,1.4,1.375,0.08812460000000022,0.16699874999999986,0.7140111129049744,0.6512551318869779,1.64411825,1.64411825,1.4097410000000001,1.4097410000000001,7.104166666666667
28861,2025-10-25 19:00:00,Brentford,Liverpool,3,2,3.27126,2.11838,0.6466,0.1867,0.1667,Brentford,1.7898508,1.6062617499999998,1.1746240000000001,1.27209275,1.6,1.375,1.4,1.5,0.6152267999999999,0.3341689999999997,1.2562311482562434,0.9865415046945928,1.446497,1.446497,1.26635275,1.26635275,5.0,Liverpool,2.3255740000000005,1.885737875,1.6382044,1.526643875,1.2,1.75,1.4,1.375,0.6873696000000005,0.359094,0.8018102061460681,1.0172811428383064,2.15076225,2.15076225,1.72547525,1.72547525,6.145833333333333
28858,2025-10-26 13:00:00,Bournemouth,Nottingham Forest,2,0,0.656601,0.305493,0.4009,0.4563,0.1428,Bournemouth,1.286908,1.4890362499999998,1.6464044000000002,1.388266125,2.0,1.75,1.4,1.375,-0.35949640000000027,0.10077012499999993,0.5471691752739732,0.5202364479717029,1.2779325,1.2779325,0.49881725,0.49881725,7.958333333333333,Nottingham Forest,0.9875898,1.0924171249999999,2.4679499999999996,2.12534875,0.2,0.625,2.0,1.875,-1.4803601999999998,-1.0329316250000002,0.7510227047171741,0.6490458183915474,0.6980047500000001,0.6980047500000001,2.2354475000000003,2.2354475000000003,8.0625
28859,2025-10-26 13:00:00,Arsenal,Crystal Palace,1,0,0.856175,0.350534,0.4818,0.3843,0.1339,Arsenal,2.161497,1.92014675,0.7046226,0.692226,1.8,1.875,0.4,0.375,1.4568743999999998,1.22792075,0.9247361960148418,0.9845624818583487,2.34909625,2.34909625,0.60942275,0.60942275,7.854166666666667,Crystal Palace,2.873532,2.38760125,1.6216228000000001,1.5014717499999999,1.6,1.5,1.4,1.0,1.2519091999999998,0.8861295,1.1517918540778098,1.1961832250052364,2.0362025,2.0362025,1.29472875,1.29472875,7.958333333333333
28860,2025-10-26 13:00:00,Aston Villa,Manchester City,1,0,0.843906,1.36914,0.2191,0.289,0.4919,Aston Villa,0.9494764000000002,0.9060868750000001,1.1601051999999998,1.3660345,1.6,1.0,0.8,1.0,-0.21062879999999962,-0.45994762499999997,0.612876424681436,0.5280550004947908,1.15648275,1.15648275,1.3632535,1.3632535,7.0,Manchester City,1.98353,1.9497950000000002,0.8471192000000001,1.03047775,2.4,2.125,0.4,0.75,1.1364108,0.9193172500000002,0.9092062455515799,0.7522818069428124,1.6630950000000002,1.6630950000000002,1.03510225,1.03510225,7.958333333333333
28867,2025-10-26 13:00:00,Wolverhampton Wanderers,Burnley,2,3,2.58132,1.54544,0.6426,0.2132,0.1442,Wolverhampton Wanderers,0.8294558000000001,0.747917375,0.9767897999999999,1.375688625,0.6,0.625,1.6,2.0,-0.14733399999999985,-0.62777125,0.522578351120863,0.44016951235175544,0.84954925,0.84954925,1.5463770000000001,1.5463770000000001,7.958333333333333,Burnley,0.5662122,0.736898625,2.1828537999999997,2.254561125,1.0,1.125,1.8,1.875,-1.6166415999999997,-1.5176625,0.35358967235723965,0.38992192369826245,0.76802525,0.76802525,2.7395,2.7395,7.958333333333333
28863,2025-10-26 15:30:00,Everton,Tottenham,0,3,1.4032,2.09327,0.1933,0.2511,0.5556,Everton,1.2914312000000001,1.3713205,1.3699086,1.53235875,0.8,1.125,1.2,1.125,-0.07847739999999992,-0.16103825000000005,0.6702601540944383,0.6484921368083701,1.6855807500000002,1.6855807500000002,1.3482132500000001,1.3482132500000001,8.0625,Tottenham,1.1454697999999999,1.144593625,1.0380318000000002,1.161487125,1.8,1.75,1.2,0.875,0.1074379999999997,-0.016893500000000117,0.3840930758829166,0.5672678674387908,1.1685444999999999,1.1685444999999999,1.2314795,1.2314795,7.104166666666667
28874,2025-11-01 15:00:00,Nottingham Forest,Manchester United,2,2,1.55066,0.91622,0.5553,0.2598,0.1849,Nottingham Forest,0.9899522,1.004981111111111,2.0229302000000002,1.9621545555555555,0.2,0.5555555555555556,1.8,1.8888888888888888,-1.0329780000000004,-0.9571734444444444,0.7483079461670175,0.6613685990414959,1.4868295,1.4868295,2.01525,2.01525,6.083333333333333,Manchester United,2.00079,2.0520033333333334,1.5242191999999999,1.5475839999999998,2.2,1.6666666666666667,1.4,1.5555555555555556,0.47657079999999996,0.5044193333333336,0.43982976507962684,0.8415362165854775,1.95811,1.95811,2.2618899999999997,2.2618899999999997,6.9375
28870,2025-11-01 15:00:00,Crystal Palace,Brentford,2,0,0.734558,0.820498,0.284,0.3671,0.3489,Crystal Palace,2.5920288,2.1612604444444443,1.722032,1.429772111111111,1.6,1.3333333333333333,1.6,1.0,0.8699968,0.7314883333333333,1.5836268861468596,1.3088426038476808,2.739,2.739,1.70821475,1.70821475,6.083333333333333,Brentford,2.2090368,1.7912615555555556,1.4471002,1.3661246666666667,1.8,1.5555555555555556,1.4,1.5555555555555556,0.7619365999999999,0.4251368888888889,1.3463673052541048,1.0768614002854675,1.7660265,1.7660265,1.27783275,1.27783275,6.833333333333333
28871,2025-11-01 15:00:00,Fulham,Wolverhampton Wanderers,3,0,1.91207,0.209934,0.8557,0.1234,0.0209,Fulham,1.0685228,1.086093888888889,1.6746352000000002,1.624676,1.2,1.0,2.0,1.5555555555555556,-0.6061124000000002,-0.5385821111111111,0.44617619526057195,0.39975757541366386,1.2049405,1.2049405,1.3203035,1.3203035,7.041666666666667,Wolverhampton Wanderers,1.2705314,0.9516287777777777,1.0475058,1.394549888888889,1.0,0.7777777777777778,2.0,2.111111111111111,0.22302560000000016,-0.4429211111111113,0.8635634771276515,0.7368959019079251,0.6462855000000001,0.6462855000000001,1.2050002499999999,1.2050002499999999,6.083333333333333
28869,2025-11-01 15:00:00,Burnley,Arsenal,0,2,0.679177,2.51649,0.0346,0.1281,0.8373,Burnley,0.8416920000000001,0.8267365555555555,2.1401338,2.2908676666666667,1.6,1.3333333333333333,2.0,1.8888888888888888,-1.2984418,-1.4641311111111113,0.4798447155940138,0.45351064172357386,0.7057720000000001,0.7057720000000001,1.7696222499999998,1.7696222499999998,6.083333333333333,Arsenal,1.756392,1.8019276666666666,0.7159932,0.6542602222222222,1.4,1.7777777777777777,0.4,0.3333333333333333,1.0403988,1.1476674444444444,0.9727757945988892,0.9869015328670079,1.49119725,1.49119725,0.77502925,0.77502925,6.083333333333333
28868,2025-11-01 15:00:00,Brighton,Leeds,3,0,2.64127,0.35919,0.9151,0.0719,0.013,Brighton,1.4151196,1.4926789999999999,1.3666368000000002,1.4570307777777778,2.0,1.5555555555555556,1.8,1.6666666666666667,0.048482799999999715,0.03564822222222208,0.6431553422407373,0.6426244961087306,1.477621,1.477621,1.37800075,1.37800075,6.9375,Leeds,1.7075395999999998,1.3981507777777777,0.8645856000000001,1.0198112222222222,1.6,1.0,1.6,1.5555555555555556,0.8429539999999998,0.37833955555555554,0.7720507323361591,0.8812108121757498,0.94391675,0.94391675,1.48828675,1.48828675,7.833333333333333
28876,2025-11-01 17:30:00,Tottenham,Chelsea,0,1,0.146954,3.34251,0.0016,0.0201,0.9783,Tottenham,1.2613198,1.250002111111111,1.1600221999999998,1.1883441111111113,1.8,1.8888888888888888,1.2,0.7777777777777778,0.10129760000000032,0.06165799999999977,0.5668994223988942,0.6177113158653572,1.12064275,1.12064275,1.0914947499999998,1.0914947499999998,6.083333333333333,Chelsea,1.5010406000000003,1.7790557777777778,1.897118,1.4899844444444446,1.6,1.8888888888888888,1.6,1.2222222222222223,-0.3960773999999998,0.28907133333333324,0.807727486193085,1.081177238699185,1.933528,1.933528,1.3884954999999999,1.3884954999999999,7.145833333333333
28872,2025-11-01 20:00:00,Liverpool,Aston Villa,2,0,1.47021,0.43502,0.6494,0.2552,0.0954,Liverpool,2.190266,1.911587,2.2588482,1.720490111111111,1.4,1.7777777777777777,2.0,1.5555555555555556,-0.06858220000000026,0.19109688888888887,0.7587326337913772,0.954733943827808,1.6207135,1.6207135,1.3278124999999998,1.3278124999999998,7.041666666666667,Aston Villa,1.0473922,0.8991778888888889,1.0553932,1.3663795555555556,1.8,1.0,0.8,0.8888888888888888,-0.008000999999999925,-0.4672016666666666,0.5271325329812228,0.494384900564187,0.655691,0.655691,1.3688155,1.3688155,6.291666666666667
28877,2025-11-02 14:00:00,West Ham,Newcastle United,3,1,1.41383,0.523615,0.6355,0.2546,0.1099,West Ham,0.5731167999999999,0.8258168888888888,2.3983205999999995,2.099553222222222,0.6,0.7777777777777778,1.8,2.2222222222222223,-1.8252037999999997,-1.2737363333333334,0.2453697406878033,0.5749284934251486,0.624609,0.624609,2.8164974999999997,2.8164974999999997,8.791666666666666,Newcastle United,1.7522579999999999,1.513465,1.0671886000000002,0.8171494444444445,1.2,1.0,1.0,0.8888888888888888,0.6850693999999997,0.6963155555555556,1.5078219278086187,1.181177861836544,0.7853435,0.7853435,0.60091625,0.60091625,8.0
28873,2025-11-02 16:30:00,Manchester City,Bournemouth,3,1,2.48999,0.899846,0.7693,0.1598,0.0709,Manchester City,1.8579080000000001,1.8852777777777778,0.7120704000000001,1.0097475555555555,1.8,1.8888888888888888,0.6,0.7777777777777778,1.1458376000000001,0.8755302222222223,0.9493427182898703,0.7298281818993047,2.236495,2.236495,1.02585325,1.02585325,7.145833333333333,Bournemouth,1.1298542,1.3965434444444442,1.5825184,1.267958,2.0,1.7777777777777777,1.2,1.2222222222222223,-0.45266420000000007,0.1285854444444443,0.6015647591516645,0.5601870118891349,1.70014,1.70014,2.2777149999999997,2.2777149999999997,7.145833333333333
28875,2025-11-03 20:00:00,Sunderland,Everton,1,1,1.18068,1.00741,0.3718,0.3203,0.3079,Sunderland,1.2524762,1.1148242222222224,1.2358194,1.2162161111111112,1.2,1.2222222222222223,0.8,0.7777777777777778,0.016656800000000027,-0.10139188888888873,0.47764024102162905,0.49330501631718127,1.0646900000000001,1.0646900000000001,0.90516625,0.90516625,9.25,Everton,1.1935312,1.3748626666666666,1.7176972,1.5946822222222223,0.8,1.0,1.8,1.3333333333333333,-0.5241659999999999,-0.21981955555555577,0.5916165864533383,0.6067019182158154,1.0570602500000001,1.0570602500000001,1.71650425,1.71650425,8.1875
28886,2025-11-08 12:30:00,Tottenham,Manchester United,2,2,1.35532,0.820256,0.5103,0.2821,0.2076,Tottenham,1.0523485999999997,1.1396973,1.5475922,1.4037606999999999,1.4,1.7,1.0,0.8,-0.49524360000000023,-0.26406339999999995,0.7589687958393282,0.6788537544901291,0.925905,0.925905,1.5416978000000001,1.5416978000000001,6.791666666666667,Manchester United,1.915118,1.9384249999999998,1.7403825999999998,1.5478916,2.2,1.7,1.6,1.6,0.17473540000000032,0.3905333999999998,0.608847877527712,0.8709170794085711,1.7497319999999998,1.7497319999999998,2.119644,2.119644,6.895833333333333
28882,2025-11-08 15:00:00,Everton,Fulham,2,0,2.30607,0.424478,0.855,0.1105,0.0345,Everton,1.2507389999999998,1.3381174,1.7415012,1.553282,0.8,1.0,1.6,1.3,-0.49076220000000026,-0.21516460000000004,0.5466678438933464,0.5836872313672414,1.6291046000000002,1.6291046000000002,1.4972246,1.4972246,4.791666666666667,Fulham,1.1460748,1.1686915,1.5513108,1.4832018,1.2,1.2,1.8,1.4,-0.40523599999999993,-0.3145103,0.5634827265082756,0.45855592598679945,0.9910166,0.9910166,1.8681740000000002,1.8681740000000002,7.0
28887,2025-11-08 15:00:00,West Ham,Burnley,3,2,2.96728,1.87478,0.6782,0.2072,0.1146,West Ham,0.7626097999999999,0.8846181999999999,2.0359135999999998,1.9419594,1.0,1.0,1.6,2.1,-1.2733037999999999,-1.0573412000000002,0.4349396484533226,0.5730547440759527,0.7824532,0.7824532,2.357921,2.357921,6.041666666666667,Burnley,0.7492094,0.8119806,2.477276,2.3134299,1.4,1.2,2.2,1.9,-1.7280665999999998,-1.5014493,0.45130670354017566,0.43011260249748035,0.9235081999999999,0.9235081999999999,2.707864,2.707864,7.0
28885,2025-11-08 17:30:00,Sunderland,Arsenal,2,2,1.20495,2.32943,0.1307,0.214,0.6553,Sunderland,1.3009498000000002,1.1214098,1.2494305999999997,1.1953355,1.2,1.2,0.8,0.8,0.05151920000000043,-0.0739257000000002,0.44924044220795606,0.4655584458009781,1.087888,1.087888,0.925615,0.925615,4.895833333333333,Arsenal,2.115975,1.8733838999999999,0.6272886,0.6567518999999999,1.6,1.8,0.2,0.3,1.4886864000000002,1.216632,0.8123047705295101,0.9575046550509936,1.6962558,1.6962558,0.7558588,0.7558588,7.104166666666667
28880,2025-11-08 20:00:00,Chelsea,Wolverhampton Wanderers,3,0,3.98342,0.111462,0.9924,0.0074,0.0002,Chelsea,2.0755740000000005,1.9354012,1.6575927999999998,1.3556814,1.6,1.8,1.2,1.1,0.4179812000000007,0.5797198000000001,0.9064894773410223,1.1329167845450765,1.655478,1.655478,1.5711756,1.5711756,7.104166666666667,Wolverhampton Wanderers,0.9992981999999999,0.8774592999999999,1.3385221999999999,1.4463019000000001,0.8,0.7,2.0,2.2,-0.33922399999999997,-0.5688426000000002,0.9555935746677034,0.7332745878768819,0.5590151999999999,0.5590151999999999,1.3464142,1.3464142,7.208333333333333
28878,2025-11-09 14:00:00,Aston Villa,Bournemouth,4,0,1.88282,2.00992,0.3334,0.2653,0.4013,Aston Villa,0.9465254,0.8527621,1.1617728,1.3767626,1.6,0.9,1.0,1.0,-0.2152474000000001,-0.5240005,0.5966430531044503,0.4886750488688663,1.0939674,1.0939674,1.3644307999999998,1.3644307999999998,7.75,Bournemouth,1.1996914,1.3468737,2.0497906,1.3901612,2.2,1.7,1.8,1.4,-0.8500992,-0.043287500000000145,0.5339879015593894,0.5510105284838132,1.5400812,1.5400812,2.32017,2.32017,6.895833333333333
28879,2025-11-09 14:00:00,Brentford,Newcastle United,3,1,2.73729,0.432277,0.9194,0.0653,0.0153,Brentford,2.2078252,1.6941852000000002,1.2891498,1.3029680000000001,1.6,1.4,1.2,1.6,0.9186753999999999,0.39121720000000004,1.347924254130476,1.0606699924583098,1.8114496,1.8114496,1.4367582,1.4367582,7.958333333333333,Newcastle United,1.8262551999999999,1.41448,1.2398226,0.8768174999999999,1.4,1.0,1.6,1.1,0.5864325999999997,0.5376625,1.4160401545940353,1.156780582795391,0.7329977999999999,0.7329977999999999,0.763499,0.763499,7.0
28881,2025-11-09 14:00:00,Crystal Palace,Brighton,0,0,0.839547,0.637037,0.3615,0.3807,0.2578,Crystal Palace,2.2718104,2.0185902,1.7928586,1.3688447,1.6,1.4,1.4,0.9,0.47895180000000015,0.6497454999999999,1.7960557496483227,1.313878210644587,2.3381116,2.3381116,1.5306714,1.5306714,7.958333333333333,Brighton,1.6624416,1.6075381,1.2001128,1.3472467000000001,2.2,1.7,1.4,1.5,0.4623287999999999,0.26029139999999984,0.8444065547440995,0.7064044403994781,1.5047253999999999,1.5047253999999999,1.5202548,1.5202548,7.958333333333333
28884,2025-11-09 14:00:00,Nottingham Forest,Leeds,3,1,2.49097,0.419461,0.8925,0.0884,0.0191,Nottingham Forest,1.1339283999999998,1.059549,1.9778562000000002,1.8575610999999999,0.4,0.7,2.0,1.9,-0.8439278000000003,-0.7980120999999998,0.7786640045194717,0.6469807051206738,1.4995956,1.4995956,1.7954439999999998,1.7954439999999998,7.958333333333333,Leeds,1.68798,1.2942547000000002,1.0796196,1.1819571,1.0,0.9,2.0,1.7,0.6083604,0.11229760000000022,0.8118657190385609,0.8934176273631064,0.8269714,0.8269714,1.7188834,1.7188834,7.958333333333333
28883,2025-11-09 16:30:00,Manchester City,Liverpool,3,0,1.59542,1.0281,0.5265,0.2798,0.1937,Manchester City,2.131366,1.945749,0.7483246000000001,0.9987574,2.2,2.0,0.6,0.8,1.3830413999999998,0.9469915999999999,0.8789349876014722,0.7141663815860965,2.2871940000000004,2.2871940000000004,1.0006518,1.0006518,7.0,Liverpool,2.271976,1.8674493,2.201578,1.5919431,1.4,1.8,1.8,1.4,0.07039799999999996,0.27550620000000015,0.615233158591115,0.9108889137352528,2.1442858,2.1442858,2.0346322,2.0346322,7.854166666666667
28891,2025-11-22 12:30:00,Burnley,Chelsea,0,2,0.660943,1.72093,0.109,0.2248,0.6662,Burnley,1.0222672,0.9260448,2.426466,2.4122999,1.6,1.4,1.8,1.9,-1.4041988,-1.4862550999999997,0.6425247886702115,0.5434814046183691,0.700453,0.700453,1.9189958,1.9189958,13.895833333333334,Chelsea,2.466952,2.1969502,1.1848652,1.2634136,2.0,2.1,0.6,1.1,1.2820868,0.9335365999999998,1.2408142529685897,1.279747484408528,2.2153244,2.2153244,1.1401872,1.1401872,13.6875
28888,2025-11-22 15:00:00,Bournemouth,West Ham,2,2,3.48299,0.390782,0.9602,0.0349,0.0049,Bournemouth,1.3896093999999999,1.3905627,2.0168985999999998,1.3454362,1.8,1.5,2.2,1.4,-0.6272891999999999,0.04512650000000007,0.6319170963969879,0.5870746554082179,1.1536662,1.1536662,0.4601524,0.4601524,13.041666666666666,West Ham,1.2009125999999999,1.1254513999999998,2.228929,2.0570006,1.4,1.3,1.8,2.0,-1.0280164,-0.9315492000000001,1.078950980572936,0.856798851615088,0.9867832,0.9867832,1.5259978,1.5259978,14.0
28890,2025-11-22 15:00:00,Brighton,Brentford,2,1,0.977488,2.19979,0.0872,0.1756,0.7372,Brighton,1.2948290000000002,1.5272337999999999,0.9627162000000002,1.3409131000000003,1.6,1.6,1.2,1.4,0.3321128,0.18632069999999956,0.8011609574542434,0.7703107211887941,1.7103507999999998,1.7103507999999998,1.1742386000000002,1.1742386000000002,13.041666666666666,Brentford,2.1978311999999995,1.8353981999999998,0.9283872000000001,1.1706457000000001,1.6,1.6,1.2,1.4,1.2694439999999996,0.6647524999999996,1.3427293161971254,1.0993768137738356,1.5769208,1.5769208,1.1691778,1.1691778,13.041666666666666
28892,2025-11-22 15:00:00,Fulham,Sunderland,1,0,2.83729,0.222768,0.9361,0.0547,0.0092,Fulham,1.040448,1.120851,1.7393747999999998,1.5698007999999999,1.0,1.1,1.6,1.5,-0.6989267999999997,-0.44894979999999984,0.6514484082964667,0.5112918579252624,1.3463664,1.3463664,1.0982296,1.0982296,14.0,Sunderland,1.1536317999999999,1.169468,1.4312566,1.3723836999999999,1.4,1.1,1.2,1.0,-0.2776248000000001,-0.20291569999999992,0.2727705497780138,0.4443400682542845,1.1549316,1.1549316,1.465056,1.465056,13.895833333333334
28894,2025-11-22 15:00:00,Liverpool,Nottingham Forest,0,3,1.79273,1.19459,0.5209,0.2497,0.2294,Liverpool,1.8572440000000001,1.7372523000000002,1.8140159999999999,1.5941821,1.2,1.4,2.0,1.5,0.043228000000000266,0.14307020000000015,0.6149634573127086,0.9302594778844174,1.5906128,1.5906128,1.149254,1.149254,12.9375,Nottingham Forest,1.3480623999999999,1.133096,1.6734404,1.7669912,1.0,0.7,2.0,1.9,-0.32537800000000017,-0.6338952,0.9944290936010971,0.7657808627607944,0.6195024,0.6195024,1.9196782,1.9196782,13.041666666666666
28897,2025-11-22 15:00:00,Wolverhampton Wanderers,Crystal Palace,0,2,1.66409,1.44933,0.428,0.285,0.287,Wolverhampton Wanderers,0.7896886000000001,0.8366619,1.9714640000000003,1.6147409,0.6,0.7,2.4,2.1,-1.1817754000000003,-0.778079,1.024150952606011,0.7660252021405983,1.1959034,1.1959034,1.5461896,1.5461896,13.791666666666666,Crystal Palace,1.7330738,1.9991308999999997,1.299914,1.2957554,1.2,1.4,1.2,0.9,0.4331598000000001,0.7033754999999997,1.7257084372944345,1.3314026688371803,1.6990687999999998,1.6990687999999998,1.2070180000000001,1.2070180000000001,13.041666666666666
28896,2025-11-22 17:30:00,Newcastle United,Manchester City,2,1,2.40555,2.45648,0.3783,0.2442,0.3775,Newcastle United,1.7647403999999998,1.3176096999999998,1.3731846,1.1186864,1.4,1.1,1.8,1.4,0.3915557999999997,0.1989232999999997,1.480258394748464,1.1978672614081012,2.0959621999999998,2.0959621999999998,0.990136,0.990136,13.145833333333334,Manchester City,1.806184,1.8753879999999998,0.8520464000000001,1.0496237999999998,1.8,1.9,0.4,0.8,0.9541375999999999,0.8257642000000001,0.6443226632906838,0.7101423038424529,1.6043040000000002,1.6043040000000002,0.9968629999999999,0.9968629999999999,13.041666666666666
28893,2025-11-23 14:00:00,Leeds,Aston Villa,1,2,1.84668,1.35978,0.5039,0.2601,0.236,Leeds,1.3624162,1.0980808,1.3657476000000002,1.3636203,0.8,0.9,2.2,2.0,-0.0033314000000002064,-0.26553950000000004,0.9469145694053923,0.8421353450144592,1.7615380000000003,1.7615380000000003,0.6450308,0.6450308,14.0,Aston Villa,1.0499394,1.009184,1.3732344,1.4376566,1.8,1.3,0.8,1.0,-0.3232950000000001,-0.42847259999999987,0.7196106181531786,0.5457149051255813,0.6115568,0.6115568,1.3890944,1.3890944,14.0
28889,2025-11-23 16:30:00,Arsenal,Tottenham,4,1,2.27827,0.0300672,0.9246,0.0744,0.001,Arsenal,2.167765,1.9732869000000002,0.7203084000000001,0.6395939,1.6,1.9,0.4,0.5,1.4474566000000002,1.3336930000000002,0.8169208013020601,0.9466124934954406,2.0505120000000003,2.0505120000000003,0.5576450000000001,0.5576450000000001,14.958333333333334,Tottenham,1.1596704,1.0773712999999998,1.4797414,1.4123725,1.6,1.6,1.2,1.0,-0.320071,-0.3350012000000002,0.7556040347859452,0.6192742563772263,1.3534896,1.3534896,1.2658236,1.2658236,15.166666666666666
28895,2025-11-24 20:00:00,Manchester United,Everton,0,1,2.2737,0.155063,0.8897,0.0985,0.0118,Manchester United,1.6319512,1.8827976,1.4539946000000001,1.5503836,2.4,1.9,1.4,1.7,0.1779565999999999,0.332414,0.7378288322891698,0.9267686321646122,2.127118,2.127118,0.9761392000000001,0.9761392000000001,16.3125,Everton,1.5300124,1.5012906,1.6712436,1.3576098,1.0,1.2,1.4,1.2,-0.1412312,0.14368079999999983,0.6713480343151383,0.6051897102516607,1.0471302000000002,1.0471302000000002,1.6093394,1.6093394,16.208333333333332
28899,2025-11-29 15:00:00,Brentford,Burnley,3,1,3.72106,0.874025,0.9508,0.0419,0.0073,Brentford,2.4990376,1.9424132,0.9045908,1.1707093,1.8,1.6,1.4,1.6,1.5944467999999998,0.7717039000000001,1.0601685284938427,1.0748554968905044,2.1329795999999996,1.9657563333333332,1.3278432,1.2693446666666668,7.0,Burnley,1.0539973999999999,0.8917581,2.423508,2.4722659,1.4,1.2,1.8,2.1,-1.3695106000000001,-1.5805078,0.6136976774343372,0.5488193483952518,1.1516366,1.0820535,2.9056039999999994,2.7510999999999997,7.104166666666667
28903,2025-11-29 15:00:00,Manchester City,Leeds,3,2,2.85292,1.75142,0.6549,0.2088,0.1363,Manchester City,2.078186,1.996286,1.1944048,1.1621638,1.8,2.0,0.8,0.8,0.8837812,0.8341221999999999,0.549970968215596,0.6941005477306583,2.356778,2.1718983333333335,0.9502418,1.0052265,6.895833333333333,Leeds,1.4356502,1.2670727,1.5000639999999998,1.2258372999999998,0.8,1.0,2.2,1.7,-0.06441379999999985,0.041235400000000144,0.9721545653368088,0.8007956201745098,0.8795113999999999,0.7590530000000001,1.6695554000000001,1.8475645,6.041666666666667
28905,2025-11-29 15:00:00,Sunderland,Bournemouth,3,2,1.16955,1.79274,0.1677,0.3108,0.5215,Sunderland,1.0367616,1.0796177999999998,1.6127546,1.5557317,1.4,1.1,1.0,0.9,-0.575993,-0.4761139000000001,0.4939023604547764,0.5364627070710094,1.1840043999999998,1.1073983333333333,1.2797114,1.1595841666666666,7.0,Bournemouth,1.8192913999999998,1.5603997,1.9263849999999998,1.3471776999999998,1.6,1.6,2.4,1.6,-0.10709360000000001,0.21322200000000024,1.1239837479749428,0.8842092916911132,1.6274591999999999,1.6183876666666668,2.23072,2.2472783333333335,7.0
28902,2025-11-29 17:30:00,Everton,Newcastle United,1,4,1.01125,2.45882,0.0953,0.1744,0.7303,Everton,1.133273,1.3366809,1.6904056,1.3764927999999998,0.8,1.1,1.2,1.2,-0.5571326000000001,-0.0398118999999999,0.7961994390867154,0.7263099146564931,1.7300866,1.7419321666666667,1.1651462000000001,1.3184335,4.895833333333333,Newcastle United,1.4825264,1.3618226999999998,1.7969428,1.2996785000000002,1.4,1.1,2.0,1.2,-0.31441640000000004,0.06214419999999965,1.0685109969566526,1.2320249385403463,0.5392572,0.6828776666666667,1.2472368,1.0924641666666666,7.0
28906,2025-11-29 20:00:00,Tottenham,Fulham,1,2,1.04396,0.494736,0.5297,0.324,0.1463,Tottenham,1.02804424,0.95236302,1.6392934000000001,1.5154495000000001,1.4,1.5,1.8,1.4,-0.6112491600000001,-0.5630864800000002,0.9015042658032673,0.6952986103124354,0.801253,0.9974741666666667,1.5589214,1.4214574999999998,6.145833333333333,Fulham,1.439236,1.2392470000000002,1.5170124,1.4374746,1.0,1.1,1.0,1.4,-0.07777640000000008,-0.19822759999999984,1.0114561682702816,0.7359972148910167,0.8953355999999999,0.8965934999999999,2.041372,1.9411566666666669,7.208333333333333
28901,2025-11-30 12:00:00,Crystal Palace,Manchester United,1,2,2.13561,1.47768,0.5412,0.2822,0.1766,Crystal Palace,1.5873618,2.0338759,1.2049800000000002,1.3291773999999998,1.4,1.5,0.8,0.8,0.3823817999999999,0.7046985000000001,1.7094419849568452,1.3097432870231942,2.2856449999999997,2.088350833333333,1.3921048,1.3817323333333331,7.875,Manchester United,1.7007311999999999,1.9555646,1.3235834,1.4005569,2.0,1.8,1.6,1.7,0.3771477999999999,0.5550077,0.7869307014707202,0.9259555295959832,1.6045772,1.5948193333333334,2.060042,1.9922566666666668,5.666666666666667
28904,2025-11-30 14:05:00,Nottingham Forest,Brighton,0,2,0.960325,2.0572,0.1427,0.2061,0.6512,Nottingham Forest,1.5194425999999999,1.1195680000000001,1.2686624,1.8360762000000002,1.6,0.9,1.6,1.8,0.2507801999999999,-0.7165082,0.8383615559791608,0.7631087300608682,1.6466895999999998,1.6648246666666668,1.6143041999999999,1.5661135,7.961805555555555,Brighton,1.2120106,1.4164956,1.3287934,1.3807761,1.8,1.8,1.2,1.3,-0.11678279999999996,0.035719499999999904,0.8100132153834282,0.7607774012504431,1.2151587999999998,1.3601106666666667,1.3279322,1.4068034999999999,7.961805555555555
28907,2025-11-30 14:05:00,West Ham,Liverpool,0,2,0.364152,1.56793,0.0588,0.1997,0.7415,West Ham,1.1061592,1.0666723999999999,2.313827,2.0103026,1.8,1.4,1.8,1.7,-1.2076677999999998,-0.9436302000000003,1.1352115394840294,0.8876031589437554,1.1801948,1.146591,1.9428829999999997,2.2773974999999997,7.961805555555555,Liverpool,1.803828,1.8518694,1.8054919999999999,1.5172991,1.0,1.1,2.2,1.6,-0.0016639999999998878,0.3345703,0.6044797229601665,0.8479084967765226,2.220594,1.9582548333333334,1.9610322,1.9614301666666665,7.961805555555555
28898,2025-11-30 14:05:00,Aston Villa,Wolverhampton Wanderers,1,0,1.15486,0.692588,0.4809,0.3149,0.2042,Aston Villa,0.9747514,1.0474767999999999,1.6421120000000002,1.5093606000000002,1.8,1.5,0.8,1.0,-0.6673606000000002,-0.4618838000000003,0.6459097762821057,0.5565221000662756,1.4068112,1.2254428333333334,1.4862188,1.472012333333333,7.003472222222222,Wolverhampton Wanderers,1.0486258000000002,0.9657342,1.983014,1.5812119,0.4,0.7,2.6,2.2,-0.9343881999999999,-0.6154777,1.0545421981244751,0.7877217502859186,0.5066342,0.48442300000000005,1.7861742,1.7859151666666666,7.961805555555555
28900,2025-11-30 16:30:00,Chelsea,Arsenal,1,1,0.791914,1.22828,0.2095,0.3069,0.4836,Chelsea,2.563696,1.9740462,0.9050917999999999,1.2316506999999999,2.0,1.8,0.4,1.0,1.6586042000000003,0.7423955000000002,1.135337666921167,1.125287000137476,2.178576,2.043468333333333,1.38664,1.32789,8.166666666666666,Arsenal,2.0117190000000003,1.9273529,0.55341204,0.62692452,2.0,1.8,0.6,0.6,1.4583069600000003,1.30042838,0.6645466737972586,0.9160544914715559,1.8960618,1.8017848333333333,0.7215428,0.8307073333333334,7.0
28908,2025-12-02 19:30:00,Bournemouth,Everton,0,1,0.635415,1.19573,0.1737,0.3189,0.5074,Bournemouth,1.7684194000000002,1.5276637,1.247727,1.4470657,1.4,1.7,2.4,1.9,0.5206924000000002,0.08059799999999995,1.1168288006152958,0.8670791182559794,1.4933402,1.5418868333333335,0.4636354,0.44859066666666664,3.1875,Everton,1.1765985999999997,1.2340149,1.6861895999999998,1.5280490999999998,1.0,0.9,1.6,1.4,-0.5095910000000001,-0.2940341999999998,0.7788699766102172,0.6877107574799566,0.9432752000000001,0.8984523333333333,1.5878394,1.7200661666666666,3.0833333333333335
28912,2025-12-02 19:30:00,Fulham,Manchester City,4,5,0.972635,1.96225,0.1408,0.2232,0.636,Fulham,1.4377168,1.2150978000000001,1.3101584000000002,1.2986306,1.4,1.3,1.0,1.3,0.12755839999999985,-0.08353279999999996,1.0132193649783843,0.7579697867842315,1.5831584,1.5948536666666666,0.8335772,0.9523193333333334,2.9791666666666665,Manchester City,2.15279,2.0681599999999998,1.3857644,1.1164418,2.0,2.2,1.2,0.8,0.7670256,0.9517181999999997,0.6365693427270906,0.7452910295985051,1.635794,1.7463333333333335,1.3740858,1.2316441666666667,3.1875
28916,2025-12-02 20:15:00,Newcastle United,Tottenham,2,2,1.88558,1.05205,0.5817,0.2502,0.1681,Newcastle United,1.7176643999999999,1.5773412,1.8277720000000002,1.3330735,2.0,1.5,1.8,1.3,-0.1101076000000003,0.24426769999999998,1.1405923763901369,1.214730362033832,2.1843882,2.1475601666666666,1.3521202,1.2345266666666668,3.1145833333333335,Tottenham,0.93391424,1.03969202,1.6677944,1.3529130999999999,1.4,1.6,1.8,1.5,-0.73388016,-0.31322107999999993,0.8616908600475508,0.6387525955015791,1.1034730400000001,1.1329192000000001,1.4719776000000002,1.4345646666666667,3.0104166666666665
28909,2025-12-03 19:30:00,Arsenal,Brentford,2,0,2.63126,0.588716,0.8618,0.1086,0.0296,Arsenal,1.8417290000000002,2.001613,0.61132844,0.65797552,2.0,1.9,0.8,0.6,1.23040056,1.34363748,0.7468867182712517,0.8101807852544737,1.958644,2.0884716666666665,0.53230624,0.4697153666666667,3.125,Brentford,2.5499796,2.1699152,1.0273455999999999,1.1009848,2.0,1.8,1.6,1.5,1.522634,1.0689304000000002,1.122552812268002,1.192451048992676,1.7518467999999998,1.6807323333333333,1.0135754000000001,1.1372295,4.1875
28910,2025-12-03 19:30:00,Brighton,Aston Villa,3,4,1.96298,3.15745,0.1501,0.1771,0.6728,Brighton,1.4520298,1.4013516000000001,1.2642324,1.2633906000000001,1.8,1.8,1.0,1.2,0.1877974,0.137961,0.8551061310867792,0.7445920776318027,1.6178324,1.588207,1.4336200000000001,1.3451638333333333,3.2256944444444446,Aston Villa,1.1352771999999998,1.0423768,1.4777076,1.3189064000000001,1.6,1.6,0.6,0.7,-0.34243040000000025,-0.27652960000000015,0.5442569598628939,0.5551413678174035,0.6881424,0.7362606666666668,1.5325023999999998,1.4653586666666667,3.2256944444444446
28911,2025-12-03 19:30:00,Burnley,Crystal Palace,0,1,1.16852,0.987797,0.3817,0.3288,0.2895,Burnley,1.126873,0.8465425999999999,2.701416,2.4421349,1.2,1.1,2.4,2.1,-1.574543,-1.5955923000000003,0.5513659852035667,0.5272540770392286,0.6318796,0.693868,2.0389277999999997,1.8859848333333333,4.1875,Crystal Palace,1.1019158,1.9877238999999995,1.0910959999999998,1.3563594,1.0,1.3,0.6,1.0,0.010819800000000157,0.6313644999999994,0.6995684518474224,1.2957469692985284,1.7821068,1.6574456666666666,1.2662499999999999,1.2831966666666668,3.3125
28917,2025-12-03 19:30:00,Wolverhampton Wanderers,Nottingham Forest,0,1,1.02461,1.12389,0.3096,0.3553,0.3351,Wolverhampton Wanderers,1.0518788000000001,0.9406673,2.009024,1.4929069,0.4,0.5,2.4,2.0,-0.9571452,-0.5522395999999999,1.053130763556549,0.7924904577175328,1.4248342,1.2739345,1.3762496,1.5300463333333332,3.2256944444444446,Nottingham Forest,1.3004076,1.1439987,1.1684424,1.8181962000000003,1.6,0.9,1.4,1.7,0.1319652,-0.6741975000000002,0.8057254018251502,0.75259193196875,0.5924464,0.7153503333333333,2.0578482,1.8985201666666667,3.2256944444444446
28914,2025-12-03 20:15:00,Liverpool,Sunderland,1,1,1.37633,0.712662,0.5385,0.2953,0.1662,Liverpool,1.5954700000000002,1.9605219999999999,1.3720884,1.5051463999999999,1.2,1.2,1.8,1.6,0.22338160000000018,0.4553756,0.40333100915996956,0.7114095293117428,1.4831447999999998,1.624299,1.073566,1.15681,3.2569444444444446,Sunderland,1.0657096000000001,1.0394458,1.8360379999999998,1.5904017,1.6,1.2,1.4,1.0,-0.7703283999999997,-0.5509558999999999,0.4972570139181547,0.509940970842443,0.9752312,0.999571,1.8317520000000003,1.6937616666666664,4.21875
28913,2025-12-03 20:15:00,Leeds,Chelsea,3,1,2.2047,0.964018,0.7167,0.1866,0.0967,Leeds,1.3196302,1.3744847,1.9687186,1.4807658,1.2,1.2,2.4,2.0,-0.6490884000000001,-0.1062810999999999,0.8674910174838698,0.784775248755131,1.6546340000000002,1.7757283333333334,0.7821192,0.7641556666666668,4.21875,Chelsea,2.2104188000000002,1.8099976000000002,0.7396478,1.2808559000000002,1.6,1.7,0.6,1.1,1.4707710000000003,0.5291417,1.3848397840751108,1.16974196560079,1.7695163999999999,2.132925333333333,1.0766614,1.0603131666666668,3.15625
28915,2025-12-04 20:00:00,Manchester United,West Ham,1,1,2.27674,1.36584,0.6156,0.2213,0.1631,Manchester United,1.4900332,1.7010956,1.2287614000000002,1.4814998999999998,2.0,1.7,1.6,1.6,0.26127179999999983,0.21959570000000017,0.6354515553771192,0.5798167521766778,2.306552,2.151548333333333,0.7410718000000001,0.8392931666666666,4.333333333333333,West Ham,1.1269394,0.8794875999999998,1.934143,2.0954938,1.8,1.1,1.8,1.9,-0.8072036,-1.2160062,1.1166552596902053,0.8073537495826446,0.9531500000000002,0.8874496666666668,2.0777222,1.8521631666666665,4.246527777777778
28919,2025-12-06 12:30:00,Aston Villa,Arsenal,2,1,2.71986,1.85965,0.5866,0.2031,0.2103,Aston Villa,1.597986,1.3226891,1.5964756000000002,1.3259344,2.2,2.0,1.2,1.0,0.0015103999999996898,-0.0032452999999998955,1.0147229969701088,0.815680336564712,1.3966112000000002,1.2153595714285714,1.1053104,1.360666,2.7083333333333335,Arsenal,2.196746,1.976569,0.65896484,0.6874790199999999,2.2,1.8,0.8,0.6,1.5377811600000002,1.28908998,0.5597357057844355,0.7833805901234867,2.044582,1.7198555714285715,0.7836447999999999,0.8251654285714285,2.7083333333333335
28918,2025-12-06 15:00:00,Bournemouth,Chelsea,0,0,1.41931,0.672602,0.6116,0.271,0.1174,Bournemouth,1.7641822,1.4470182,1.4257743999999999,1.5041464,1.0,1.5,2.6,1.9,0.33840780000000015,-0.05712819999999996,1.1221291509956417,0.912271036286768,1.3320492,1.412390857142857,0.5777968,0.5553248571428572,3.8125,Chelsea,2.1605584,1.8307995000000001,0.8704677999999999,1.3837929,1.6,1.6,0.8,1.2,1.2900906000000003,0.44700660000000014,1.4333530226419449,1.150608903492528,1.8111202000000002,1.9659385714285715,1.2825354,1.223797,2.78125
28921,2025-12-06 15:00:00,Everton,Nottingham Forest,3,0,1.25348,0.31234,0.6583,0.263,0.0787,Everton,1.1351045999999998,1.1643179,1.3946185999999998,1.5561578999999999,1.2,1.0,1.0,1.4,-0.259514,-0.39183999999999997,0.7692468423177311,0.6476914327139035,1.5537966,1.637549,1.5860448,1.481345857142857,3.8125,Nottingham Forest,1.464087,1.2270195999999998,1.2420442,1.6324872,1.8,1.0,1.0,1.4,0.22204279999999987,-0.40546760000000015,0.6132133324708455,0.6916960648446686,0.7584882000000001,0.7737131428571429,1.6864302000000002,1.7736758571428572,2.8125
28924,2025-12-06 15:00:00,Manchester City,Sunderland,3,0,2.41605,0.626486,0.8094,0.1365,0.0541,Manchester City,2.271412,2.0646600000000004,1.4115102,1.0617903,3.0,2.4,1.8,1.2,0.8599018000000003,1.0028697000000004,0.49313395418486483,0.7457430797682417,2.5279119999999997,2.2691871428571426,0.9966958000000001,1.1118255714285714,3.8125,Sunderland,0.8981220000000001,1.0752991,1.8686399999999999,1.5522297,1.4,1.3,1.4,1.1,-0.9705179999999998,-0.4769306,0.42957945744879356,0.46721778030104266,1.0469377999999998,0.958584,1.7554079999999999,1.6484142857142856,2.78125
28925,2025-12-06 15:00:00,Newcastle United,Burnley,2,1,1.80708,1.58375,0.4078,0.2946,0.2976,Newcastle United,1.5411683999999999,1.6467132,1.7341799999999998,1.4006843,2.0,1.6,2.0,1.5,-0.19301159999999995,0.2460289,0.9966085513456623,1.210069756045016,2.3231322,2.1101344285714285,1.4873418,1.2084585714285716,3.78125,Burnley,1.051489,0.9465904999999999,2.3827114000000003,2.2614226,0.6,1.1,2.2,2.1,-1.3312224000000004,-1.3148321,0.5035226410991861,0.47669941120100917,1.0612055999999999,1.0523351428571428,2.845342,2.8896657142857145,2.8125
28926,2025-12-06 15:00:00,Tottenham,Brentford,2,0,2.42388,0.470563,0.874,0.1019,0.0241,Tottenham,0.72567024,0.9934950199999999,1.7642703999999998,1.4621463000000001,1.2,1.5,2.2,1.7,-1.0386001599999997,-0.4686512800000002,0.5964618627841076,0.6169700121749873,0.975911,1.004115,1.2338486,1.2890687142857142,3.78125,Brentford,2.0134708,2.1112537999999996,1.1299215999999999,1.2885109,1.4,1.6,1.6,1.5,0.8835492,0.8227428999999997,1.316016745352885,1.259366469023903,1.5803819999999997,1.52473,1.2255734,1.3506624285714286,2.8125
28923,2025-12-06 17:30:00,Leeds,Liverpool,3,3,1.79333,2.04805,0.3199,0.2543,0.4258,Leeds,1.3162901999999999,1.5119149,2.0617916,1.4631886,1.4,1.5,2.4,2.0,-0.7455014,0.0487263,0.8631724425543251,0.7991110497188527,1.9601140000000001,1.8370099999999998,0.9141958000000001,0.7927074285714285,2.8854166666666665,Liverpool,1.44706,1.8186629999999997,0.8603688,1.5596085,1.0,1.2,1.4,1.7,0.5866912,0.25905449999999974,0.28069709777623153,0.666562673323205,1.975196,1.9024941428571427,2.0002544,1.7332475714285713,2.8854166666666665
28920,2025-12-07 14:00:00,Brighton,West Ham,1,1,2.10077,1.7064,0.4659,0.2432,0.2909,Brighton,1.6551950000000002,1.5351573,1.5032604000000003,1.4349486,2.0,2.0,1.0,1.4,0.15193459999999992,0.10020870000000004,0.8253205472251374,0.7089351712966033,1.5687004,1.641746,1.6382739999999998,1.6040618571428573,3.7708333333333335,West Ham,1.3003768,0.9367468000000001,1.945211,2.1717658,1.8,1.2,1.6,1.7,-0.6448342,-1.235019,1.0606133736707264,0.8207514118996622,0.779118,0.9557911428571428,2.3898666,1.912817,2.75
28922,2025-12-07 16:30:00,Fulham,Crystal Palace,1,2,0.766771,1.71109,0.1398,0.2443,0.6159,Fulham,1.3282418,1.1983823,1.1489964000000001,1.4118158,2.0,1.6,1.6,1.8,0.1792453999999999,-0.21343350000000005,1.0315109013079793,0.761649280935064,1.5497274,1.5059652857142858,1.0599475999999999,1.096595142857143,4.875,Crystal Palace,1.2293684000000002,1.9106986,1.153565,1.4377985,1.2,1.4,0.4,1.0,0.0758034000000003,0.47290009999999993,0.575502332790493,1.3332673572267821,1.4602401999999999,1.5617815714285714,1.258782,1.2668142857142857,3.875
28927,2025-12-08 20:00:00,Wolverhampton Wanderers,Manchester United,1,4,0.262147,4.04708,0.0013,0.0112,0.9875,Wolverhampton Wanderers,0.7405368000000001,1.0055340999999998,1.9247139999999998,1.4861099,0.0,0.5,2.0,2.0,-1.1841771999999997,-0.4805758000000002,0.6350633076656216,0.7672769183693214,1.4411048000000002,1.2383167142857143,1.1934456,1.472024,5.020833333333333,Manchester United,1.5529192000000003,1.7768546,1.3124986,1.4183588999999999,1.4,1.8,1.4,1.4,0.2404206000000002,0.3584957000000002,0.7055642574019747,0.6024537979541482,1.5962831999999998,1.5780851428571427,2.0877139999999996,2.0127357142857143,4.0
28933,2025-12-13 15:00:00,Liverpool,Brighton,2,0,2.4127,1.69004,0.5519,0.2199,0.2282,Liverpool,1.5626280000000001,1.9173019999999998,1.1320308000000001,1.6668044000000002,1.2,1.3,2.0,1.9,0.4305972,0.25049759999999965,0.3902040130752109,0.612918383887012,1.6621299999999999,1.588874857142857,1.1189626,1.0933602857142857,6.895833333333333,Brighton,1.5470949999999999,1.6047683,1.7727024,1.4864076000000002,1.6,1.9,1.2,1.3,-0.22560740000000012,0.11836069999999976,0.6878192254669827,0.7286008632834197,1.5016142,1.459694857142857,1.2316232,1.3430208571428572,6.041666666666667
28931,2025-12-13 15:00:00,Chelsea,Everton,2,0,2.64457,1.34,0.6853,0.181,0.1337,Chelsea,1.6265768000000005,1.8510754000000003,1.124939,1.3912659,1.4,1.5,0.8,1.0,0.5016378000000006,0.4598095000000002,1.3792503822668312,1.1254734989758457,1.8504788,1.864674857142857,1.4850504,1.31366,7.0,Everton,1.1843185999999999,1.2175287999999997,1.2209505999999999,1.4812258999999999,1.6,1.2,0.8,1.2,-0.036632,-0.26369710000000013,0.766902789331738,0.628841231787802,0.7748392,0.9409205714285714,1.526271,1.565116,7.0
28930,2025-12-13 17:30:00,Burnley,Fulham,2,3,2.05486,1.65053,0.4687,0.2506,0.2807,Burnley,1.2324036,0.9908065,2.2408294,2.3590527000000003,0.8,1.1,2.2,2.2,-1.0084258,-1.3682462000000002,0.49879236278966804,0.5157064016833286,0.8319753999999999,0.7616754285714286,1.6775031999999999,1.7576722857142857,7.104166666666667,Fulham,1.099182,1.1226284000000002,1.4492276,1.5002692,1.6,1.4,2.0,1.9,-0.35004559999999985,-0.3776407999999998,0.9960059099129381,0.7633012772998614,0.8470372000000002,0.8391852857142857,1.7636840000000003,1.8129857142857144,6.041666666666667
28928,2025-12-13 20:00:00,Arsenal,Wolverhampton Wanderers,2,1,1.61796,0.61997,0.6309,0.2644,0.1047,Arsenal,2.065378,2.0906765,1.06710144,0.84719502,2.0,1.8,1.2,0.7,0.9982765599999999,1.2434814799999998,0.542753620872307,0.6518420287328058,1.9085560000000001,2.166012857142857,0.5913132400000001,0.48671545714285713,7.3125,Wolverhampton Wanderers,0.7509794000000001,0.8751388,2.3517160000000006,1.8451191000000002,0.2,0.5,2.2,2.1,-1.6007366000000005,-0.9699803000000002,0.6244985686283034,0.7722108041737193,0.5699634,0.5141608571428572,1.7787741999999997,1.6957644285714284,5.0
28932,2025-12-14 14:00:00,Crystal Palace,Manchester City,0,3,1.30092,1.35317,0.3229,0.2899,0.3872,Crystal Palace,1.4246748,1.8482426,1.1428196,1.4678391,1.2,1.4,0.6,1.0,0.2818552000000001,0.3804035000000001,0.5294589593969484,1.3257563457258146,2.361157,2.095102142857143,1.6168150000000001,1.3954391428571429,6.895833333333333,Manchester City,2.256624,2.193995,1.3568381999999999,1.0525814,3.0,2.6,1.6,1.1,0.8997858000000001,1.1414136000000001,0.48599762636251664,0.6728137877971881,1.601408,1.7771785714285715,1.1268848,1.194642857142857,7.958333333333333
28935,2025-12-14 14:00:00,Nottingham Forest,Tottenham,3,0,2.32658,0.380246,0.8804,0.0967,0.0229,Nottingham Forest,1.216423,1.1751757,1.3094961999999999,1.6436762000000003,1.4,0.9,1.2,1.6,-0.09307319999999986,-0.4685005000000002,0.7931679121850556,0.7422746775950935,1.695551,1.5641818571428572,1.5785442,1.6362687142857142,7.958333333333333,Tottenham,1.1810554400000002,1.11670202,1.1898810000000002,1.3687365999999999,1.6,1.5,2.0,1.5,-0.00882556000000001,-0.2520345799999999,0.8566201777403847,0.7659954071907594,1.0110790399999998,1.1213664571428572,1.690444,1.4989954285714286,7.958333333333333
28936,2025-12-14 14:00:00,Sunderland,Newcastle United,1,0,0.630045,0.169329,0.4509,0.4675,0.0816,Sunderland,0.7872832000000001,1.0441165000000001,2.150368,1.6998992999999998,1.2,1.2,1.8,1.3,-1.3630847999999998,-0.6557827999999997,0.40947372817215005,0.48734841242089494,1.1036604,1.116277142857143,1.3490514,1.250035,7.958333333333333,Newcastle United,1.7978614,1.8120583,1.7681639999999998,1.5039932999999999,2.2,1.8,1.6,1.6,0.029697400000000096,0.30806500000000003,0.8183446698028891,1.090435508906933,0.9702942,0.9365837142857142,1.3140268,1.0808621428571428,7.958333333333333
28937,2025-12-14 14:00:00,West Ham,Aston Villa,2,3,1.27701,0.595093,0.5651,0.3111,0.1238,West Ham,1.3588907999999997,1.0607502999999998,2.260642,2.1482778,1.4,1.2,1.6,1.6,-0.9017512000000001,-1.0875275,1.076390575372713,0.835333217052007,1.0943756,1.0348140000000001,1.9536650000000002,2.176045,7.0,Aston Villa,2.054954,1.5007397,1.6743636000000002,1.4180682,2.6,2.1,1.0,1.0,0.3805903999999998,0.08267150000000001,0.863229927643846,0.911417105783692,1.248767,1.0821448571428571,1.5465583999999999,1.5364474285714285,8.0625
28929,2025-12-14 16:30:00,Brentford,Leeds,1,1,0.697006,1.63409,0.1171,0.2592,0.6237,Brentford,1.9434837999999999,2.0756544999999997,1.4677859999999998,1.3784679,1.4,1.5,1.6,1.4,0.47569780000000006,0.6971865999999998,1.4018282502782573,1.3039589245401226,2.6421255999999995,2.2165139999999997,1.3514484,1.2128704285714285,8.0625,Leeds,1.6031182000000002,1.6455491000000002,1.9431476,1.5113835999999998,2.0,1.5,2.4,2.2,-0.3400293999999999,0.13416550000000038,0.6856459239951767,0.7098473175512933,1.0637158,0.9008197142857143,2.0121814000000002,1.9911867142857143,7.958333333333333
28934,2025-12-15 20:00:00,Manchester United,Bournemouth,4,4,3.21204,2.35196,0.5797,0.1979,0.2224,Manchester United,2.1790912,2.0471046,1.0547959999999998,1.3975893,1.8,2.0,1.2,1.4,1.1242952,0.6495153,1.2089539944047498,0.9130697076969656,1.9574260000000003,2.169432857142857,0.7490038,0.9145141428571428,7.0,Bournemouth,1.868075,1.5338832,1.0622968,1.5560436999999998,0.8,1.5,2.0,1.9,0.8057782,-0.022160499999999805,1.0433823034127998,0.8571270119947608,1.5619872000000001,1.643295142857143,2.4304959999999998,2.093317142857143,9.208333333333334
28945,2025-12-20 12:30:00,Newcastle United,Chelsea,2,2,2.87863,1.0261,0.8323,0.117,0.0507,Newcastle United,1.7452718,1.7550061,1.346715,1.3599497999999999,2.0,1.7,1.2,1.5,0.39855679999999993,0.3950563,0.9290076276011945,1.1651336554434384,2.536578,2.072252625,1.3899958,1.25537,5.9375,Chelsea,1.3588068000000002,1.9128794,1.3706466000000002,1.2777559,1.2,1.6,0.8,0.7,-0.011839799999999956,0.6351235,0.826502100616326,1.1528162324152293,1.851672,1.8042715,1.2974814000000001,1.248236125,6.895833333333333
28947,2025-12-20 15:00:00,Wolverhampton Wanderers,Brentford,0,2,1.26823,1.56309,0.2792,0.2924,0.4284,Wolverhampton Wanderers,0.8526810000000001,0.8211847999999999,1.8786239999999998,1.9250440000000002,0.4,0.5,2.0,2.2,-1.0259429999999998,-1.1038592000000003,0.5283130534181413,0.7689761974850863,1.1803142,1.1162955,1.911464,1.793906,6.791666666666667,Brentford,1.5354269999999999,1.8666290999999997,1.7081486,1.3182679,1.0,1.3,1.6,1.4,-0.17272160000000003,0.5483611999999998,1.4099216853885894,1.3441293345698588,1.5091834,1.392959125,1.4054874000000002,1.484814625,5.9375
28944,2025-12-20 15:00:00,Manchester City,West Ham,3,0,3.58188,1.02143,0.9032,0.0686,0.0282,Manchester City,2.208174,2.007179,1.4114022,1.1317243,3.0,2.4,1.6,1.0,0.7967718000000001,0.8754546999999999,0.5727294647824576,0.6125241797757865,2.366856,2.287545,1.0200948,1.051158125,6.041666666666667,West Ham,1.0208367999999999,1.1108746999999999,2.0047045999999997,2.1168167999999996,1.2,1.3,1.8,1.8,-0.9838677999999998,-1.0059420999999997,0.6088622165886135,0.8313617947171642,0.9652448,1.04961725,2.6280799999999997,1.936311125,6.041666666666667
28938,2025-12-20 15:00:00,Bournemouth,Burnley,1,1,1.81847,0.480528,0.7581,0.1923,0.0496,Bournemouth,1.9364830000000002,1.6630462000000001,1.3281408000000001,1.6725196999999998,1.6,1.7,2.0,2.1,0.6083422,-0.00947349999999969,1.065975250789154,0.8749708975476208,1.5057791999999999,1.41325575,0.6815914000000001,0.5699845,4.791666666666667,Burnley,1.2684196,1.1453434,1.9774794,2.2019727,0.8,1.2,2.2,2.0,-0.7090597999999999,-1.0566292999999998,0.559570508080349,0.5826478391638182,1.2760573999999998,1.118762,2.5624919999999998,2.7543425,6.895833333333333
28940,2025-12-20 15:00:00,Brighton,Sunderland,0,0,0.919272,1.31044,0.2447,0.2888,0.4665,Brighton,1.7576956,1.5262623,2.087333,1.5250246,1.6,1.6,1.6,1.4,-0.3296374000000002,0.0012376999999998972,0.4644474657448355,0.6638185023225768,1.7079224,1.6991239999999999,1.7411920000000003,1.6168541250000001,7.0,Sunderland,0.6723022000000001,0.9129670000000001,1.7183477999999996,1.5748022,1.0,1.2,1.4,1.3,-1.0460455999999996,-0.6618351999999998,0.3372128705153465,0.38465866991399034,0.783927,0.91707175,1.954558,1.74436875,6.041666666666667
28946,2025-12-20 17:30:00,Tottenham,Liverpool,1,2,1.34905,1.23164,0.3774,0.3092,0.3134,Tottenham,0.98604064,1.0728555199999998,1.4911458,1.4854436,1.2,1.4,2.2,1.7,-0.5051051599999999,-0.41258808000000013,0.9159648296842232,0.7968747524832478,1.2969448,1.181585625,1.0960592,1.1867554999999999,6.145833333333333,Liverpool,1.839548,1.848396,1.1509548,1.4824854,1.6,1.4,1.4,1.7,0.6885931999999999,0.36591059999999986,0.40697526880634843,0.4917111351686972,1.764454,1.920688625,1.6522744,1.740757875,7.104166666666667
28941,2025-12-20 20:00:00,Everton,Arsenal,0,1,0.213273,1.84723,0.0177,0.1169,0.8654,Everton,0.9911045999999999,1.2605585,1.664969,1.6681063000000003,1.2,1.1,1.2,1.3,-0.6738644,-0.40754780000000035,0.4826519965418152,0.6200984307198066,1.622552,1.5895403750000001,1.4933596,1.335220125,7.208333333333333,Arsenal,1.923084,2.0454244999999998,0.95010544,0.8352069200000001,2.0,1.8,1.0,0.7,0.97297856,1.2102175799999997,0.5494423235699996,0.6688844634931357,2.0024159999999998,1.737329875,1.1796466,1.06200225,7.0
28943,2025-12-20 20:00:00,Leeds,Crystal Palace,4,1,2.90786,1.53058,0.7202,0.1848,0.095,Leeds,1.8460439999999998,1.6042301,1.5843548,1.4750512,2.0,1.4,2.0,2.1,0.26168919999999973,0.1291789000000001,0.21522749366658406,0.6957505879313122,1.9093240000000002,1.83155,1.1117398,0.94962525,6.145833333333333,Crystal Palace,1.5169494000000001,1.6250116,1.2860462000000001,1.2929800999999999,1.2,1.2,1.2,1.2,0.23090319999999998,0.33203150000000003,0.4334959220993889,1.1916714541065785,1.3353282,1.580445125,1.3188632,1.204308875,6.25
28939,2025-12-21 16:30:00,Aston Villa,Manchester United,2,1,1.86917,1.30455,0.5333,0.27,0.1967,Aston Villa,1.7974086,1.4236739999999999,1.5277816,1.450508,2.4,2.1,1.4,1.1,0.26962700000000006,-0.026834000000000024,1.0897912061467552,0.9556099141029133,1.6674332,1.403422125,1.286718,1.423039,7.104166666666667,Manchester United,2.657448,2.1446996,1.2541239999999998,1.3540592999999999,2.2,2.3,1.6,1.5,1.4033240000000002,0.7906403000000002,0.9902907432264525,0.984850681549374,1.9584812,1.8867095,1.5826913999999999,1.7939121249999999,5.854166666666667
28942,2025-12-22 20:00:00,Fulham,Nottingham Forest,1,0,1.70568,0.486296,0.743,0.1931,0.0639,Fulham,1.3443924,1.1924202000000002,1.3989856,1.5691802,2.2,1.6,2.0,1.8,-0.05459320000000001,-0.37675999999999976,0.9375805989984541,0.7777978264083225,1.3982196,1.413566,1.2368544,1.173407,9.104166666666666,Nottingham Forest,1.183545,1.2658037,1.3016532,1.4875468,1.4,1.2,1.0,1.5,-0.1181082,-0.22174310000000008,0.727845286221598,0.8261192319620495,0.6548004000000001,0.7160415,1.7088082,1.708651375,8.25
28954,2025-12-26 20:00:00,Manchester United,Newcastle United,1,0,0.940811,1.12998,0.2985,0.3125,0.389,Manchester United,2.463618,2.0821746,1.5969453999999998,1.4602644000000002,2.4,2.2,1.8,1.7,0.8666726,0.6219101999999999,1.1638216305431,1.0192564577826329,2.3309179999999996,2.29975875,1.1254272,1.094194875,5.145833333333333,Newcastle United,1.8398878,1.6612071,1.0606389999999999,1.4287909,2.0,1.7,1.4,1.7,0.7792488000000002,0.23241619999999985,1.0315029398160722,1.0078648601755924,0.9734342,0.840676875,1.3299037999999999,1.02451,6.3125
28955,2025-12-27 12:30:00,Nottingham Forest,Manchester City,1,2,0.600141,1.46468,0.1293,0.2671,0.6036,Nottingham Forest,1.0418862,1.2806643999999998,1.2842432,1.2764528,0.8,1.2,1.2,1.4,-0.24235699999999993,0.004211599999999871,0.7913174363978088,0.8087221623384496,1.8768070000000001,1.659481625,1.2662854,1.479265875,4.6875,Manchester City,2.433254,2.2557199999999997,1.1345782,1.1644915,3.4,2.6,1.2,1.0,1.2986757999999998,1.0912284999999997,0.8491441915422847,0.6999395932031085,1.647502,1.7241775000000001,1.2433538,1.2079274999999998,6.895833333333333
28950,2025-12-27 15:00:00,Burnley,Everton,0,0,1.24948,1.25204,0.338,0.2938,0.3682,Burnley,1.2323366,1.1431669999999998,1.9969874,2.2102477,1.0,1.2,2.0,1.9,-0.7646508000000001,-1.0670807000000002,0.6119052323299744,0.5853511373721664,1.0146294,0.9233235,1.8414534,1.7442795,7.0,Everton,1.0027465999999998,1.0680098,1.5796749999999997,1.6350403,1.0,0.9,1.4,1.3,-0.5769283999999999,-0.5670305,0.45749058986803254,0.6160373003877824,0.898565,0.9908055,1.8428529999999999,1.70004775,6.791666666666667
28957,2025-12-27 15:00:00,West Ham,Fulham,0,1,1.13719,1.11436,0.3509,0.3111,0.338,West Ham,1.1469664,1.1265627999999999,2.0244826,2.1691548000000003,0.8,1.3,2.0,1.9,-0.8775161999999999,-1.0425920000000004,0.5015826741573116,0.8276690658106992,1.2565046,1.0650884999999999,1.6055536,1.978426,7.0,Fulham,1.1180704000000001,1.2786532,1.4516912000000002,1.4843518000000002,2.2,1.6,2.0,1.5,-0.33362080000000005,-0.2056986000000003,0.5389588959005129,0.7825847092074371,0.9866208000000001,0.940603375,1.9015060000000001,1.84322,4.791666666666667
28953,2025-12-27 15:00:00,Liverpool,Wolverhampton Wanderers,2,1,1.56502,0.780664,0.5756,0.2883,0.1361,Liverpool,1.7273299999999998,1.7655790000000002,1.1818468000000002,1.4936694,2.0,1.5,1.0,1.6,0.5454831999999996,0.2719096000000003,0.4916582378543041,0.5210165377296363,1.9323380000000001,1.691853,1.3126964,1.16794525,6.895833333333333,Wolverhampton Wanderers,0.7735090000000001,0.9110674,1.9013760000000002,1.942195,0.4,0.4,2.0,2.3,-1.1278670000000002,-1.0311276,0.3871091925568286,0.7628072592189693,0.4620554,0.527387,1.9386240000000001,1.686038875,7.0
28949,2025-12-27 15:00:00,Brentford,Bournemouth,4,1,2.8513,2.56183,0.4446,0.2365,0.3189,Brentford,1.408087,1.9535622999999998,1.7662970000000002,1.3354439,1.2,1.5,1.2,1.3,-0.35821000000000014,0.6181183999999997,1.3628853861858674,1.286730938284738,2.2240748,2.0265755,1.2310484000000002,1.265522875,7.0,Bournemouth,1.6035789999999999,1.7114352,1.3460899999999998,1.6362375,1.4,1.5,1.8,2.1,0.2574890000000001,0.07519769999999992,0.6350847861152082,0.8681409386250857,1.8203132,1.73187825,2.6634480000000003,2.2331575,7.0
28948,2025-12-27 15:00:00,Arsenal,Brighton,2,1,2.54318,0.710064,0.822,0.1286,0.0494,Arsenal,1.8368760000000002,1.9242975000000002,0.9867466,0.77007932,1.4,1.7,0.8,0.7,0.8501294000000001,1.1542181800000002,0.5123439045504495,0.566950852206834,2.0884329999999998,2.09750625,0.49076724,0.503372275,6.791666666666667,Brighton,1.7460524,1.4790315,1.9094630000000001,1.6191282,1.2,1.5,1.4,1.3,-0.16341060000000018,-0.14009669999999996,0.48897806882190553,0.6907230876171643,1.3446022,1.488488,1.3088571999999998,1.47673075,7.0
28951,2025-12-27 17:30:00,Chelsea,Aston Villa,1,2,1.97155,2.05918,0.3354,0.2749,0.3897,Chelsea,1.2198408,1.8917683999999997,1.8141839999999998,1.3596378999999998,1.2,1.6,1.2,0.8,-0.5943431999999997,0.5321304999999998,0.8086138983317066,1.1683920201350988,1.9740867999999998,1.96216175,1.2580304,1.3169525,7.208333333333333,Aston Villa,1.8992866,1.437019,1.4193555999999998,1.5307338000000001,2.4,2.1,1.4,1.1,0.4799310000000001,-0.0937148000000001,1.0621104891383946,0.961366265099138,1.1799148000000002,1.021263375,1.6142980000000002,1.50401775,6.041666666666667
28956,2025-12-28 14:00:00,Sunderland,Leeds,1,1,0.805957,2.60653,0.0588,0.1287,0.8125,Sunderland,0.8898366,0.9632991000000001,1.3347441999999998,1.4737493999999998,1.0,1.2,1.2,1.1,-0.44490759999999985,-0.5104502999999997,0.32533938397740886,0.4018164886253565,1.042007,1.055498125,1.1950464,1.1149467499999999,7.958333333333333,Leeds,2.05828,1.7469651,1.6185148000000003,1.5592894,2.6,1.7,1.8,2.0,0.43976519999999963,0.1876757,0.521422024611542,0.8053316346726636,1.2991362,0.9924785,1.8383626,1.829414125,7.75
28952,2025-12-28 16:30:00,Crystal Palace,Tottenham,0,1,0.929681,0.870768,0.3247,0.3463,0.329,Crystal Palace,1.5331994000000002,1.5602806,1.5348001999999998,1.3698900999999999,1.0,1.2,2.0,1.4,-0.0016007999999996247,0.19039050000000013,0.4318471822899849,1.1757772591909097,1.914695,1.995829375,1.267097,1.3901555,7.854166666666667,Tottenham,1.2498372,1.13894072,1.2818197999999998,1.4605565999999999,1.2,1.3,1.8,1.8,-0.03198259999999986,-0.32161587999999997,0.7459748201174088,0.7887918882560325,0.84876624,1.0287264,1.8748280000000002,1.6024435000000001,7.958333333333333
28960,2025-12-30 19:30:00,Burnley,Newcastle United,1,3,1.32551,2.49248,0.129,0.196,0.675,Burnley,1.3074276,1.2171503,1.5031834,2.1022997,0.8,1.0,1.4,1.9,-0.19575579999999992,-0.8851494000000002,0.5790996148062956,0.5414941430878597,1.162596,0.9595631111111111,1.6255574000000004,1.6895862222222222,3.1875,Newcastle United,1.5741197999999998,1.6458921,1.0465512000000001,1.4371616,1.2,1.6,1.4,1.6,0.5275685999999997,0.20873049999999993,1.002960882410276,1.0153838154100974,0.9428042,0.8728216666666666,1.3466451999999998,1.0152101111111111,3.9791666666666665
28961,2025-12-30 19:30:00,Chelsea,Bournemouth,2,2,2.33294,3.49142,0.1502,0.1905,0.6593,Chelsea,1.4557680000000002,1.8330933999999999,1.9803640000000002,1.3600059000000002,1.2,1.4,1.4,1.0,-0.5245960000000001,0.47308749999999966,0.8244790632587339,1.1457133822348606,2.1209548000000003,1.9632048888888889,1.2579044000000001,1.3994222222222221,3.0833333333333335,Bournemouth,1.7573970000000003,1.7629082,1.6824400000000002,1.4650835,1.2,1.3,2.0,2.2,0.07495700000000016,0.29782470000000005,0.7709562166037705,0.9047420727889249,1.9232592,1.824095111111111,2.3211399999999998,2.3018400000000003,3.1875
28965,2025-12-30 19:30:00,Nottingham Forest,Everton,0,2,1.75445,1.69525,0.3776,0.2639,0.3585,Nottingham Forest,0.9698494,1.1351285,1.1657392,1.1670908,1.0,1.3,1.2,1.3,-0.1958898,-0.0319623,0.8165894363441155,0.7843765203968266,1.5857351999999998,1.5417771111111112,1.0475614,1.4776452222222223,3.2916666666666665,Everton,1.0509046000000002,1.1137516,1.337807,1.5119983,0.8,0.9,0.6,1.1,-0.2869023999999998,-0.39824669999999984,0.4710810667823536,0.6104388860003742,0.9900486000000001,1.0198315555555557,1.5967689999999999,1.6499846666666667,3.1875
28967,2025-12-30 19:30:00,West Ham,Brighton,2,2,2.27644,3.08914,0.1995,0.2097,0.5908,West Ham,1.301574,1.2142567,1.9337685999999998,1.9339557999999997,0.8,1.3,1.8,1.8,-0.6321945999999998,-0.7196990999999997,0.26178252392014273,0.7701399111047651,1.4318924,1.0730997777777778,1.1351555999999998,1.8824186666666667,3.1875,Brighton,1.4766252,1.4643275,2.2260340000000003,1.7451332000000002,1.0,1.4,1.8,1.4,-0.7494088000000003,-0.28080570000000016,0.6264787032702708,0.7068113514263665,1.2082989999999998,1.4019964444444444,1.7436124,1.5952251111111113,3.1875
28958,2025-12-30 20:15:00,Arsenal,Aston Villa,4,1,4.41335,2.94195,0.6941,0.1691,0.1368,Arsenal,2.099856,1.9707925000000004,0.9703766,0.79085252,1.6,1.8,0.8,0.8,1.1294794,1.1799399800000003,0.4562534803483697,0.5991291739185113,1.985369,2.1470255555555555,0.45987024000000004,0.5263380222222223,3.21875,Aston Villa,2.0801506,1.6077138999999998,1.675148,1.5764277999999998,2.6,2.1,1.6,1.1,0.4050026,0.03128609999999998,0.9772602990819793,0.8967210440235949,1.5213046,1.1365874444444444,1.705686,1.5559657777777778,3.1145833333333335
28964,2025-12-30 20:15:00,Manchester United,Wolverhampton Wanderers,1,1,1.13306,1.21784,0.3127,0.3104,0.3769,Manchester United,2.3562442,1.9231387000000002,1.3958194,1.3122904,2.2,2.1,1.6,1.6,0.9604248,0.6108483000000002,1.2949078061442056,1.0644844012155004,2.1331201999999996,2.1487645555555557,1.1899994,1.098171,4.010416666666667,Wolverhampton Wanderers,0.7911242000000002,0.9215015,1.983408,1.996216,0.6,0.5,2.2,2.3,-1.1922837999999998,-1.0747145,0.38450150106234926,0.7599477790119311,0.4829236,0.555528888888889,2.046666,1.6725923333333332,3.21875
28962,2026-01-01 17:30:00,Crystal Palace,Fulham,1,1,2.35346,1.75434,0.5385,0.2305,0.231,Crystal Palace,1.2920136000000002,1.1969647,1.4134178,1.2522569,0.8,0.9,1.8,1.2,-0.12140419999999974,-0.05529219999999979,0.337805762585986,0.527507550460769,1.1880632,1.8773684444444443,1.0318306,1.3324457777777776,4.041666666666667,Fulham,1.2419952000000003,1.339856,1.4703372,1.3902478000000003,2.0,1.7,1.8,1.4,-0.2283419999999996,-0.05039180000000032,0.41730923140124765,0.7377751288303684,1.0408228000000002,0.9599096666666667,1.862028,1.7647722222222224,5.104166666666667
28963,2026-01-01 17:30:00,Liverpool,Leeds,0,0,1.67833,0.15936,0.8379,0.1434,0.0187,Liverpool,1.726748,1.6611090000000002,1.2651492000000002,1.3186187999999999,2.0,1.6,1.2,1.5,0.46159879999999975,0.3424902000000003,0.4918957648425116,0.429681299064266,1.723398,1.6777604444444443,0.9625952000000002,1.124914,5.104166666666667,Leeds,2.2293019999999997,1.7744661000000002,1.2091222,1.5889204000000001,2.4,1.8,1.4,1.9,1.0201797999999997,0.18554570000000004,0.5356528940181313,0.8317729198945333,1.3541382,1.1718175555555554,1.8976245999999999,1.7156966666666666,4.145833333333333
28966,2026-01-01 20:00:00,Sunderland,Manchester City,0,0,0.962141,2.44247,0.0985,0.1597,0.7418,Sunderland,0.817118,0.9414138000000001,1.4975022,1.6667700999999997,0.6,1.1,1.0,1.2,-0.6803842,-0.7253562999999996,0.28536778299853655,0.40404781026694264,0.9982364,1.0277713333333334,1.5810878,1.2806782222222222,4.25,Manchester City,2.1556059999999997,2.154198,0.9043224000000001,1.1450434,3.2,2.6,1.0,1.1,1.2512835999999996,1.0091546,0.9028783714487796,0.7364825826981773,1.721144,1.6953444444444445,1.2246304,1.1403956666666666,5.3125
28959,2026-01-01 20:00:00,Brentford,Tottenham,0,0,0.556304,0.608309,0.2635,0.4337,0.3028,Brentford,1.2341350000000002,1.8920573,2.103858,1.5656018,1.4,1.7,1.2,1.4,-0.8697229999999996,0.3264555,1.00144264396869,1.2193197680278816,2.6555831999999997,2.118211555555556,1.5241204,1.4095570000000002,5.208333333333333,Tottenham,1.2151988,1.07455652,1.3688088,1.5183015999999998,1.2,1.3,1.4,1.6,-0.15361000000000002,-0.4437450799999998,0.7617779650483468,0.7809587935157895,0.8852802399999999,1.0111754666666668,1.7646622,1.527692111111111,4.145833333333333
28972,2026-01-03 12:30:00,Aston Villa,Nottingham Forest,3,1,1.42988,0.8982,0.5062,0.2854,0.2084,Aston Villa,2.0370505999999997,1.8175183000000001,2.165222,1.8808488,2.0,2.1,1.8,1.5,-0.12817140000000027,-0.06333049999999996,0.9210031117275336,0.9424307977541724,1.6941232,1.455171888888889,1.4471696,1.4098735555555555,3.6770833333333335,Nottingham Forest,1.0959614,1.2800242000000002,1.2998672,1.2709557,0.8,1.3,1.6,1.3,-0.20390580000000003,0.009068500000000146,0.89157468034753,0.7470337751151848,0.6845218,0.6905142222222223,1.2866202,1.7083212222222222,3.7083333333333335
28970,2026-01-03 15:00:00,Wolverhampton Wanderers,West Ham,3,0,2.23925,0.235678,0.9109,0.0781,0.011,Wolverhampton Wanderers,0.8297702000000001,0.7851535000000001,1.9852420000000002,1.954978,0.8,0.4,2.2,2.1,-1.1554718,-1.1698245,0.4217430514735243,0.5104025561615833,1.3600794,1.133177111111111,1.945766,1.7682597777777778,3.78125,West Ham,1.4836939999999998,1.3920354,2.0962486,2.0207298,1.0,1.4,2.0,1.8,-0.6125546000000002,-0.6286943999999999,0.5134480223255324,0.7914916571257083,0.996621,1.0464853333333335,2.732756,2.119152111111111,3.8125
28973,2026-01-03 15:00:00,Brighton,Burnley,2,0,1.4717,0.254551,0.7247,0.2236,0.0517,Brighton,1.7018571999999998,1.6785260999999998,2.049832,1.7765461999999999,0.8,1.4,1.4,1.2,-0.34797480000000003,-0.09802010000000005,0.9591556159222548,0.8439311061389958,1.720356,1.6124737777777778,1.7466540000000002,1.5828081111111112,3.8125,Burnley,1.3388256,1.1951573,1.80412,2.0934157,1.0,0.8,1.8,2.0,-0.4652943999999999,-0.8982584,0.5739180985356708,0.5310444572259987,1.2717046,1.0478471111111112,2.579042,2.6503566666666667,3.8125
28971,2026-01-03 17:30:00,Bournemouth,Arsenal,2,3,0.947846,1.28,0.2551,0.2988,0.4461,Bournemouth,2.3285980000000004,2.0463901,1.909882,1.6678282,1.6,1.3,2.2,2.4,0.4187160000000003,0.3785619,0.7896412470039796,0.9618986727740844,1.6025571999999997,1.4582795555555554,0.609027,0.5600448888888889,3.9166666666666665,Arsenal,2.4562739999999996,2.3265100000000003,1.4410234,1.04999412,2.0,2.1,1.0,0.9,1.0152505999999997,1.2765158800000003,1.147536957631431,0.8621012749736028,1.956216,1.749541,1.1218348,0.9676990000000001,3.8854166666666665
28976,2026-01-04 12:30:00,Leeds,Manchester United,1,1,0.970138,1.94781,0.1395,0.2351,0.6254,Leeds,1.820234,1.5682621,1.3519846000000002,1.7068881,1.8,1.6,1.2,1.8,0.4682493999999997,-0.13862599999999992,1.071805436322283,0.9551167828279719,2.194794,1.9511399999999999,1.2802162000000001,1.0141757777777778,2.7916666666666665,Manchester United,2.1275082000000003,1.8402137,1.3662193999999999,1.339359,2.2,1.8,1.6,1.5,0.7612888000000004,0.5008547000000001,1.408492348797536,1.0930115262724613,1.7131572000000002,1.8220251111111112,1.4345814000000001,1.8022741111111111,4.677083333333333
28968,2026-01-04 15:00:00,Newcastle United,Crystal Palace,2,0,2.72764,1.27825,0.7489,0.1653,0.0858,Newcastle United,1.6954998,1.6183340999999998,1.1012432,1.4177116,1.4,1.7,1.2,1.6,0.5942565999999998,0.2006224999999997,1.0835629429503388,0.9848234176951555,2.34898,2.1618501111111113,1.527678,1.2298955555555555,4.8125,Crystal Palace,1.5651462000000003,1.3972573000000001,1.5305818,1.3420733999999999,0.8,1.0,2.0,1.2,0.03456440000000027,0.055183900000000286,0.5285746322395728,0.5501760460686994,1.2058662,1.5749045555555554,1.4726832,1.3935923333333333,2.8958333333333335
28969,2026-01-04 15:00:00,Tottenham,Sunderland,1,1,1.4175,0.467481,0.6917,0.2321,0.0762,Tottenham,1.1264506,0.92606042,1.1029535999999998,1.4336119999999999,0.8,1.0,1.0,1.6,0.023497000000000323,-0.5075515799999999,0.8098671427337945,0.7030227128421225,1.2638328,1.2001927777777779,1.271941,1.1917426666666666,2.7916666666666665,Sunderland,0.8670138,0.8825679000000001,1.7107301999999998,1.7896850999999998,0.4,0.9,0.8,1.1,-0.8437163999999998,-0.9071171999999997,0.28434650806665424,0.3438321761032233,0.8845911999999998,0.9607793333333334,1.7524524,1.6526913333333333,2.7916666666666665
28974,2026-01-04 15:00:00,Everton,Brentford,2,4,1.00566,3.05179,0.0586,0.1135,0.8279,Everton,1.1508086,1.1429566,1.561614,1.4781163,1.0,1.1,0.6,0.8,-0.4108054000000001,-0.33515969999999995,0.5549711789496822,0.632416124835047,1.2374546,1.4366217777777779,1.4272275999999997,1.3921101111111112,4.8125,Brentford,1.2276526000000003,1.6205617,1.6992678,1.4145947,1.4,1.4,0.8,1.2,-0.4716151999999998,0.205967,1.006755748442392,1.1797176900010207,1.1285314,1.4118625555555555,1.6070832000000004,1.4607496666666668,2.7916666666666665
28975,2026-01-04 15:00:00,Fulham,Liverpool,2,2,0.609182,1.7188,0.0957,0.2177,0.6866,Fulham,1.3983362,1.363289,1.5485792,1.3487877999999998,1.4,1.7,1.0,1.3,-0.15024300000000013,0.014501200000000214,0.43712633007770213,0.7477863430847076,1.6388892000000002,1.446023111111111,0.9184676000000002,1.0970613333333334,2.8958333333333335,Liverpool,1.7871480000000002,1.617104,1.1544888000000002,1.0074288,1.8,1.4,1.0,1.2,0.6326592,0.6096752000000001,0.455290155252669,0.3990919643446157,1.59882,1.8441276666666668,1.6746424000000002,1.6972347777777776,2.8958333333333335
28977,2026-01-04 17:30:00,Manchester City,Chelsea,1,1,1.03049,2.03726,0.1151,0.2012,0.6837,Manchester City,2.25165,2.261531,0.9022236000000001,1.1568669,2.2,2.6,0.2,1.0,1.3494264,1.1046641000000001,0.902709750778178,0.68582799149722,2.587252,2.4313599999999997,1.0654564,1.047855,2.8958333333333335,Chelsea,1.7295524,1.9450554,2.237708,1.5540879,1.4,1.5,1.2,1.0,-0.5081556,0.3909674999999999,0.8473319995248608,1.1330541347189018,1.545232,1.717808,1.4621074,1.4293909999999999,4.916666666666667
28987,2026-01-06 20:00:00,West Ham,Nottingham Forest,1,2,1.73697,1.26683,0.4809,0.2855,0.2336,West Ham,1.1895495999999999,1.2742201999999998,2.1239446,2.1922933000000002,0.8,1.1,2.4,2.0,-0.9343950000000003,-0.9180731000000004,0.7297014492385224,0.8715257762575291,1.6044144,1.1934338,1.6482605999999997,2.0030908,3.2083333333333335,Nottingham Forest,1.2131334,1.2147782,1.3351472000000002,1.3223217,1.0,1.2,1.6,1.4,-0.12201380000000017,-0.10754350000000001,0.7962446746162891,0.7492596886089629,0.8030632000000001,0.7112828,1.4412759999999998,1.6804770999999998,3.3125
28978,2026-01-07 19:30:00,Everton,Wolverhampton Wanderers,1,1,1.63321,0.71329,0.6437,0.2323,0.124,Everton,1.1012446,1.1427816,2.109504,1.6652272999999997,0.8,1.2,1.4,1.1,-1.0082593999999998,-0.5224456999999998,0.5545754653523722,0.6324580411126453,1.1579466,1.3935256,1.6189315999999998,1.5580781,3.1875,Wolverhampton Wanderers,1.2251908,0.9880850999999999,1.2229616,1.7873388000000001,1.2,0.7,1.4,1.8,0.0022291999999999312,-0.7992537000000002,0.6312920799385969,0.6425905677086308,0.6845048,0.62176,1.890864,1.6186391,4.1875
28979,2026-01-07 19:30:00,Bournemouth,Tottenham,3,2,1.19014,1.6261,0.2401,0.2869,0.473,Bournemouth,2.2343052000000005,2.0511901000000003,2.0313616000000003,1.5468292000000001,2.0,1.4,2.8,2.4,0.20294360000000022,0.5043609000000002,0.9393280781735421,0.9556409644585208,1.6608062000000001,1.4072362,0.8039284,0.6320404,4.083333333333333,Tottenham,0.9251746000000001,1.0531150200000001,1.1023372,1.1461090999999999,0.6,1.1,1.2,1.6,-0.17716259999999995,-0.09299407999999976,0.4534219116604313,0.660071186921939,0.5882880399999999,0.9708888200000001,1.595283,1.4305533000000001,3.1875
28981,2026-01-07 19:30:00,Brentford,Sunderland,3,0,3.86096,1.50644,0.8769,0.0866,0.0365,Brentford,1.7438980000000002,1.8436909,1.4156237999999999,1.4417049,2.2,1.8,0.8,1.2,0.3282742000000003,0.40198599999999995,1.1700400179728898,1.2218406232060484,2.1125920000000002,1.9620208,1.2221062,1.3294322,3.1875,Sunderland,0.8352128000000001,0.811248,1.5110201999999997,1.8306940999999999,0.6,0.9,0.4,1.1,-0.6758073999999996,-1.0194461,0.3240864330301407,0.34905365982578956,0.6679674,0.9114495,1.7932884000000002,1.6291722,3.1875
28983,2026-01-07 19:30:00,Crystal Palace,Aston Villa,0,0,1.32505,2.07015,0.193,0.2327,0.5743,Crystal Palace,1.4785782,1.4516265000000002,1.9227556,1.5327876,0.4,0.8,2.2,1.4,-0.44417739999999983,-0.08116109999999988,0.5341124205363508,0.5021813982966369,1.5118436000000002,1.9249776,1.218599,1.3746352,3.1875,Aston Villa,1.7790545999999998,1.9170042999999999,1.9729319999999997,1.8236478000000003,2.2,2.4,1.8,1.4,-0.19387739999999987,0.09335649999999962,0.8606109324112724,0.825534812319605,2.0226906,1.3171237,2.294314,1.8417042000000001,4.291666666666667
28984,2026-01-07 19:30:00,Fulham,Chelsea,2,1,1.06013,2.45107,0.1032,0.1646,0.7322,Fulham,1.3668184,1.2330002,1.5501212,1.4996744000000002,1.6,1.6,1.0,1.5,-0.18330279999999988,-0.2666742000000002,0.49579244768632785,0.7550147019591075,1.3783116000000002,1.362339,1.2202408,1.1592352,3.1875,Chelsea,2.002484,1.8145304,2.1599440000000003,1.6424414999999999,1.6,1.5,1.4,1.1,-0.15746000000000038,0.1720889000000001,0.607652778591523,1.0241288776745496,1.284182,1.7497532,1.6388146,1.3895009,3.0833333333333335
28985,2026-01-07 19:30:00,Manchester City,Brighton,1,1,2.95904,1.33162,0.7562,0.1607,0.0831,Manchester City,1.9745380000000001,2.115581,1.1843784,1.2706083,1.8,2.4,0.4,1.0,0.7901596000000002,0.8449727000000002,1.0416079708172363,0.7805620986962608,2.295352,2.291273,1.2929392,1.1467955,3.0833333333333335,Brighton,1.5760432000000002,1.5615691,1.7594622000000002,1.7660823,1.0,1.3,1.2,1.2,-0.183419,-0.20451320000000006,0.9346942125568127,0.7738137320616707,1.6366962,1.5707108,1.8064384,1.6633466,4.1875
28982,2026-01-07 20:15:00,Burnley,Manchester United,2,2,0.31971,2.52488,0.0234,0.1025,0.8741,Burnley,1.0729858,1.1526947,1.7370440000000003,1.9889367,0.8,0.8,1.8,2.0,-0.6640582000000002,-0.8362419999999999,0.7210820663206094,0.5905315644567941,1.2918626,0.9961578,1.6207554000000002,1.7698756,4.21875,Manchester United,1.7076542,1.9433727,1.5078176,1.2813067999999999,1.6,1.7,1.6,1.4,0.1998365999999998,0.6620659000000002,0.9221647666812044,1.0436827201152286,1.9194752000000002,1.8346036000000001,1.3184770000000001,1.7190604999999999,3.3229166666666665
28986,2026-01-07 20:15:00,Newcastle United,Leeds,4,3,2.43495,2.35318,0.401,0.2529,0.3461,Newcastle United,1.8796118,1.8387366,1.0401432,1.4041536000000001,1.4,1.8,1.0,1.3,0.8394686,0.43458299999999994,1.181081253983484,0.9588923892917286,2.340896,2.2184291,1.479326,1.234731,3.21875,Leeds,1.6555956000000003,1.6293568999999999,1.3319366000000001,1.6375421000000003,1.4,1.7,0.8,1.6,0.32365900000000014,-0.008185200000000448,1.1381429988743943,0.886240747934085,1.3141722,1.0705718,1.7050366000000001,1.71196,3.3229166666666665
28980,2026-01-08 20:00:00,Arsenal,Liverpool,0,0,0.701832,0.318642,0.4144,0.4412,0.1444,Arsenal,2.340344,2.202861,1.0866205999999998,1.07686102,2.4,2.2,1.0,1.1,1.2537234000000002,1.12599998,1.247780607490756,0.9186443818348136,2.6968039999999998,2.373658,0.9781534399999998,0.76789922,5.104166666666667,Liverpool,1.7212980000000002,1.641963,0.9176591999999999,1.024845,1.6,1.4,0.8,1.4,0.8036388000000003,0.617118,0.43129948553180475,0.3966602372602186,1.518904,1.8315949,1.1422268,1.5884295,4.208333333333333
28993,2026-01-17 12:30:00,Manchester United,Manchester City,2,0,3.07278,0.387015,0.9392,0.0489,0.0119,Manchester United,1.5702222,2.1138351,1.1013676,1.1777458,1.2,1.7,1.2,1.4,0.4688546,0.9360893000000001,0.654177924470247,0.9769367034199243,1.9672702000000002,2.0471941,1.2441365999999998,1.1101379,9.677083333333334,Manchester City,2.295712,2.251943,1.1905183999999998,1.3009603,1.4,2.2,0.6,1.1,1.1051936000000002,0.9509826999999997,1.0496631560505496,0.7984988956793309,1.93581,1.770057,1.2482773999999999,1.1225702,9.708333333333334
28996,2026-01-17 15:00:00,Tottenham,West Ham,1,2,1.65292,2.76761,0.1425,0.202,0.6555,Tottenham,1.1743454000000002,1.0801930199999998,0.8750492,1.1830975000000001,1.0,1.1,1.2,1.7,0.29929620000000023,-0.1029044800000003,0.4202036765960053,0.6791250500762512,1.5179420000000001,1.2219235000000002,0.6969352,1.1193165,9.8125,West Ham,1.2815416,1.1511892,2.258292,2.1314982999999996,0.6,0.9,2.2,2.0,-0.9767504,-0.9803090999999997,0.7712917658920002,0.6693557623686955,0.9440259999999998,0.9654046,2.736326,2.1311619,10.791666666666666
28995,2026-01-17 15:00:00,Sunderland,Crystal Palace,2,1,1.84601,1.15169,0.5566,0.26,0.1834,Sunderland,1.0104918,0.8413970000000001,2.2493464,1.9838470999999998,0.4,0.7,1.0,1.2,-1.2388545999999998,-1.1424500999999996,0.4107817403910498,0.39661724439873347,0.9545286000000001,1.0212083,1.8680998,1.3968574,9.8125,Crystal Palace,1.4834042000000003,1.5001768,2.0661516,1.6760989000000002,0.4,0.8,1.6,1.4,-0.5827473999999997,-0.1759221000000002,0.5322115021006213,0.4579524952180071,1.3914094000000001,1.5452391,1.8469761999999998,1.5269971,9.8125
28991,2026-01-17 15:00:00,Leeds,Fulham,1,0,2.16898,0.258796,0.864,0.1163,0.0197,Leeds,1.7994135999999998,1.8227288000000001,1.6795254,1.6319401,1.8,1.9,1.4,1.7,0.11988819999999989,0.19078870000000014,1.179430091423311,0.7996491483317751,1.9445416000000002,1.8530398,1.5700476,1.1075392000000002,9.78125,Fulham,1.2487384000000001,1.2965654,1.6293632000000002,1.5141744000000001,1.4,1.8,0.8,1.4,-0.3806248000000001,-0.21760900000000016,0.48142799966640915,0.7044458352503761,1.0876888,1.0393527,1.7791080000000001,1.8236409999999998,9.8125
28990,2026-01-17 15:00:00,Chelsea,Brentford,2,0,1.62263,1.47521,0.4189,0.2809,0.3002,Chelsea,1.963784,1.6612954000000002,2.1039700000000003,1.7373083,1.4,1.3,1.8,1.3,-0.14018600000000037,-0.07601289999999983,0.5608997493581172,0.7383051564158727,2.3448788,2.0001784000000002,1.6460684,1.608622,9.8125,Brentford,2.3766888,1.9560579,1.3900937999999998,1.5491212,2.6,1.8,0.6,1.1,0.9865950000000003,0.40693669999999993,1.3095631183708556,1.3573111663241044,1.5747898,1.5758553,1.6613036,1.4152407,9.8125
28992,2026-01-17 15:00:00,Liverpool,Burnley,1,1,3.49045,0.546971,0.9471,0.041,0.0119,Liverpool,1.3024863999999998,1.5710172,0.7200176,0.9354862,1.2,1.4,0.8,1.1,0.5824687999999998,0.635531,0.5823376022847908,0.5517720659944039,1.765022,1.6778174,0.9074631999999999,1.0283586,8.791666666666666,Burnley,0.7259558,0.9971876999999999,1.9119140000000001,1.9446967000000002,0.8,0.8,1.6,1.9,-1.1859582,-0.9475090000000003,0.5198643494260783,0.5839691598635915,1.0135268,0.9685174999999999,2.3571180000000003,2.532491,9.78125
28994,2026-01-17 17:30:00,Nottingham Forest,Arsenal,0,0,0.318481,2.86323,0.0086,0.0474,0.944,Nottingham Forest,1.0011834,1.0923642,1.606492,1.4540726,0.8,1.1,1.8,1.4,-0.6053086000000001,-0.36170839999999993,0.5182972864870127,0.6033888311773024,1.6264932,1.5630444000000001,1.2033673999999999,1.4994057,10.895833333333334,Arsenal,2.1571184,2.0401011999999996,1.0263550000000001,0.9882302200000002,2.0,2.0,0.8,0.9,1.1307633999999998,1.0518709799999995,1.4337756628855158,1.0310366048362094,1.708918,1.7025869,1.1755686,0.9657137,8.895833333333334
28997,2026-01-18 14:00:00,Wolverhampton Wanderers,Newcastle United,0,0,0.390216,0.813313,0.1649,0.3912,0.4439,Wolverhampton Wanderers,1.2438548,1.0482679000000001,1.2260116,1.5523178,1.2,0.8,1.2,1.6,0.017843199999999948,-0.5040498999999998,0.6099441057549453,0.5761103610270926,1.2916654,1.2437844,1.6838136,1.6150016,10.770833333333334,Newcastle United,2.332736,2.0390039,1.3847702,1.3657426,2.2,2.1,1.4,1.3,0.9479658000000002,0.6732613000000001,0.695797612693518,0.8334362220209441,1.3365772,1.0347875,1.3289811999999999,1.0462401,10.739583333333334
28988,2026-01-18 16:30:00,Aston Villa,Everton,0,1,0.905393,0.745859,0.3565,0.3572,0.2863,Aston Villa,2.0740659999999997,1.9357373,1.9825400000000002,1.7551608,1.6,2.0,1.4,1.4,0.09152599999999955,0.18057649999999992,0.5500948870240474,0.8267973904259259,1.811318,1.4526427,1.3529816000000001,1.3587061999999999,10.875,Everton,1.1598866,1.0754956,1.723248,1.6941084999999998,1.0,1.1,1.2,1.2,-0.5633613999999998,-0.6186128999999998,0.5997925499769068,0.5209003551442233,1.1276166,1.0873734000000002,1.7115230000000001,1.6604312,10.875
28989,2026-01-19 20:00:00,Brighton,Bournemouth,1,1,0.995777,1.69737,0.1781,0.2457,0.5762,Brighton,1.5043592000000001,1.6310274,1.8687302000000003,1.9780316,1.2,1.4,1.0,1.3,-0.3643710000000002,-0.3470042,0.9375056713104194,0.7101613007398311,1.4864419999999998,1.5983964,1.7257262,1.4499824000000001,12.020833333333334,Bournemouth,2.0019412,1.9692121,1.7141736,1.5211572,1.8,1.7,2.4,2.2,0.2877676,0.44805490000000003,1.0411318509474197,0.9939677507219294,2.441574,1.9908276,2.28973,2.3049500000000003,12.020833333333334
29007,2026-01-24 12:30:00,West Ham,Sunderland,3,1,2.18675,0.713838,0.777,0.1625,0.0605,West Ham,1.6307775999999996,1.3888719999999999,1.8725,1.9484913000000001,1.0,0.9,1.8,1.9,-0.24172240000000045,-0.5596193000000003,0.988746211000983,0.7818780942383394,1.3583523999999998,1.2692736,1.5266705999999999,1.7347768,6.895833333333333,Sunderland,1.1176058,1.0037212,2.29583,1.8152871000000002,0.8,0.9,1.2,1.2,-1.1782242,-0.8115659000000002,0.5535614798337216,0.44457234482660113,0.9247018,0.9499665,1.9980224,1.9148872000000001,6.895833333333333
29005,2026-01-24 15:00:00,Manchester City,Wolverhampton Wanderers,2,0,1.0654,0.542683,0.4964,0.3317,0.1719,Manchester City,1.656739,2.0449965000000003,1.6007884000000001,1.3676833,0.8,2.1,1.0,1.1,0.05595059999999985,0.6773132000000004,1.0433880635482664,0.9858023748197596,2.568076,2.4624270000000004,1.3536432,1.1519425,7.104166666666667,Wolverhampton Wanderers,1.0682520000000002,0.9208805,1.0760562,1.4887161,1.2,0.8,0.8,1.4,-0.007804199999999817,-0.5678356,0.7179920929634253,0.565552657947418,0.8048704000000001,0.6557523,1.420822,1.6034981,6.041666666666667
29001,2026-01-24 15:00:00,Burnley,Tottenham,2,2,1.54884,2.59093,0.153,0.2126,0.6344,Burnley,0.7392443999999999,0.9857905,2.2463100000000003,2.1216487,0.8,0.9,1.6,1.8,-1.5070656000000002,-1.1358582000000002,0.5128239430801761,0.592313302423313,1.223616,0.9277478,1.7815454000000002,1.9102366,7.0,Tottenham,1.2351193999999999,1.2424783,1.1822431999999998,1.2320315,1.0,1.1,1.2,1.5,0.05287620000000004,0.010446799999999978,0.47072525809202154,0.5881028195734426,0.9074946,1.00548382,1.377657,1.4248173,7.0
29004,2026-01-24 15:00:00,Fulham,Brighton,2,1,1.13243,1.94652,0.1687,0.2381,0.5932,Fulham,0.9593616,1.038716,1.9659,1.7087956000000002,1.2,1.7,1.0,1.5,-1.0065384,-0.6700796000000002,0.5655942324377078,0.5275167524398316,1.0228796,1.303019,1.6659012,1.2497392,7.0,Brighton,1.5196602000000001,1.6328562999999998,1.9461162,1.9277895999999999,1.4,1.3,1.2,1.3,-0.42645599999999995,-0.29493330000000006,0.9261244185454782,0.7083123551569682,1.7756128,1.4953858,2.230337,1.7791346000000001,4.791666666666667
28998,2026-01-24 17:30:00,Bournemouth,Liverpool,3,2,3.31474,0.937335,0.8979,0.0725,0.0296,Bournemouth,1.9777212,1.7906501,1.8172234,1.5816567000000001,1.8,1.6,2.4,2.1,0.1604977999999999,0.20899339999999977,1.0478538801842556,0.8403225388465038,1.2022362,1.3477881999999999,1.0509920000000001,0.7573137,4.895833333333333,Liverpool,1.7542484000000003,1.7407892,0.5596018,0.8707243,1.0,1.5,0.8,0.9,1.1946466000000002,0.8700649,1.1311707774968374,0.8223889390399707,1.3770124000000001,1.7988032,0.9635092000000001,1.4622707,7.104166666666667
29000,2026-01-25 14:00:00,Brentford,Nottingham Forest,0,2,2.00413,1.38958,0.5375,0.2893,0.1732,Brentford,2.3591127999999997,1.8835999,1.4609737999999999,1.6136354000000002,2.2,1.7,1.0,1.1,0.8981389999999998,0.26996449999999994,1.323725678208744,1.3621857504587946,2.337326,2.2351528000000003,1.4369388,1.382391,7.958333333333333,Nottingham Forest,0.9676204,1.0047533,1.8380020000000001,1.5611226,0.8,0.8,1.6,1.4,-0.8703816000000001,-0.5563693000000001,0.5634424252222231,0.6487929929555599,0.8175112,0.7049788,1.430124,1.7439861,7.854166666666667
29002,2026-01-25 14:00:00,Crystal Palace,Chelsea,1,3,2.41793,3.08817,0.2467,0.2125,0.5408,Crystal Palace,1.4076262000000004,1.4704128,1.8537816,1.6942909,0.4,0.7,1.2,1.6,-0.44615539999999965,-0.22387809999999986,0.5504756034168995,0.4711078063259913,1.6089441999999998,1.9472946,1.5052216,1.4486632,7.958333333333333,Chelsea,2.0830900000000003,1.6514654,1.823286,1.8187350000000002,1.4,1.3,1.4,1.3,0.25980400000000037,-0.16726960000000024,0.32572967127665614,0.7380773050863978,1.4302100000000002,1.5998632000000002,1.7186519999999998,1.3976567,7.958333333333333
29006,2026-01-25 14:00:00,Newcastle United,Aston Villa,0,2,1.95484,1.32143,0.5465,0.2409,0.2126,Newcastle United,1.9196726000000002,1.8797801999999997,1.2575934,1.1591162000000002,1.8,1.9,1.0,1.2,0.6620792000000002,0.7206639999999995,0.8794993466335262,0.9046781931278475,2.3467759999999998,2.2655821,1.458666,1.4053931,7.0,Aston Villa,1.8813105999999997,1.8902986,1.8708018,1.6450787000000002,1.2,1.8,1.4,1.4,0.010508799999999763,0.2452198999999997,0.7662340582170695,0.8731539977370919,2.1647646,1.4264535,2.189988,1.8612452000000002,6.895833333333333
28999,2026-01-25 16:30:00,Arsenal,Manchester United,2,3,1.42411,0.640902,0.6023,0.2707,0.127,Arsenal,2.3603183999999997,2.0985972,1.0473966,1.0170716,1.8,1.6,0.8,0.8,1.3129217999999998,1.0815256,1.4507723957543446,1.0621742454118241,2.3815163999999998,2.1700802,1.0358684,0.7840873199999999,7.958333333333333,Manchester United,1.9238682,2.1937431,0.8049365999999999,1.200941,1.4,1.9,0.8,1.3,1.1189316000000002,0.9928020999999998,0.9046499026370366,1.0230571588650308,2.2604,1.9324886000000003,1.111355,1.5856985,8.166666666666666
29003,2026-01-26 20:00:00,Everton,Leeds,1,1,0.889916,1.6766,0.1546,0.259,0.5864,Everton,1.2664038000000002,1.1345752,1.5348806,1.5572778,1.2,1.1,1.0,1.2,-0.26847679999999974,-0.42270260000000004,0.40546775100148225,0.43058032486654313,1.0233746,1.3767306000000001,1.6766940000000001,1.4209201,8.145833333333334,Leeds,1.6516376000000002,1.8549588,1.4251686,1.5218417000000002,1.2,1.9,1.2,1.5,0.22646900000000025,0.3331170999999997,1.0443848109862568,0.8071814712916929,1.700916,1.2902137,1.6938326,1.6816939999999998,9.208333333333334
29010,2026-01-31 15:00:00,Brighton,Everton,1,1,1.42825,1.28126,0.3888,0.2998,0.3114,Brighton,1.7669514,1.6217883,1.6639662000000002,1.9450001000000003,1.4,1.2,1.2,1.5,0.10298519999999978,-0.3232118000000004,0.8142211536676015,0.7017794736667717,1.4900997999999999,1.5539661,1.6252422,1.5294311,7.0,Everton,1.193979,1.1224418,1.6203046,1.4790558,1.4,1.1,1.2,0.9,-0.4263256000000002,-0.356614,0.43958115716327073,0.43611562823198374,1.2457758,1.0945255,1.4378616,1.5128505,4.791666666666667
29015,2026-01-31 15:00:00,Leeds,Arsenal,0,4,0.17871,3.54427,0.0022,0.0201,0.9777,Leeds,1.4656516,1.8474767999999997,1.4419604000000001,1.3255413,1.2,1.8,1.2,1.3,0.0236911999999998,0.5219354999999997,0.9053739832979516,0.8085933687282433,2.0090016,1.8318178,1.3498508,1.065985,4.791666666666667,Arsenal,2.1365044,2.1181802000000003,1.0335642,1.0019703999999998,1.8,1.7,1.2,1.0,1.1029402000000001,1.1162098000000005,1.500961895554581,1.0460281047851439,1.8156780000000001,1.8558699,0.9982748000000001,0.8599088,5.9375
29017,2026-01-31 15:00:00,Wolverhampton Wanderers,Bournemouth,0,2,2.10353,1.59116,0.4904,0.26,0.2496,Wolverhampton Wanderers,1.0206558000000001,0.9058900000000001,0.9761322,1.4797701,1.0,0.8,0.8,1.5,0.04452360000000011,-0.5738801,0.749039302536389,0.5741967348440392,1.0368906,1.2308624,1.5566102,1.4664299,7.0,Bournemouth,2.1283032,1.9428501,1.4344304,1.5584352,2.2,1.7,2.0,2.0,0.6938727999999998,0.3844149000000001,1.1963540973061446,0.9687606618332807,2.379064,2.0032616,2.1123214,2.1715207,6.895833333333333
29009,2026-01-31 17:30:00,Chelsea,West Ham,3,2,2.66133,1.72585,0.6123,0.2211,0.1666,Chelsea,2.306414,1.881091,1.895036,1.9377,1.8,1.5,1.2,1.3,0.41137800000000024,-0.05660899999999991,0.5414738832390702,0.795880735846074,1.8727207999999997,2.0256484,1.9188180000000004,1.6527290000000001,6.145833333333333,West Ham,1.8406895999999997,1.5711317999999999,1.7923956,1.8630821000000002,1.6,1.2,1.8,1.8,0.048293999999999615,-0.29195030000000033,0.9689733782518489,0.7269702779933531,1.4193916,1.1862708000000002,2.370312,2.2240171,7.208333333333333
29014,2026-01-31 20:00:00,Liverpool,Newcastle United,4,1,3.09973,0.284319,0.9463,0.0443,0.0094,Liverpool,1.6287113999999998,1.6777297,1.066417,1.1657831,1.0,1.5,1.2,1.2,0.5622943999999999,0.5119465999999999,1.1906859089763342,0.8604136890387926,2.1045659999999997,1.7938554,0.7779394,0.9257527000000001,7.104166666666667,Newcastle United,2.0846446,1.8293822,1.3337172000000002,1.1901342,1.8,1.5,1.2,1.3,0.7509273999999997,0.639248,0.7641367584606825,0.8826054232052333,1.4127844,0.9760207999999999,0.8595664,1.0534016000000002,6.25
29013,2026-02-01 14:00:00,Nottingham Forest,Crystal Palace,1,1,0.987254,1.648,0.1767,0.2772,0.5461,Nottingham Forest,1.1255082,1.0476788000000001,1.945892,1.5558156,1.0,1.0,1.2,1.2,-0.8203837999999999,-0.5081367999999999,0.5450310710924656,0.6596365042004068,1.1919954000000001,1.4193425,1.6921212,1.6532126999999999,7.0,Crystal Palace,1.7052760000000002,1.4986447999999999,2.297262,1.8553399,0.6,0.7,1.6,1.7,-0.5919859999999997,-0.35669510000000004,0.6247797005185103,0.5211967167330276,1.3318813999999999,1.5569941,1.8833601999999998,1.5748051,7.0
29012,2026-02-01 14:00:00,Manchester United,Fulham,3,2,1.84362,1.71998,0.3948,0.2664,0.3388,Manchester United,1.8638863999999997,2.1100653,0.8637626,1.129791,1.8,2.0,1.2,1.4,1.0001237999999997,0.9802743,0.9918640929556831,1.1179526390924568,2.1270862,2.2168191,1.2905270000000002,1.0157994000000001,6.895833333333333,Fulham,0.9629756,1.1024854000000002,2.127766,1.7990515999999999,1.4,1.7,1.2,1.5,-1.1647903999999998,-0.6965661999999997,0.5668884822350864,0.49178450865466583,1.0545524,0.9749440000000001,1.75169,1.896531,7.958333333333333
29008,2026-02-01 14:00:00,Aston Villa,Brentford,0,1,2.15316,0.314916,0.8302,0.1363,0.0335,Aston Villa,1.7337605999999997,1.9069555999999999,1.8674598,1.7713039,1.2,1.9,1.2,1.4,-0.13369920000000035,0.13565169999999993,0.7939509238906391,0.859040040916758,1.6158326000000003,1.5113219,1.1001694,1.2931940999999998,7.0,Brentford,2.1896788000000003,1.7119069,1.2265238,1.6651909,1.4,1.4,1.2,1.2,0.9631550000000002,0.04671599999999998,1.2989634166585293,1.2038564510310146,1.4298738,1.5908603,1.790332,1.4019537000000002,7.0
29016,2026-02-01 16:30:00,Tottenham,Manchester City,2,2,1.49738,2.03614,0.2511,0.2387,0.5102,Tottenham,1.5791518,1.3971753,1.3060749999999999,1.3374419,1.2,1.2,1.6,1.5,0.2730768000000001,0.05973340000000005,0.7071082048676854,0.7189796157843031,1.577462,1.1893574999999998,1.0864059999999998,1.3226637,8.0625,Manchester City,1.576883,1.8662444999999999,1.5892967999999998,1.2468096,0.8,2.0,0.8,0.9,-0.012413799999999808,0.6194348999999999,1.0765157748937084,0.9850890002500341,1.521917,1.5788555,1.3817233999999998,1.3779046,8.0625
29011,2026-02-02 20:00:00,Sunderland,Burnley,3,0,1.8865,0.126371,0.8773,0.1119,0.0108,Sunderland,1.0991819999999999,0.9581499999999998,2.2118740000000003,1.8546881,0.8,0.7,1.6,1.3,-1.1126920000000005,-0.8965381000000001,0.5678748822509232,0.44901953237643866,1.0827406,1.1333725,1.6325517999999999,1.4561316,9.3125,Burnley,0.7991164,1.0532720000000002,2.514088,2.0086357,1.2,1.0,2.0,1.7,-1.7149716000000002,-0.9553636999999999,0.5977321667137379,0.6161268915199206,0.747965,0.9498008,2.4617519999999997,2.6836779999999996,9.208333333333334
29023,2026-02-06 20:00:00,Leeds,Nottingham Forest,3,1,3.38179,1.6608,0.7774,0.1399,0.0827,Leeds,1.4695215999999998,1.6448778000000002,1.8151484000000004,1.5835665000000003,1.2,1.5,2.0,1.6,-0.3456268000000007,0.061311299999999846,0.8984089062908934,0.9505039478388759,1.6038035999999998,1.7819588,1.8659012000000001,1.3900485,6.208333333333333,Nottingham Forest,0.972069,1.0340152,1.936442,1.6181546,1.2,1.0,1.0,1.3,-0.964373,-0.5841394,0.4165525085064313,0.6592975157834114,0.8706491999999999,0.8145687,1.6260280000000003,1.6562291000000002,5.25
29025,2026-02-07 12:30:00,Manchester United,Tottenham,2,0,2.16576,0.593404,0.7759,0.1586,0.0655,Manchester United,2.0059984,2.0667533,0.9641906,1.165205,2.2,2.2,1.4,1.5,1.0418078000000002,0.9015482999999997,0.9083641770913248,1.1191671644633343,2.0404622,1.9989441,1.361355,1.0551794,5.9375,Tottenham,1.7569660000000002,1.4417083000000002,1.6020422,1.3524979,1.6,1.2,2.0,1.5,0.15492380000000017,0.08921040000000025,0.47593841248632246,0.7089493650256222,1.2152706,1.11317482,1.310309,1.5003765,5.833333333333333
29018,2026-02-07 15:00:00,Bournemouth,Aston Villa,1,1,1.82646,0.646496,0.6897,0.2097,0.1006,Bournemouth,1.7482512,2.0384246,1.3885484,1.6492152,2.2,1.9,1.6,1.9,0.3597028,0.3892093999999999,0.926457000878724,0.8672709120802388,1.7381011999999998,1.5350752,0.9993130000000001,0.7885549000000001,7.0,Aston Villa,1.5760026,1.8065266000000002,1.047773,1.6064975000000001,1.0,1.5,0.6,1.2,0.5282296,0.20002910000000007,0.5275340216078956,0.7481509539318615,1.7975606,1.5231637999999998,2.1883600000000003,1.8674592,6.041666666666667
29019,2026-02-07 15:00:00,Arsenal,Sunderland,3,0,1.19401,0.427225,0.569,0.3173,0.1137,Arsenal,1.9626883999999998,2.2094812,0.48091619999999996,0.9609698,1.8,1.9,1.0,1.0,1.4817721999999998,1.2485114,1.1893553439417508,1.132092245676591,2.1400864000000004,2.0243212,1.0463055999999997,0.81880942,7.0,Sunderland,1.2840538,1.0755337999999999,1.7486542000000003,1.7296922,1.4,0.9,1.6,1.2,-0.46460040000000036,-0.6541584,0.6557684448097514,0.5247588507994888,0.9249370000000001,0.9859373999999999,2.1601064,1.9577572,4.791666666666667
29021,2026-02-07 15:00:00,Burnley,West Ham,0,2,1.84644,1.1223,0.5545,0.2637,0.1818,Burnley,0.5592886,0.9490570999999999,2.3928920000000002,2.098506,1.0,1.0,2.0,1.9,-1.8336034000000003,-1.1494489,0.5738127428293133,0.6793597497777595,1.29968,1.0658277,2.1021720000000004,1.8898376,4.791666666666667,West Ham,1.7305715999999998,1.6071327999999998,1.7068336000000002,1.9015411,1.6,1.3,2.0,2.0,0.023737999999999593,-0.2944083000000002,0.9378589291640831,0.7245845050038906,1.4913936,1.1352558,2.44723,2.4185483000000003,6.895833333333333
29022,2026-02-07 15:00:00,Fulham,Everton,1,2,2.20126,1.88778,0.4559,0.2296,0.3145,Fulham,0.9561036000000002,1.1772199,2.0257980000000004,1.7871886,1.6,1.5,1.6,1.3,-1.0696944000000004,-0.6099686999999998,0.5549802093938123,0.5254896157469505,1.0548385999999998,1.302283,1.6627552,1.3613513999999998,6.041666666666667,Everton,1.111181,1.1309948,1.5550646,1.5583393,1.2,1.1,1.4,1.0,-0.44388359999999993,-0.4273445,0.35177911692992847,0.43854457432076144,1.2628818,1.0188605,1.5964285999999999,1.5613498,7.0
29027,2026-02-07 15:00:00,Wolverhampton Wanderers,Chelsea,1,3,1.11372,3.76278,0.0241,0.0624,0.9135,Wolverhampton Wanderers,1.1977938000000001,1.013782,1.0677522,1.5264971,0.8,0.8,1.0,1.6,0.1300416000000002,-0.5127151000000001,0.89736908182375,0.6888926143787258,1.2526746,1.3468897,1.6500641999999999,1.4217549,7.0,Chelsea,2.372092,2.0508222000000003,1.541922,1.889815,2.0,1.7,1.2,1.2,0.8301699999999999,0.16100720000000024,0.5649047718155674,0.7586902836449722,1.8550404,1.8330803,1.761298,1.5219166999999998,6.895833333333333
29026,2026-02-07 17:30:00,Newcastle United,Brentford,2,3,3.3215,1.65022,0.7774,0.1378,0.0848,Newcastle United,1.6430124,1.6692561000000001,1.6885612,1.3949022,1.4,1.4,1.8,1.5,-0.04554880000000017,0.27435390000000015,1.0530037386758415,1.00766999767334,2.3606279999999997,2.3418801,1.512542,1.4999419,6.895833333333333,Brentford,2.1414012,1.6845268999999998,1.535494,1.6173809000000001,1.6,1.5,1.2,1.0,0.6059071999999999,0.0671459999999997,1.3769887905270688,1.2349521954329021,1.3751138,1.4777479,1.6947119999999998,1.4601427,6.145833333333333
29020,2026-02-08 14:00:00,Brighton,Crystal Palace,0,1,0.737798,0.928404,0.2553,0.3644,0.3803,Brighton,1.4347734,1.5683152999999999,1.4649302000000002,1.7573811000000004,1.2,1.0,1.0,1.2,-0.030156800000000095,-0.1890658000000005,0.3415586239180618,0.6932132545911829,1.3831538,1.4759270999999998,1.2500041999999998,1.4441391000000001,7.958333333333333,Crystal Palace,1.5641840000000002,1.5646651,2.1438448,1.8372132999999997,0.6,0.7,1.6,1.8,-0.5796607999999999,-0.2725481999999997,0.5111266909289707,0.49018917648426424,1.463922,1.4620811,1.8471069999999998,1.5529445,7.0
29024,2026-02-08 16:30:00,Liverpool,Manchester City,1,2,1.26652,2.41476,0.1318,0.1961,0.6721,Liverpool,1.9129914,1.8500697,1.0914088,1.1229488,1.8,1.8,1.4,1.2,0.8215825999999999,0.7271208999999998,1.3627444605848889,0.960152636280532,2.449246,2.055688,0.6922708,0.9056167,7.854166666666667,Manchester City,1.495617,1.8736334999999997,1.6963445999999998,1.2992841,1.2,1.7,1.2,0.7,-0.20072759999999978,0.5743493999999998,1.00799307761512,0.9861656665761649,1.536695,1.5690515,1.4866724,1.3067786,7.0
29030,2026-02-10 19:30:00,Chelsea,Leeds,2,2,3.21176,1.28948,0.8272,0.1298,0.043,Chelsea,2.717196,2.35984,1.558568,1.8592560000000002,2.4,2.0,1.2,1.3,1.158628,0.5005839999999999,0.7910256626557689,0.7642634144935454,2.246604,2.0485414000000004,2.018332,1.7516912000000002,3.1875,Leeds,1.9518520000000001,1.8037238000000002,1.7577463999999998,1.5448415,1.6,1.5,2.0,1.4,0.19410560000000032,0.25888230000000023,1.1696930827657313,1.099172679355786,1.685952,1.3748339,1.3012318,1.6567066000000001,3.9791666666666665
29032,2026-02-10 19:30:00,Everton,Bournemouth,1,2,2.33114,1.4121,0.6046,0.235,0.1604,Everton,1.287605,1.1944248,1.3849586,1.7472313,1.2,1.0,0.8,1.1,-0.09735359999999993,-0.5528065,0.4825293708449259,0.49981992965418176,0.9991078,1.2764522,1.52025,1.5531473999999998,3.1875,Bournemouth,1.923974,2.0791396,1.2618476,1.6466046000000003,2.0,2.0,1.2,2.0,0.6621264,0.43253499999999967,0.8130753221442648,0.8442273591827688,2.3387480000000003,1.9503676000000003,2.2991174,2.3648067,3.1875
29036,2026-02-10 19:30:00,Tottenham,Newcastle United,1,2,1.68925,2.46991,0.2104,0.2207,0.5689,Tottenham,1.5921468,1.2586607,1.9416980000000001,1.5220176,1.4,1.0,2.2,1.7,-0.34955120000000006,-0.2633569,0.7086751740333512,0.6619313087886669,1.6681459999999997,1.3220285,1.3946868000000001,1.3142676999999998,3.2916666666666665,Newcastle United,1.7617843999999998,1.8206981,1.7629552,1.4015492,1.4,1.4,2.4,1.7,-0.0011708000000001384,0.41914889999999994,1.225320075267397,1.1362783844118727,0.9778842000000001,0.9740891999999999,1.2772624000000001,1.2956446,3.0833333333333335
29037,2026-02-10 20:15:00,West Ham,Manchester United,1,1,1.30746,0.735767,0.5384,0.2938,0.1678,West Ham,1.9078959999999998,1.5487227999999997,1.6282716000000002,1.8761081000000002,2.0,1.4,1.4,1.9,0.27962439999999966,-0.32738530000000043,0.6116341295905591,0.7390907274020783,1.722872,1.4086238,1.3558521999999997,1.6547585999999999,3.21875,Manchester United,2.0495883999999998,1.8786213,0.8888438000000001,1.1983307,2.4,2.0,1.2,1.4,1.1607445999999997,0.6802906,0.9101015535822361,0.8823572136164013,2.0930444,1.8446638,0.969055,1.5283845,3.3229166666666665
29028,2026-02-11 19:30:00,Aston Villa,Brighton,1,0,0.576138,0.481306,0.3064,0.4474,0.2462,Aston Villa,1.4193258,1.5991902,1.233425,1.6031785000000003,0.6,1.4,0.6,1.2,0.18590079999999998,-0.003988300000000278,0.6769529493873261,0.7541866785229703,1.8154926,1.6060519,1.0246350000000002,1.0649726999999998,4.1875,Brighton,1.287993,1.4320181,1.5997008000000001,1.6795815,0.8,0.9,1.2,1.2,-0.3117078000000002,-0.2475634,0.45916714810295384,0.71066348168743,1.7534768,1.6275455,2.2647579999999996,1.7481905999999998,3.2291666666666665
29031,2026-02-11 19:30:00,Crystal Palace,Burnley,2,3,2.1276,0.691273,0.7338,0.1809,0.0853,Crystal Palace,1.4942148000000004,1.4863965000000001,1.7458763999999998,1.834316,0.8,0.6,1.2,1.7,-0.2516615999999994,-0.34791949999999994,0.5794353907082302,0.5254307288368795,1.6654082000000003,2.0132826,1.8273195999999998,1.7220672999999997,3.2291666666666665,Burnley,0.8776664000000001,0.9753261,2.3230120000000003,2.030028,1.0,0.9,2.0,1.9,-1.4453456000000002,-1.0547019000000002,0.7704083104654958,0.7109717461845911,0.5984342,0.8298198999999998,2.09484,2.470091,4.1875
29033,2026-02-11 19:30:00,Manchester City,Fulham,3,0,1.67722,1.05283,0.5343,0.2546,0.2111,Manchester City,1.772471,1.8735045,1.5421966,1.3632874999999998,1.4,1.6,1.2,0.8,0.23027439999999988,0.5102170000000001,1.0379595632561998,0.9860869107809979,2.210572,2.369242,1.1118957999999999,1.0542957999999998,3.125,Fulham,1.2745192,1.3206688,2.0595939999999997,1.8048576,1.4,1.5,1.6,1.3,-0.7850747999999996,-0.4841888000000001,0.7340179704157114,0.5925151647478549,1.2996012000000001,1.0733192,1.9116220000000002,1.8376530000000002,4.1875
29034,2026-02-11 19:30:00,Nottingham Forest,Wolverhampton Wanderers,0,0,3.69094,0.406959,0.9709,0.0249,0.0042,Nottingham Forest,1.1245889999999998,1.1688611999999998,2.326824,1.8309856,1.2,1.1,1.0,1.3,-1.202235,-0.6621244000000002,0.5115285863400015,0.6326547753465902,1.1973812000000001,1.4464660999999999,1.6102812,1.5944127,4.979166666666667,Wolverhampton Wanderers,0.9726878000000001,1.0989393,1.7731726,1.4980671,0.4,0.8,1.6,1.5,-0.8004848,-0.39912780000000003,0.6874152506310869,0.6362801689416824,0.7748894000000001,0.6724264,1.40293,1.5908521,4.1875
29035,2026-02-11 20:15:00,Sunderland,Liverpool,0,1,0.693794,3.08172,0.0341,0.0804,0.8855,Sunderland,1.2760026,1.0556077,1.7039562,1.6074882,1.2,0.9,2.0,1.2,-0.42795359999999993,-0.5518805,0.6684252685482499,0.547015797282766,1.2261305999999998,1.1648954999999999,1.299278,1.3241647,4.21875,Liverpool,1.8225354,1.7719166999999998,1.4525244000000002,1.1850918,1.6,1.6,1.4,1.1,0.37001099999999987,0.5868248999999999,1.3935201282115732,0.9739548759624965,1.2508934,1.6130447,1.5536268000000002,1.7769406,3.15625
29029,2026-02-12 20:00:00,Brentford,Arsenal,1,1,1.81154,0.78418,0.6367,0.2304,0.1329,Brentford,1.8610872,1.8024926000000001,1.998662,1.7071429000000002,1.4,1.8,1.2,1.0,-0.13757479999999989,0.09534969999999987,1.2849089489178602,1.1601854197670496,1.9939399999999998,2.3180328,1.5400498,1.4457491,5.104166666666667,Arsenal,1.9454904,2.1429172000000003,0.376792,0.7317063,1.8,2.1,0.6,0.8,1.5686984,1.4112109000000004,1.202246720910812,1.1737493534758887,2.278876,2.1617290000000002,0.8756340000000001,0.8296393999999999,5.208333333333333
29087,2026-02-18 20:00:00,Wolverhampton Wanderers,Arsenal,2,2,0.173119,2.01018,0.0145,0.0862,0.8993,Wolverhampton Wanderers,0.9114216000000003,1.0776382000000002,2.1847186,1.7053650999999999,0.2,0.7,1.4,1.3,-1.273297,-0.6277268999999996,0.7287237177753308,0.657314389274823,1.4229892000000002,1.3016517,1.5932042,1.7523341,7.020833333333333,Arsenal,1.96196,2.0595392000000006,0.6753716,0.8508633,2.0,2.0,0.8,0.8,1.2865883999999999,1.2086759000000007,1.1813327328064689,1.2427682232758357,2.0637820000000002,2.0330990000000004,0.69397,0.9368083,6.0
29038,2026-02-21 15:00:00,Aston Villa,Leeds,1,1,1.25439,1.27855,0.349,0.2903,0.3607,Aston Villa,1.1205234000000002,1.5972947,1.0646761999999999,1.5236081000000001,0.8,1.2,0.6,1.0,0.05584720000000032,0.07368659999999982,0.6469235538823731,0.7570092177794938,1.3867482,1.5270907,0.7489662,1.0178421,9.8125,Leeds,1.739112,1.7692628,1.9131084,1.7963169,1.4,1.6,1.6,1.5,-0.17399640000000005,-0.027054100000000192,1.1751711148041375,1.1104263778640067,1.6170299999999997,1.4580831,1.8041826,1.8212726,10.8125
29039,2026-02-21 15:00:00,Brentford,Brighton,0,2,1.69023,1.37203,0.4477,0.2841,0.2682,Brentford,1.4512032000000001,1.913946,1.8542100000000001,1.6221519,1.0,1.8,1.4,1.0,-0.4030068,0.29179409999999995,0.6646245687613425,1.0938227818634771,2.2168468,2.2204608,1.3700678,1.3005581,8.791666666666666,Brighton,1.1179302,1.3111447000000003,1.1231204000000001,1.4959253000000001,0.6,0.9,1.2,1.1,-0.005190200000000145,-0.18478059999999985,0.5804247799475828,0.7627842031930788,1.51173,1.4281660999999999,1.8974456,1.6031514000000002,9.8125
29040,2026-02-21 15:00:00,Chelsea,Burnley,1,1,2.51534,1.01255,0.7629,0.1628,0.0743,Chelsea,2.869334,2.4165590000000003,1.604438,1.854204,2.6,2.0,1.2,1.5,1.2648959999999998,0.5623550000000004,0.8001448373450886,0.8075623928073088,2.360042,2.1670644,2.008228,1.6331292000000002,10.8125,Burnley,0.951979,0.8389673999999999,2.243556,2.0777349999999997,1.2,1.0,2.0,1.8,-1.2915769999999998,-1.2387675999999996,0.7193627739197378,0.6035711489467778,0.4199388,0.8479980999999999,2.158944,2.360718,9.8125
29047,2026-02-21 17:30:00,West Ham,Bournemouth,0,0,2.34412,0.522731,0.8387,0.1203,0.041,West Ham,1.8219940000000001,1.5517678,1.522059,1.8901755000000002,2.0,1.3,1.2,1.7,0.29993500000000006,-0.3384077000000003,0.6691033474957369,0.7379086892258869,1.7289619999999999,1.4927333,1.3839869999999999,1.4947702999999999,10.885416666666666,Bournemouth,1.968366,1.9851535999999999,1.4028556,1.5585146,1.8,1.8,1.0,1.7,0.5655104,0.42663899999999977,0.7677915280074403,0.8625965763184242,2.1507759999999996,1.9855446,2.1229374,2.3931926999999997,10.916666666666666
29043,2026-02-21 20:00:00,Manchester City,Newcastle United,2,1,2.22648,0.507954,0.8142,0.1373,0.0485,Manchester City,1.5161069999999999,1.9059095000000004,1.4864386,1.3384785,1.8,1.6,1.0,0.8,0.029668399999999817,0.5674310000000005,0.8034230639239835,0.9723159827798611,2.062806,2.2148309999999998,1.1971646,1.1086297,10.020833333333334,Newcastle United,1.7687763999999997,2.0507562,1.6301691999999999,1.5074697000000001,1.0,1.6,2.0,1.7,0.13860719999999982,0.5432864999999998,1.2302116329564192,0.9880028112221365,1.4380004,1.2057173,1.4891034,1.4095036,11.020833333333334
29044,2026-02-22 14:00:00,Nottingham Forest,Liverpool,0,1,0.934768,2.39634,0.0658,0.1486,0.7856,Nottingham Forest,1.6094110000000001,1.3052972,2.0608218000000003,1.8336569,0.8,0.8,0.8,1.3,-0.4514108000000001,-0.5283597,1.2685926329275288,0.9681993260971972,1.4702532,1.6735301,1.6156238000000003,1.4409546,10.770833333333334,Liverpool,2.375151,1.8388187000000003,1.4509168000000001,1.0854672,1.8,1.5,1.4,1.1,0.9242341999999997,0.7533515000000002,1.1794621531041174,1.0433661110288979,1.4576274,1.6110407000000002,1.3337196000000002,1.4929970000000001,10.739583333333334
29045,2026-02-22 14:00:00,Sunderland,Fulham,1,3,1.7609,2.16696,0.2628,0.2664,0.4708,Sunderland,1.1134734,1.0619825999999999,1.5481082000000002,1.8987273000000002,1.2,0.8,1.6,1.3,-0.4346348000000002,-0.8367447000000003,0.6965910049783876,0.5418523467050985,1.2388804,1.1404437,1.8817561999999999,1.5384012999999999,10.739583333333334,Fulham,1.2730592,1.2608988,1.904824,1.7670936000000002,1.0,1.2,2.0,1.4,-0.6317648,-0.5061948000000001,0.7345580708651972,0.5856499396800864,1.1800612000000001,1.083341,1.836094,1.8687999999999998,10.770833333333334
29041,2026-02-22 14:00:00,Crystal Palace,Wolverhampton Wanderers,1,0,2.03559,1.67749,0.459,0.2691,0.2719,Crystal Palace,1.6547248000000003,1.5690645,1.4701009999999999,1.7681263,1.2,0.8,1.8,1.7,0.18462380000000045,-0.19906179999999996,0.6298262199886565,0.5570854184827084,1.8307442000000003,1.8727196,1.6949402,1.4810186,10.770833333333334,Wolverhampton Wanderers,0.8680022000000001,0.9681271,2.424092,1.7500740999999997,0.6,0.9,1.8,1.3,-1.5560897999999999,-0.7819469999999997,0.7726840003531198,0.711060459676555,0.7322872,0.5971713,1.8175260000000002,1.8780749999999997,3.75
29046,2026-02-22 16:30:00,Tottenham,Arsenal,1,4,0.383264,3.31701,0.0088,0.0401,0.9511,Tottenham,1.6047768000000002,1.3895611,2.197652,1.5363506,1.2,1.1,2.0,1.6,-0.5928751999999999,-0.1467894999999999,0.7099930697416705,0.5949624760239457,1.52122,1.4090824,1.7945562,1.4453077,11.875,Arsenal,1.79135,2.0758342,0.6462992,0.8468479,2.4,2.1,1.2,1.0,1.1450508,1.2289863,1.0754867267195816,1.2407417841771375,2.096372,2.026294,0.6859392,0.9038869999999999,3.8541666666666665
29042,2026-02-23 20:00:00,Everton,Manchester United,0,1,0.560924,1.4547,0.1076,0.245,0.6474,Everton,1.427191,1.2935387999999999,1.5247206,1.6239843,1.2,1.1,1.0,1.1,-0.09752959999999988,-0.33044550000000017,0.6714610186250575,0.6165381051404509,1.2146398,1.4185959000000001,1.740202,1.6167808000000001,13.020833333333334,Manchester United,1.6917658,1.630994,1.0863938000000002,1.0938807000000002,2.2,1.7,1.0,1.1,0.6053719999999998,0.5371132999999999,1.0214179913293089,0.8111655534718747,1.4307818,1.6946315000000003,1.1781176,1.3804045,12.989583333333334
29057,2026-02-27 20:00:00,Wolverhampton Wanderers,Aston Villa,2,0,1.50771,1.31328,0.4226,0.2827,0.2947,Wolverhampton Wanderers,1.0949636000000003,1.0578097,2.61813,1.7971311,0.6,0.8,1.6,1.2,-1.5231663999999996,-0.7393214000000001,0.8185418114881486,0.7407268516236154,1.203967,1.2820232,1.6826222000000002,1.8141941000000004,5.25,Aston Villa,1.1903228000000001,1.5358167,1.1712143999999998,1.5210081,1.0,1.1,0.6,1.0,0.01910840000000036,0.01480860000000006,0.636655270664745,0.7574400315037848,1.8078412,1.493878,2.2982500000000003,1.956274,6.208333333333333
29048,2026-02-28 12:30:00,Bournemouth,Sunderland,1,1,1.82434,1.07887,0.5551,0.2648,0.1801,Bournemouth,1.7334381999999997,1.8555796999999998,1.6725242000000002,1.7448738,1.6,1.7,0.8,1.6,0.06091399999999947,0.11070589999999991,1.012235358879643,0.9797765144355967,1.8195312000000001,1.6626552,0.9940918,0.8378416,6.791666666666667,Sunderland,1.0964514,1.1070286,1.7511622,2.0234961,1.0,0.9,2.0,1.6,-0.6547107999999999,-0.9164675,0.6749182732922557,0.5820365320642493,0.8850847999999999,0.8345058999999999,1.9156984000000001,1.9351281999999999,5.9375
29051,2026-02-28 15:00:00,Burnley,Brentford,3,4,0.823824,2.44595,0.0609,0.1435,0.7956,Burnley,1.0450948,0.8921696000000001,2.048534,2.147422,1.2,1.0,2.0,1.8,-1.0034392,-1.2552524,0.683047547198363,0.5917986295345178,1.257996,1.1363127,1.996526,1.9189897000000002,7.0,Brentford,1.4942072000000002,1.92666,1.80409,1.6325319,1.0,1.6,1.4,1.2,-0.3098827999999998,0.2941281,0.6734638138379822,1.090023799998677,1.6110452000000002,1.5601143,1.8742360000000002,1.6398617000000002,7.0
29054,2026-02-28 15:00:00,Liverpool,West Ham,5,2,2.09939,1.3517,0.5536,0.2339,0.2125,Liverpool,2.1563290000000004,1.9552887,1.5284762,1.0440390000000002,1.8,1.4,1.2,1.0,0.6278528000000003,0.9112496999999999,1.010156628736356,1.033012153957332,2.22001,2.076174,0.8372147999999999,1.0749556,6.041666666666667,West Ham,1.737296,1.6840368,1.2960212,1.5842606,1.6,1.3,1.0,1.4,0.44127479999999997,0.09977619999999998,0.5322955811670812,0.7507178820481394,1.3745736000000002,1.1699092,2.396364,2.512222,6.895833333333333
29056,2026-02-28 15:00:00,Newcastle United,Everton,2,3,1.11889,2.40731,0.0575,0.169,0.7735,Newcastle United,1.7077046,1.8136886,1.9974220000000003,1.6275077,1.2,1.5,2.4,1.7,-0.28971740000000024,0.1861809000000001,1.2953567693179358,1.0497724157986923,2.663512,2.600045,1.5258360000000002,1.4579159000000002,6.791666666666667,Everton,1.390204,1.3283038999999999,1.634582,1.5847313,1.0,1.1,1.2,1.1,-0.24437799999999998,-0.2564274000000002,0.7215962562874061,0.5556514935501787,1.3724378,1.1355014,1.5077666,1.6753097999999997,4.791666666666667
29053,2026-02-28 17:30:00,Leeds,Manchester City,0,1,1.37824,2.46834,0.1403,0.1978,0.6619,Leeds,1.5610260000000002,1.6063318,2.1122272,1.7686979,1.4,1.3,1.8,1.5,-0.5512011999999997,-0.16236610000000007,1.1611272903648417,1.0422385644228376,1.9214956,1.9154098000000002,1.7884512000000001,1.4500955,7.104166666666667,Manchester City,1.884,1.7703695,0.9734733999999999,1.2871308999999997,2.2,1.5,0.8,0.9,0.9105266,0.4832386000000002,0.5326840611469439,0.7901309839318841,1.7490130000000002,1.6982575,1.4797924,1.3615731,6.895833333333333
29052,2026-03-01 14:00:00,Fulham,Tottenham,2,1,2.3207,0.952091,0.7069,0.1828,0.1103,Fulham,1.654692,1.3070268,1.823208,1.894554,1.6,1.4,2.0,1.5,-0.1685159999999999,-0.5875272,0.5478168190828029,0.6402006044165288,1.3417364,1.3699780000000001,1.6980932,1.4674738,7.0,Tottenham,1.3508456,1.2929825000000001,2.3075319999999997,1.7448875999999998,1.2,1.1,2.4,1.8,-0.9566863999999997,-0.4519050999999996,0.8921506483653981,0.6752400046859468,1.2579022000000002,1.05333422,1.2781449999999999,1.5764865000000001,6.895833333333333
29055,2026-03-01 14:00:00,Manchester United,Crystal Palace,2,1,2.34609,0.384699,0.8774,0.1001,0.0225,Manchester United,1.3681497999999999,1.646009,1.1211756000000002,0.9630561,2.0,1.7,1.0,0.9,0.2469741999999997,0.6829529000000001,0.6705487021262518,0.8058236216790865,1.8312062,2.0810621,1.0096437999999999,1.0675355,5.75,Crystal Palace,1.8315048000000005,1.6195655000000002,1.436397,1.6450893,1.2,0.8,1.4,1.3,0.39510780000000056,-0.025523799999999763,0.5749962430531173,0.5757853522484159,1.3073848000000001,1.3213564999999998,1.8413124,1.5800877999999998,7.0
29050,2026-03-01 14:00:00,Brighton,Nottingham Forest,2,1,1.20107,0.83055,0.4523,0.3035,0.2442,Brighton,1.1931808,1.3564205,1.1216924000000001,1.5339043,0.8,1.1,1.0,1.1,0.07148839999999979,-0.17748380000000008,0.5850007993150094,0.7502741344825977,1.1105594,1.4092409,1.094405,1.4177985,7.958333333333333,Nottingham Forest,1.7326684,1.3501444,1.9674438000000003,1.9027228999999999,0.8,0.8,1.0,1.3,-0.2347754000000002,-0.5525784999999999,1.1346794759476349,0.9358956271619894,1.1403412,0.8975708000000001,2.05169,1.8802491,7.0
29049,2026-03-01 16:30:00,Arsenal,Chelsea,2,1,1.71598,1.35268,0.4449,0.2926,0.2625,Arsenal,2.16993,2.1532172,0.5947716,0.8141678999999999,2.8,2.3,0.8,1.0,1.5751583999999998,1.3390492999999999,1.2351969411191075,1.296027501331391,2.0552964,2.0718647,1.0077566,0.74926192,7.0,Chelsea,3.047876,2.565483,1.5119060000000002,1.667596,2.4,1.9,1.4,1.4,1.5359699999999998,0.8978869999999999,0.49309778505890517,0.6432565620868373,2.473076,2.162374,1.70018,1.4988306999999998,8.0625
29058,2026-03-03 19:30:00,Bournemouth,Brentford,0,0,2.3177,0.673328,0.7902,0.1515,0.0583,Bournemouth,1.4353582,1.7818306999999998,1.7008312,1.5676308,1.2,1.7,0.6,1.3,-0.26547300000000007,0.21419989999999967,0.5389737956581933,0.9479483956156229,1.8207052000000001,1.7116312,1.1137602000000002,0.8613935999999999,3.2916666666666665,Brentford,1.5825712,1.8861250000000003,1.6909388,1.4587313,1.8,1.6,1.6,1.4,-0.10836760000000001,0.4273937000000003,0.7779727095324104,1.0589113420721827,1.7876172000000001,1.4580743000000003,1.7853548,1.696219,3.1875
29061,2026-03-03 19:30:00,Everton,Burnley,2,0,1.15845,0.762229,0.4352,0.3436,0.2212,Everton,1.6936828,1.4438309,1.52304,1.5716723,1.4,1.4,1.4,1.3,0.17064279999999998,-0.12784139999999988,0.7756488010686277,0.6501034400313108,1.28417,1.2608123,1.6616960000000003,1.5444618,3.1875,Burnley,0.9000916,0.849604,2.019538,2.266813,1.4,1.3,2.4,2.2,-1.1194463999999997,-1.417209,0.623756304034917,0.5783993869414302,0.5263432,0.8990238999999999,2.298318,2.43868,3.1875
29063,2026-03-03 19:30:00,Leeds,Sunderland,0,1,0.888232,0.843856,0.2954,0.3643,0.3403,Leeds,1.501354,1.4835028000000001,2.427912,1.9349361999999999,1.2,1.2,1.8,1.5,-0.926558,-0.45143339999999976,1.1613694472604312,0.9818978688724085,1.6155716000000002,1.9051827999999997,1.9760031999999998,1.6281097,3.0833333333333335,Sunderland,1.1694578,1.1343199,1.6786802,1.9452771000000002,1.0,0.9,1.6,1.6,-0.5092224000000001,-0.8109572000000003,0.642130267558071,0.5726739783959787,0.8387708,0.8616809999999999,2.096712,1.9245821999999997,3.2916666666666665
29067,2026-03-03 20:15:00,Wolverhampton Wanderers,Liverpool,2,1,0.636033,2.17217,0.0584,0.166,0.7756,Wolverhampton Wanderers,0.9757996000000002,1.0867967000000003,2.562554,1.8151530999999999,1.0,0.9,1.2,1.1,-1.5867543999999998,-0.7283563999999996,0.6637386348633775,0.7532510677632364,1.0576590000000001,1.1746622,1.8981426,1.7909780999999998,4.010416666666667,Liverpool,2.38874,2.0087257000000003,1.1358682,1.1011426,2.4,1.7,1.0,1.1,1.2528717999999999,0.9075831000000003,0.763034562028484,1.0243657869240146,1.6905674000000002,1.6446937,1.2508632000000002,1.4627528,3.21875
29059,2026-03-04 19:30:00,Aston Villa,Chelsea,1,4,1.06854,3.38883,0.0343,0.0834,0.8823,Aston Villa,1.1886927999999999,1.4612266999999999,1.0817884,1.4746241000000002,0.6,0.9,1.0,1.1,0.1069043999999999,-0.013397400000000337,0.6362459872763048,0.7366150336339639,1.2637922,1.4789577,0.7437661999999999,1.0954679,4.979166666666667,Chelsea,2.7007780000000006,2.5035960000000004,1.3715160000000002,1.633276,2.0,1.9,1.6,1.4,1.3292620000000004,0.8703200000000004,0.9003141766183613,0.7305892403198329,2.538392,2.041812,1.4676500000000001,1.4648787,3.125
29060,2026-03-04 19:30:00,Brighton,Arsenal,0,1,0.919228,0.514803,0.4417,0.3688,0.1895,Brighton,1.0440908,1.4055211,1.0613164000000004,1.3626413000000002,1.0,1.2,0.8,1.0,-0.017225600000000396,0.04287979999999991,0.4154235457688934,0.7186754680519264,1.166919,1.4436375,0.9984270000000001,1.3725405,3.2291666666666665,Arsenal,1.8042719999999999,1.8834802000000004,0.8295656000000001,0.6552409,2.4,2.1,1.0,1.0,0.9747063999999998,1.2282393000000003,0.9684494353707889,1.0259186215075518,2.503774,2.106346,0.5730227999999999,0.8742957,3.125
29062,2026-03-04 19:30:00,Fulham,West Ham,0,1,0.628123,1.49528,0.126,0.2422,0.6318,Fulham,1.8923459999999999,1.4276608000000002,1.6243222,1.8760441,1.6,1.5,2.0,1.6,0.2680237999999999,-0.44838329999999993,0.5217338904844122,0.709741624824258,1.4647404000000002,1.5518148,1.7912522000000002,1.3548599,3.2291666666666665,West Ham,1.5702859999999998,1.7054877999999998,1.5731316000000002,1.6827636,1.4,1.5,1.8,1.8,-0.0028456000000003367,0.02272419999999986,0.484914430472017,0.736282020076818,1.4406275999999998,1.2186242999999999,2.099866,2.4163110000000003,4.1875
29064,2026-03-04 19:30:00,Manchester City,Nottingham Forest,2,2,2.72655,1.23642,0.7332,0.1652,0.1016,Manchester City,2.1645879999999997,1.8707354999999999,1.1405848,1.3649407999999998,2.0,1.4,0.8,0.8,1.0240031999999997,0.5057947,0.32121191715128,0.8104694219211278,1.791726,2.189489,1.0944694,1.0799629,4.083333333333333,Nottingham Forest,1.6208624,1.3731852999999998,1.8068318,1.8763618999999998,0.6,0.8,1.4,1.3,-0.18596940000000006,-0.5031766,1.202455311204038,0.9180456315359456,1.209192,0.9468569,1.950768,1.6186940999999997,3.2291666666666665
29065,2026-03-04 20:15:00,Newcastle United,Manchester United,2,1,1.96637,1.80571,0.4273,0.2544,0.3183,Newcastle United,1.5405145999999998,1.8125796,2.214598,1.7741576,1.6,1.7,2.6,1.9,-0.6740834000000002,0.03842200000000018,1.3093567968673778,1.0505804993634287,2.3115639999999997,2.330272,1.8020780000000003,1.6648780000000003,4.21875,Manchester United,1.7091874,1.7865369000000002,0.9132934,0.888528,1.8,1.8,0.8,1.0,0.795894,0.8980089000000002,0.641187705901166,0.791587270676729,1.4608118,1.5869845,0.9164684,1.1755249,3.2604166666666665
29066,2026-03-05 20:00:00,Tottenham,Crystal Palace,1,3,1.29615,1.91515,0.2054,0.2575,0.5371,Tottenham,1.0230778,1.3011148000000001,2.461904,1.8839895000000002,1.0,1.1,2.4,2.0,-1.4388262,-0.5828747000000001,0.5629761042506154,0.6700598781770342,1.3280628,1.2959478,2.2116301999999997,1.7417856,4.25,Crystal Palace,1.4248586000000003,1.5650673000000002,1.2879809999999998,1.7926214999999999,1.2,0.9,1.2,1.4,0.1368776000000005,-0.2275541999999997,0.7491711363145269,0.6669177075858502,1.0782086,1.1420374,1.7289583999999998,1.6008208,4.25
29070,2026-03-14 15:00:00,Burnley,Bournemouth,0,0,1.67695,2.36979,0.2336,0.2214,0.545,Burnley,1.0272632000000002,0.7932759,1.873928,2.13341,1.4,1.2,2.2,2.1,-0.8466647999999999,-1.3401341,0.4732301653727284,0.5538082278010142,1.1728648,1.1677304,2.235308,1.9304327000000001,10.8125,Bournemouth,1.5806662,1.6644586999999997,1.4147908,1.4016696000000002,0.8,1.5,0.6,1.1,0.1658754,0.26278909999999955,0.6728023087149746,0.768414956974572,1.7429562,1.8331077,2.0215014,2.1713207,10.8125
29076,2026-03-14 15:00:00,Sunderland,Brighton,0,1,0.659083,1.12832,0.1994,0.3158,0.4848,Sunderland,0.9609289999999999,1.1224914,1.8310523999999997,1.7898533,0.6,1.0,1.6,1.6,-0.8701233999999998,-0.6673619000000002,0.5059078066930772,0.5778238812093373,1.429869,1.2140526999999999,1.7938422000000003,1.687465,10.8125,Brighton,0.9422864000000001,1.1885299,0.9080250000000001,1.1864776000000004,0.8,1.0,0.8,0.9,0.0342614,0.002052299999999674,0.35584358856778614,0.418928053397783,1.6441232,1.4262111000000002,1.7268556,1.7352340000000002,9.8125
29068,2026-03-14 17:30:00,Arsenal,Everton,2,0,1.90855,1.17847,0.5602,0.2503,0.1895,Arsenal,1.6684305999999995,1.8069605,0.9279662,0.6523791,2.0,1.9,1.0,0.8,0.7404643999999996,1.1545814,1.1123874548720871,1.1016713284183008,1.8898564,1.9376127,1.1362798,0.79807502,9.916666666666666,Everton,1.6691208,1.3901509,1.3898358000000002,1.4724502,1.6,1.4,1.2,1.3,0.2792849999999998,-0.08229929999999985,0.7937079713932572,0.6491982760729573,1.6034917999999998,1.2967701999999999,1.4816486,1.5392087999999997,10.916666666666666
29071,2026-03-14 17:30:00,Chelsea,Newcastle United,0,1,1.72508,1.03251,0.5331,0.2697,0.1972,Chelsea,2.8462780000000003,2.609185,1.240054,1.390988,2.2,2.1,1.4,1.3,1.6062240000000003,1.2181970000000002,0.9497724235941987,0.7779510937106232,2.4688,2.2948774,1.798902,1.5284032,9.916666666666666,Newcastle United,1.8769247999999998,1.7599685999999999,1.9557939999999998,1.8221776000000003,1.8,1.6,2.0,1.9,-0.07886919999999997,-0.0622090000000004,1.106246718519517,1.025626216881201,1.3135952,1.1281997,1.7462372000000002,1.5464411999999998,9.885416666666666
29077,2026-03-14 20:00:00,West Ham,Manchester City,1,1,0.488982,1.9546,0.0452,0.1911,0.7637,West Ham,1.5241719999999996,1.6273718,1.1664902000000001,1.4366619,1.2,1.4,1.2,1.6,0.3576817999999995,0.19070989999999988,0.47732621352697624,0.7099437166839822,1.970348,1.7011202,1.2656611999999998,1.2004084,10.020833333333334,Manchester City,2.30267,1.8991434999999999,1.0883927999999998,1.3923687,2.0,1.6,0.8,1.0,1.2142772000000002,0.5067747999999999,0.39264411048683856,0.8372716358707081,1.949745,1.8354445,1.6354122,1.4300213,10.020833333333334
29072,2026-03-15 14:00:00,Crystal Palace,Leeds,0,0,0.525205,1.13558,0.1278,0.3017,0.5705,Crystal Palace,1.4782886000000004,1.5212363,1.3497602,1.7468025,1.6,1.1,1.2,1.4,0.12852840000000043,-0.22556620000000005,0.7780342720547724,0.6222536406786126,2.0519260000000004,1.6199946,1.8562846,1.4440576,9.75,Leeds,1.6432584000000001,1.55639,1.8878291999999999,1.8514887999999998,1.2,1.2,1.2,1.6,-0.24457079999999976,-0.2950987999999999,0.9900710977716699,0.8959773406961186,1.351434,1.3527860999999999,1.8938692000000004,1.8957469,11.770833333333334
29074,2026-03-15 14:00:00,Manchester United,Aston Villa,3,1,1.67823,1.21071,0.4854,0.264,0.2506,Manchester United,1.7016054,1.8538019,0.9625714000000001,0.963381,1.4,1.8,0.8,1.1,0.739034,0.8904208999999998,0.6394223470334769,0.7577439768855453,2.112262,2.1226911,0.8605876,1.0252935,10.739583333333334,Aston Villa,0.9717687999999999,1.2738857000000001,1.6965712,1.3721721,0.8,0.9,1.6,1.1,-0.7248024000000001,-0.09828639999999988,0.3421240388706991,0.5264250733183523,1.6586611999999998,1.5899829,2.205482,1.955584,10.770833333333334
29075,2026-03-15 14:00:00,Nottingham Forest,Fulham,0,0,0.821011,0.933988,0.2552,0.3626,0.3822,Nottingham Forest,1.6706955999999997,1.3213823,2.0225418,1.9794919,0.8,1.0,1.6,1.3,-0.3518462000000002,-0.6581096,1.1744695310040187,0.9087094940976034,1.5371786,1.5614569,1.8019558,1.4247586,10.770833333333334,Fulham,1.6739746,1.3150391,1.5546542,1.7902261,1.2,1.4,1.6,1.6,0.11932039999999988,-0.475187,0.7776478033151,0.7408181278440223,1.3905812000000002,1.2157019999999998,1.9608359999999998,1.911432,10.770833333333334
29073,2026-03-15 16:30:00,Liverpool,Tottenham,1,1,1.30076,1.15636,0.3856,0.2861,0.3283,Liverpool,2.203228,2.0581097,1.206211,1.1488098999999998,1.8,1.8,1.2,1.3,0.9970170000000003,0.9092998000000003,0.6515767885445275,1.0185552030448761,2.3268840000000006,2.025141,0.951422,0.9570086,11.84375,Tottenham,0.9828317999999999,1.3698989000000001,2.437706,2.0198741,0.8,1.2,2.6,2.3,-1.4548742,-0.6499751999999999,0.5266107487359137,0.6248159205967871,1.2741668000000002,1.0797235200000002,1.5563487999999999,1.6605055,9.854166666666666
29069,2026-03-16 20:00:00,Brentford,Wolverhampton Wanderers,2,2,2.7966,1.80044,0.6218,0.2068,0.1714,Brentford,1.6542536,1.8978274,1.7238468,1.6296703999999997,1.6,1.6,1.6,1.4,-0.06959319999999991,0.2681570000000002,0.6354226556826567,1.0431108539594653,1.9846328,2.3201080000000003,1.1321078,1.3281141,13.020833333333334,Wolverhampton Wanderers,0.8802622000000001,0.9264750000000002,2.244432,2.0088023,1.2,0.8,0.8,1.2,-1.3641698,-1.0823273,0.6732344007451639,0.6432982174721837,0.9116524,0.697288,1.9116399999999998,1.9791530000000002,12.989583333333334
29078,2026-03-20 20:00:00,Bournemouth,Manchester United,2,2,1.76664,1.74574,0.36,0.2839,0.3561,Bournemouth,1.6893322000000002,1.8066530999999997,1.6208816,1.4413646,0.6,1.3,0.4,0.8,0.06845060000000025,0.3652884999999997,0.760577423454838,0.7524714776406922,2.0946759999999998,1.8777410999999997,0.9924258,0.8981771000000001,6.208333333333333,Manchester United,1.6040993999999997,1.8268439,1.0860325999999998,0.9874382,1.6,2.0,1.0,1.1,0.5180667999999999,0.8394057,0.5858783081808033,0.7588224826898945,1.4323918,1.6759335,1.1157148,1.2170959,5.25
29080,2026-03-21 12:30:00,Brighton,Liverpool,2,1,3.42956,0.956801,0.9049,0.069,0.0261,Brighton,1.0203908,1.1541919,0.8541608000000002,1.2269308,1.0,0.9,0.6,0.9,0.16622999999999977,-0.07273890000000005,0.34234125744525723,0.40704290920367237,1.0564246,1.2714333,1.0504774000000001,1.3881018,6.895833333333333,Liverpool,2.210076,2.0163057,0.954531,1.2035277,1.8,1.7,1.0,1.2,1.255545,0.8127780000000002,0.6393358631658325,1.0423298724099936,1.7812413999999996,1.6500726999999997,1.2562334,1.1992300999999999,5.833333333333333
29082,2026-03-21 15:00:00,Fulham,Burnley,3,1,3.48438,1.92556,0.7203,0.1586,0.1211,Fulham,1.4205202,1.3475196999999999,1.3413004000000002,1.7004472,1.0,1.2,1.2,1.4,0.07921979999999973,-0.35292750000000006,0.769301474509961,0.7130310331650758,1.4685286,1.4234201,1.7465482,1.4833945000000002,6.041666666666667,Burnley,0.9933652000000001,0.9355157999999999,2.123426,2.2232190000000003,1.4,1.2,1.8,1.9,-1.1300607999999999,-1.2877032000000004,0.400338636060398,0.5820142690339015,0.6278788,0.8207028000000001,2.235668,2.2963929999999997,7.0
29081,2026-03-21 17:30:00,Everton,Chelsea,3,0,1.44532,1.35143,0.3819,0.2794,0.3387,Everton,1.5272587999999998,1.4074319,1.3312937999999999,1.3581262,1.2,1.2,1.4,1.1,0.19596499999999994,0.0493056999999999,0.8081137917998923,0.640062048774865,1.3147280000000001,1.2363373,1.2037838,1.4113577000000002,7.0,Chelsea,2.438738,2.577967,1.2238120000000001,1.3911900000000001,1.6,2.0,1.4,1.3,1.2149259999999997,1.186777,0.8937191124285068,0.8090920115241662,2.808706,2.046444,1.47526,1.5570373,7.0
29083,2026-03-21 20:00:00,Leeds,Brentford,0,0,0.417296,0.302221,0.2789,0.5413,0.1798,Leeds,1.1940164,1.5729342000000002,1.6607102,1.7092283000000001,0.6,1.1,1.0,1.5,-0.46669380000000005,-0.13629409999999997,0.19177882793676437,0.8854145983302962,1.5991904,1.771866,1.7552124,1.66263,6.25,Brentford,1.8835296,1.8723084,1.4196348,1.7091484000000001,1.4,1.4,1.6,1.4,0.46389479999999983,0.16315999999999997,0.8150382525076967,1.0144715424262583,1.3119248,1.4433573000000002,2.0477628,1.8545332,5.0
29085,2026-03-22 12:00:00,Newcastle United,Sunderland,1,2,1.26705,2.66657,0.1162,0.1637,0.7201,Newcastle United,1.4191268000000001,1.5904555999999999,1.970766,1.8668606,1.6,1.5,1.4,1.9,-0.5516391999999999,-0.27640500000000023,0.7863636262768009,0.9872883027899307,2.15931,2.250103,1.9075700000000002,1.693448,7.770833333333333,Sunderland,1.0073006,1.1416515999999999,1.8179144,1.7609353000000003,0.6,0.9,1.2,1.6,-0.8106138,-0.6192837000000004,0.4525732695263828,0.5564731727290685,0.9140458,0.7910066,1.9908584,1.8920734,7.875
29079,2026-03-22 14:15:00,Aston Villa,West Ham,2,0,2.48528,0.760054,0.8124,0.1316,0.056,Aston Villa,1.0846116000000001,1.2519687,1.6669252,1.4501751000000003,0.8,0.7,2.0,1.3,-0.5823136,-0.19820640000000034,0.2982525972104848,0.5237645377364075,1.1915242000000001,1.5014211,1.2418922000000001,1.2974369,7.010416666666667,West Ham,1.3975084,1.6527021999999998,1.1881222,1.4081969,1.0,1.5,1.4,1.4,0.20938619999999997,0.2445052999999997,0.6597840840705392,0.6573417967571782,1.692548,1.318287,1.7776406000000002,2.2569833,7.760416666666667
29086,2026-03-22 14:15:00,Tottenham,Nottingham Forest,0,3,1.6189,1.54408,0.3718,0.2798,0.3484,Tottenham,1.0954229999999998,1.3437849,2.2647060000000003,2.103202,1.0,1.2,2.4,2.3,-1.1692830000000005,-0.7594171000000001,0.4807155229270216,0.6280541376888616,1.3037927999999999,1.4108674,2.501164,1.5990495999999998,6.90625,Nottingham Forest,1.5027377999999998,1.3136634,1.5329814000000002,1.9299027,0.6,0.9,1.0,1.0,-0.03024360000000037,-0.6162392999999999,1.234740013191117,0.9130211672504519,1.2768359999999999,1.0399496,2.210102,1.8256890000000001,7.010416666666667
29091,2026-04-10 19:00:00,West Ham,Wolverhampton Wanderers,4,0,2.54379,0.571967,0.8438,0.1126,0.0436,West Ham,1.2880271999999997,1.5550106,1.5380248,1.5300419,0.8,1.4,1.6,1.4,-0.24999760000000038,0.024968699999999844,0.7210355196418552,0.7136111141087979,1.6128564,1.6086354,1.0387532,1.3435069,19.197916666666668,Wolverhampton Wanderers,1.1589584000000002,1.03519,2.0655639999999997,2.1251413,1.6,0.9,1.2,1.3,-0.9066055999999996,-1.0899513,0.7154249853054475,0.6931947645323868,1.0281724,0.8563386,2.244348,2.067606,24.958333333333332
29092,2026-04-11 11:30:00,Arsenal,Bournemouth,1,2,3.16346,1.39461,0.8221,0.1297,0.0482,Arsenal,1.8933045999999998,1.9276323000000002,0.8013522,0.7383618999999999,2.2,2.1,0.8,0.8,1.0919523999999998,1.1892704000000003,0.9965615914612602,1.030992619575701,1.3888964,2.0428502,0.7835837999999999,0.88086862,27.75,Bournemouth,1.7602401999999997,1.8643031,1.5038016000000003,1.4533286,0.6,1.2,0.6,0.8,0.2564385999999994,0.4109745,0.7446292952168885,0.7214335530090149,1.5186302,1.9801020999999999,1.8903034,2.0900167,21.645833333333332
29093,2026-04-11 14:00:00,Brentford,Everton,2,2,2.26302,1.57033,0.5424,0.2365,0.2211,Brentford,1.5816658000000001,1.5164345,1.346258,1.600234,1.2,1.1,1.4,1.4,0.23540780000000017,-0.08379950000000003,1.0836160562414163,0.8502515656477796,2.4326920000000003,2.272642,1.370534,1.2963201,20.75,Everton,1.3500948,1.3886429,1.3191598,1.4219402,1.6,1.4,1.0,1.0,0.030934999999999935,-0.033297300000000085,0.6737479444756768,0.6354389846580165,1.5001358,1.3138762,1.5124686,1.6119958,20.854166666666668
29094,2026-04-11 14:00:00,Burnley,Brighton,0,2,0.812029,1.07182,0.2682,0.3324,0.3994,Burnley,1.2402226,1.0961008,2.394782,2.3191689999999996,1.0,1.1,2.0,2.0,-1.1545594000000001,-1.2230681999999995,0.5277590980417106,0.6138911228676737,1.2431528,1.2675077,2.2107699999999997,1.9157627000000002,20.958333333333332,Brighton,1.6100416,1.3639859,0.9302934,1.0267069000000002,1.4,1.0,0.6,0.9,0.6797481999999999,0.3372789999999999,1.0300283526596732,0.8297817253059118,1.2519592,1.4443277,1.4033842,1.6049113,21.0625
29097,2026-04-11 16:30:00,Liverpool,Fulham,2,0,2.01499,1.42024,0.5162,0.2415,0.2423,Liverpool,1.7850922,2.0801216,1.5016842,1.4763005,1.8,1.8,1.4,1.4,0.2834080000000001,0.6038211,0.6210636431350653,0.9415016106884435,2.25137,2.008196,1.150822,1.0291426000000001,21.166666666666668,Fulham,1.9068302,1.5899447,1.3909683999999998,1.6478962,1.6,1.3,0.8,1.4,0.5158618000000001,-0.057951499999999934,1.152077812596962,0.9702004136665154,1.2265108,1.1570998,1.6543461999999998,1.7167271000000004,21.0625
29089,2026-04-12 13:00:00,Nottingham Forest,Aston Villa,1,1,0.85045,1.36297,0.216,0.2804,0.5036,Nottingham Forest,1.0733658,1.3413884,1.7753696,1.9180956999999998,1.2,1.0,1.0,0.9,-0.7020038000000002,-0.5767072999999998,0.312254038483413,0.915646738806111,1.3504908,1.488492,1.6497034,1.4265354,20.947916666666668,Aston Villa,1.46644,1.2934816999999998,1.7226748,1.3936755,1.0,0.9,2.0,1.3,-0.2562348000000001,-0.10019380000000022,0.5766672299949079,0.6058388537355177,1.3124132,1.6675519,1.658458,1.9763860000000002,20.947916666666668
29090,2026-04-12 13:00:00,Sunderland,Tottenham,1,0,1.77584,1.01598,0.5697,0.2554,0.1749,Sunderland,1.4018557999999999,1.2576646,1.4549804,1.5015443000000002,1.0,1.1,1.2,1.4,-0.05312460000000008,-0.24387970000000014,0.8209460672688552,0.733687559591835,1.3692574,1.161893,1.5310122,1.6995559999999998,21.041666666666668,Tottenham,1.081353,1.3430649000000001,2.07954,2.138596,0.8,1.0,2.6,2.3,-0.9981870000000002,-0.7955311,0.45955345038199835,0.6276985579942809,1.383777,0.98603252,1.7052399999999999,1.6502614999999998,20.947916666666668
29096,2026-04-12 13:00:00,Crystal Palace,Newcastle United,2,1,3.13933,1.27299,0.8241,0.1232,0.0527,Crystal Palace,1.3976488000000002,1.4459318,1.4293166,1.5875964999999999,1.4,1.1,1.2,1.2,-0.03166779999999969,-0.14166469999999975,0.8652789582728218,0.6961101981271507,1.6862750000000002,1.5990593,1.7325326,1.4755658,27.958333333333332,Newcastle United,1.1785548,1.4736656,2.1662299999999997,1.8981995999999999,1.4,1.2,1.6,1.8,-0.9876751999999998,-0.42453399999999997,0.5251377425735086,0.9444378154290987,1.0216011999999999,1.1790892,1.8261512,1.5775662,21.041666666666668
29095,2026-04-12 15:30:00,Chelsea,Manchester City,0,3,1.22108,2.40839,0.1456,0.1934,0.661,Chelsea,2.066672,2.4680030000000004,1.25498,1.4297090000000001,1.2,1.9,1.6,1.4,0.8116920000000001,1.0382940000000003,0.8785564211079433,0.8980867502523842,2.3472280000000003,2.3460533999999997,1.30712,1.4765941999999999,21.916666666666668,Manchester City,2.2106380000000003,1.9915545000000001,0.9328852,1.2375409,1.8,1.6,0.8,1.0,1.2777528000000005,0.7540136000000002,0.413193871469557,0.7797672531112874,1.8521709999999998,1.8939905000000004,1.5407804,1.3945288999999998,28.8125
29088,2026-04-13 19:00:00,Manchester United,Leeds,1,2,1.36555,2.95118,0.0997,0.1434,0.7569,Manchester United,1.8060939999999999,1.7489298999999998,1.1778686,1.1321312,1.8,2.0,1.2,1.1,0.6282253999999998,0.6167986999999999,0.32979742968980214,0.7180932757311698,2.2212959999999997,2.0942830999999997,0.8591616,1.0516491000000001,23.958333333333332,Leeds,1.0195796,1.3793458,1.0788024,1.4959554,0.2,0.8,0.6,1.1,-0.05922280000000013,-0.11660959999999987,0.38378274135870016,0.9072291486329617,1.546678,1.4304251,1.6632442,1.6841404,22.958333333333332
29099,2026-04-18 11:30:00,Brentford,Fulham,0,0,2.33552,0.790707,0.7631,0.1594,0.0775,Brentford,1.6962238000000003,1.5952155,1.3859179999999998,1.595004,1.6,1.3,1.4,1.4,0.3103058000000005,0.00021149999999980906,1.1273569435734185,0.8819155611998807,2.1131040000000003,2.225215,1.3833119999999999,1.4101254,6.895833333333333,Fulham,1.7574862,1.7060891000000002,1.4417864000000002,1.6324972,1.0,1.3,1.0,1.5,0.31569979999999975,0.07359190000000027,1.1583088430251236,0.8559301108076589,1.4587996,1.256676,1.6235482,1.6876190999999998,6.791666666666667
29103,2026-04-18 14:00:00,Leeds,Wolverhampton Wanderers,3,0,3.55804,0.568627,0.9601,0.032,0.0079,Leeds,1.3541056,1.4575658,1.1010344,1.6066308,0.4,0.9,0.6,1.2,0.25307119999999994,-0.149065,0.9609413332877296,1.01069500024288,1.2488536,1.6289276000000001,1.7638974,1.5568741,4.791666666666667,Wolverhampton Wanderers,1.2387280000000003,1.0533651000000002,2.1722859999999997,2.298189,1.2,0.9,1.6,1.7,-0.9335579999999994,-1.2448238999999997,0.5891084946887966,0.6765887950782465,0.9999078000000001,0.9023891,2.426464,1.9236429999999998,7.791666666666667
29105,2026-04-18 14:00:00,Newcastle United,Bournemouth,1,2,1.61167,3.36662,0.0545,0.1232,0.8223,Newcastle United,1.331562,1.5196333,2.3487999999999998,2.173111,1.4,1.3,1.6,2.0,-1.0172379999999999,-0.6534777,0.369200200595829,0.9195856512937465,1.9257299999999997,2.136253,1.9702480000000002,1.7144570000000001,6.041666666666667,Bournemouth,1.9346159999999997,1.8340271000000001,1.6676696,1.6700969,1.0,1.3,0.8,0.8,0.2669463999999997,0.16393020000000003,0.40869088995229635,0.7354345600631039,1.4580781999999999,1.9185710999999999,2.3238399999999997,2.2180807000000002,7.104166666666667
29107,2026-04-18 16:30:00,Tottenham,Brighton,2,2,1.56052,1.1373,0.4794,0.273,0.2476,Tottenham,1.2078962,1.2793709000000002,1.7713060000000003,2.0394189999999996,0.6,0.9,2.0,2.2,-0.5634098000000003,-0.7600480999999994,0.2653473972497186,0.6250737209699435,1.2969888,1.4372254,2.256458,1.671432,6.145833333333333,Brighton,1.5499996,1.3715902,0.7546532000000001,0.9381728000000003,1.4,1.1,0.6,0.8,0.7953463999999999,0.43341739999999973,1.0557984406698089,0.8263738910420365,1.1999992000000002,1.487806,0.973982,1.6021595000000002,7.104166666666667
29100,2026-04-18 19:00:00,Chelsea,Manchester United,0,1,1.28109,0.436043,0.5816,0.298,0.1204,Chelsea,1.8078200000000002,2.427848,1.5341479999999998,1.523027,1.0,1.7,2.0,1.7,0.27367200000000036,0.9048210000000001,0.9036241761650678,0.9476916702856938,2.266918,2.0698194,1.4937559999999999,1.706287,6.145833333333333,Manchester United,1.7882639999999999,1.5782069,1.6559198,1.3885477,1.8,1.9,1.6,1.3,0.1323441999999999,0.18965920000000014,0.3549919388943924,0.5521532805517861,1.2765638000000004,1.7684819,1.4051008,1.2582279,5.0
29098,2026-04-19 13:00:00,Aston Villa,Sunderland,4,3,3.90223,1.56008,0.8626,0.0885,0.0489,Aston Villa,1.4881559999999998,1.3392393999999999,1.6370548,1.4041346000000001,1.0,1.0,2.0,1.3,-0.14889880000000022,-0.06489520000000026,0.5686746195584959,0.5903524901781979,1.5075015999999999,1.5616671,1.2447312,1.1724503,7.0,Sunderland,1.4048438,1.2506476,1.2247844,1.4879733,1.0,1.0,0.6,1.3,0.18005939999999998,-0.23732569999999997,0.8226050973937615,0.7277469010943908,1.1460718,1.0353868,1.4720764,1.7350493999999999,7.0
29102,2026-04-19 13:00:00,Everton,Liverpool,1,2,1.4784,1.38333,0.3918,0.2837,0.3245,Everton,1.551976,1.47109,1.4808238,1.5577029,2.0,1.5,1.2,1.2,0.0711522,-0.08661289999999999,0.5093324228634964,0.59497041441216,1.27715,1.1502623,1.3314118000000001,1.5040529,7.958333333333333,Liverpool,1.7088221999999997,1.9325756000000003,1.5987786,1.5636274000000001,2.0,1.9,1.4,1.3,0.1100435999999998,0.36894820000000017,0.5461281342864508,0.8010649338829738,1.9088731999999997,1.6429427999999997,1.8017790000000002,1.3826441,7.854166666666667
29106,2026-04-19 13:00:00,Nottingham Forest,Burnley,4,1,1.4425,0.601418,0.5978,0.2837,0.1185,Nottingham Forest,1.0565022000000002,1.3945853,1.5686956,1.7680696999999999,1.4,1.1,1.0,1.0,-0.5121933999999999,-0.37348439999999994,0.3236782881569303,0.8635882773186729,1.4568846,1.32444,1.3496514,1.5208863000000001,7.0,Burnley,1.2001184,1.1226066,2.106078,2.077306,0.8,1.0,2.2,2.1,-0.9059596000000001,-0.9546994000000002,0.5562355333546212,0.5929107551911819,0.9035966,0.8257808000000001,2.2344540000000004,2.348103,7.958333333333333
29104,2026-04-19 15:30:00,Manchester City,Arsenal,2,1,2.61528,2.28964,0.4488,0.2479,0.3033,Manchester City,2.356872,1.9364895,0.9665352,1.2264869,1.8,1.8,0.8,0.9,1.3903368,0.7100025999999999,0.28747429392904095,0.7210898249118408,2.130938,2.213145,0.9343014000000001,1.1136203,7.0,Arsenal,2.1239605999999998,1.9576553,1.0456504,0.8459747999999999,2.0,2.2,0.8,1.0,1.0783101999999998,1.1116805000000003,1.1517556111918015,1.0650730427287916,2.0340885999999996,1.9248833,0.6931722,0.8457235000000001,8.166666666666666
29101,2026-04-20 19:00:00,Crystal Palace,West Ham,0,0,0.733442,0.622445,0.3437,0.3864,0.2699,Crystal Palace,1.5999948000000004,1.6273598,1.54566,1.5078805,1.4,1.3,0.8,1.3,0.05433480000000035,0.11947930000000007,1.1500799789569853,0.8746395151897083,2.049131,1.8290376000000002,1.5731006,1.5391611,8.25,West Ham,1.3279611999999998,1.5326286,1.5478720000000001,1.4219466,1.6,1.6,1.6,1.3,-0.2199108000000003,0.11068199999999995,0.7958020275503199,0.6737494800954826,1.2910368,1.3552142,1.9441126,2.1572123000000003,10.0
29110,2026-04-21 19:00:00,Brighton,Chelsea,3,0,2.51784,0.297865,0.9033,0.0788,0.0179,Brighton,1.5372455999999999,1.2906682,0.9006472000000002,0.9809818,1.4,1.2,0.8,0.8,0.6365983999999997,0.30968640000000003,1.0614373698889634,0.8031125694039549,1.5431812,1.5166405,0.9023635999999999,1.2638029,3.1041666666666665,Chelsea,1.7935020000000002,2.2471400000000004,1.2781605999999999,1.3248383,0.8,1.4,1.8,1.7,0.5153414000000003,0.9223017000000004,0.9131557444762627,0.9795435712389495,2.588778,2.009494,1.552298,1.635475,3.0
29108,2026-04-22 19:00:00,Bournemouth,Leeds,2,2,1.91355,1.21601,0.5513,0.2434,0.2053,Bournemouth,2.243072,1.8392150999999999,1.7742296,1.7375304,1.2,1.2,0.8,0.7,0.4688424000000002,0.10168469999999985,0.7468035408124418,0.7471305910452708,2.209976,1.7061061000000002,1.0163537999999999,1.0336729,4.208333333333333,Leeds,1.7900655999999997,1.6457098,0.7210918000000001,1.5745019,1.0,1.1,0.4,1.1,1.0689737999999998,0.07120789999999988,1.3784113814753562,1.21122406810354,1.6662779999999997,1.683597,1.4493641999999998,1.5715983999999998,4.208333333333333
29111,2026-04-22 19:00:00,Burnley,Manchester City,0,1,0.973776,3.40888,0.0443,0.091,0.8647,Burnley,1.1556372,1.0278644,1.9053879999999999,1.962463,0.4,0.9,2.2,2.3,-0.7497507999999999,-0.9345986000000002,0.6009458548793726,0.5929296635706839,1.3416166,1.2826163,1.920158,1.8508516999999998,3.25,Manchester City,2.4346319999999997,2.1593159999999996,1.3228724,1.1481729,1.8,2.0,0.8,0.8,1.1117595999999996,1.0111430999999995,0.29584853028196795,0.49923315039056526,2.2564459999999995,1.8891814999999998,1.1704404,1.2760819,3.1458333333333335
29115,2026-04-24 19:00:00,Sunderland,Nottingham Forest,0,5,0.614323,1.54208,0.1184,0.2415,0.6401,Sunderland,1.5010857999999998,1.3352718000000001,1.6403624,1.6595213000000002,1.4,1.2,1.2,1.4,-0.1392766000000003,-0.3242495000000001,0.8028454601784827,0.7073040584370425,1.3552234,1.218982,1.5038702000000002,1.568211,5.25,Nottingham Forest,1.1788922,1.3998773,1.4487652,1.6277985000000001,2.0,1.3,0.8,1.1,-0.26987300000000003,-0.22792120000000016,0.3324582234344648,0.8637163325040422,1.332286,1.0748986,2.1864879999999998,1.808306,5.25
29112,2026-04-25 11:30:00,Fulham,Aston Villa,1,0,1.24069,0.906156,0.4402,0.3154,0.2444,Fulham,1.4514875999999999,1.6719168,1.7184722000000001,1.6713972000000001,0.6,1.1,0.8,1.4,-0.26698460000000024,0.0005195999999998424,1.1743076709654503,0.8876128633337347,1.9533786,1.4881291,1.6414462,1.6536737000000001,7.0,Aston Villa,2.0059460000000002,1.5973194,1.6475288,1.3646585999999998,1.8,1.2,2.2,1.6,0.3584172000000003,0.2326608000000001,1.1989789962005175,1.002175153292765,1.1709771999999998,1.6678708999999998,1.5635379999999999,1.876763,5.9375
29113,2026-04-25 14:00:00,Liverpool,Crystal Palace,3,1,1.45071,2.19912,0.2143,0.2313,0.5544,Liverpool,1.5656102,1.9771751000000002,1.6241185999999999,1.3799933999999998,1.4,1.9,1.2,1.1,-0.058508399999999794,0.5971817000000004,0.510851577608604,0.7503051955260829,1.956278,2.030422,1.3254758,1.0517075999999999,6.041666666666667,Crystal Palace,1.3395652000000002,1.5855350000000001,1.334651,1.385524,1.2,1.2,0.8,1.1,0.004914200000000202,0.20001100000000016,1.1739664098830511,0.90922938490399,1.2055886,1.298499,1.4426603999999998,1.6448183,4.791666666666667
29116,2026-04-25 14:00:00,West Ham,Everton,2,1,1.8356,1.1144,0.5617,0.2554,0.1829,West Ham,1.1821101999999999,1.3761981,1.2746824,1.423907,1.2,1.3,0.6,1.2,-0.09257220000000022,-0.04770889999999994,0.8549898354724458,0.6864805268605707,1.7742204000000001,1.5662864,0.8997806,1.2132256,4.791666666666667,Everton,1.366194,1.5299384,1.5337118,1.5283759,1.6,1.5,1.2,1.3,-0.16751780000000016,0.0015625000000001332,0.1863601932548893,0.5591230258410036,1.6650299999999998,1.4554029,1.7839939999999999,1.6109278,6.041666666666667
29117,2026-04-25 14:00:00,Wolverhampton Wanderers,Tottenham,0,1,0.762656,1.06403,0.2136,0.3485,0.4379,Wolverhampton Wanderers,1.0169554,1.0559595,2.476776,2.547453,1.2,0.9,2.0,1.8,-1.4598206,-1.4914935,0.5913550331782931,0.6744593792106139,1.1068224,1.0718565000000002,2.169914,1.8632621,7.0,Tottenham,1.329582,1.1763299,1.534626,1.998265,0.8,0.9,2.0,2.2,-0.205044,-0.8219350999999999,0.25812159890253306,0.44336309131366675,1.2617530000000001,1.0846238000000001,1.82238,1.6000184999999998,6.895833333333333
29109,2026-04-25 16:30:00,Arsenal,Newcastle United,1,0,0.639189,0.868897,0.2295,0.3637,0.4068,Arsenal,1.9184866,2.0442083,1.4920535999999998,1.0434126,1.4,2.1,1.0,0.9,0.4264330000000003,1.0007957000000003,0.961658582997521,1.0519851241512714,1.881222,2.1313692000000004,0.9987773999999998,1.0173229000000001,6.041666666666667,Newcastle United,1.430118,1.4853163,2.540662,2.3776300000000004,1.2,1.4,1.4,2.0,-1.1105440000000002,-0.8923137000000003,0.3639710973690083,0.9078686424881871,1.1135366000000002,1.2631605000000001,2.3759740000000003,1.6177702,7.104166666666667
29114,2026-04-27 19:00:00,Manchester United,Brentford,2,1,1.84852,1.30383,0.5285,0.2585,0.213,Manchester United,1.4062546,1.5577210000000001,1.8351979999999997,1.3742457,1.6,1.7,1.4,1.1,-0.42894339999999964,0.18347530000000023,0.5682765578578804,0.5930767595933744,1.87985,2.0034681,1.3719946,1.3312608,9.0,Brentford,1.6741378,1.6283545,1.3792946000000001,1.5351167000000001,0.8,1.3,0.8,1.2,0.29484319999999986,0.09323779999999982,1.1099443693583027,0.904914561036228,1.077327,1.2536004,1.8066959999999999,1.7985140000000002,9.3125
29124,2026-05-01 20:00:00,Leeds,Burnley,3,1,2.09546,0.434597,0.8238,0.1368,0.0394,Leeds,1.8556211999999999,1.7494398,0.9350305999999999,1.4114299,1.4,1.3,0.6,0.9,0.9205905999999999,0.3380099000000001,1.3318051708741785,1.111981617768707,1.9247196000000002,1.7642616,1.1687688,1.517335,9.041666666666666,Burnley,1.1979465999999999,1.1126049,2.355474,2.114701,0.4,0.9,2.0,2.1,-1.1575274000000002,-1.0020961000000002,0.5731266743886555,0.5035999244160762,0.998606,0.7985201000000001,2.145654,2.120247,9.041666666666666
29127,2026-05-02 15:00:00,Wolverhampton Wanderers,Sunderland,1,1,1.96131,0.923954,0.64,0.2208,0.1392,Wolverhampton Wanderers,0.8679446000000001,0.9218721000000001,2.426926,2.4947399999999997,0.8,0.9,2.2,1.7,-1.5589814,-1.5728678999999997,0.5271646127864618,0.5679287680394143,0.8386476,1.0456611,2.064488,1.8572761,7.041666666666667,Sunderland,1.4551792,1.2080541,1.7711320000000002,1.8010922,1.2,0.9,2.2,1.9,-0.31595280000000026,-0.5930381,0.8547080650074034,0.7115384343134328,1.3153202,1.1201286,1.8151723999999998,1.9876393999999997,7.833333333333333
29121,2026-05-02 15:00:00,Brentford,West Ham,3,0,2.27374,0.753895,0.7785,0.1517,0.0698,Brentford,1.8002382000000003,1.7272459000000002,1.2854586,1.5046527,1.0,1.3,1.2,1.4,0.5147796000000004,0.22259320000000016,0.9979863562249737,0.7924808888587298,2.1793819999999995,2.086661,1.2635374000000001,1.4017936,4.833333333333333,West Ham,1.2501741999999996,1.3871731,1.3719378,1.269214,1.4,1.3,0.8,1.0,-0.12176360000000042,0.11795909999999998,0.8985878545858496,0.6935327255059097,1.0703558,1.2808747,1.5585350000000002,2.0028825,7.041666666666667
29126,2026-05-02 15:00:00,Newcastle United,Brighton,3,1,3.12933,1.87112,0.6723,0.171,0.1567,Newcastle United,1.2106234,1.5437741,2.3073578,2.1315759,0.8,1.3,1.4,1.7,-1.0967344,-0.5878018,0.2812531089033517,0.8380820924465902,1.8570959999999999,2.108862,2.379286,1.9459140000000001,6.9375,Brighton,1.8569679999999997,1.3996272,0.8572596000000002,0.8826423,2.0,1.4,0.6,0.7,0.9997083999999995,0.5169849000000001,1.0694747214029887,0.8927615975428653,1.0381551999999998,1.395816,1.0596,1.662179,10.833333333333334
29119,2026-05-02 17:30:00,Arsenal,Fulham,3,0,4.09079,0.696714,0.9613,0.0311,0.0076,Arsenal,1.7031284,1.7537002000000002,1.395297,1.1124313,1.2,1.8,0.8,0.9,0.3078314,0.6412689000000003,1.1250385077628675,0.9910711870849415,1.7242378000000003,1.9321621,1.0443764,1.0453409999999999,7.041666666666667,Fulham,1.574001,1.6239878,1.6006474000000002,1.5776508,0.8,1.0,0.6,1.1,-0.02664640000000018,0.04633700000000007,1.0962952068316272,0.8976131279883705,1.272945,1.2862731,1.7219282,1.8167750999999999,7.25
29118,2026-05-03 14:00:00,Bournemouth,Crystal Palace,3,0,2.29626,0.678329,0.7987,0.1448,0.0565,Bournemouth,2.162242,1.8714541,1.8827660000000002,1.6487784,1.6,1.2,1.2,0.9,0.27947599999999984,0.22267569999999992,0.7584869939359542,0.7421768203656728,1.929738,1.8339195999999998,1.0720888,1.0357009000000001,10.791666666666666,Crystal Palace,1.7024494000000003,1.563654,1.155575,1.221778,1.2,1.2,1.0,1.1,0.5468744000000003,0.34187600000000007,1.0818304866506583,0.8893880545350014,1.4150746,1.373478,1.3636004,1.6234803,8.0
29125,2026-05-03 15:30:00,Manchester United,Liverpool,3,2,2.55612,1.02814,0.7491,0.1546,0.0963,Manchester United,1.4148166,1.558211,1.70269,1.3326307,1.8,1.6,1.2,1.0,-0.28787340000000006,0.22558030000000007,0.5760686836374642,0.5933411801099108,1.88083,1.9606461,1.2887646,1.3250598,5.854166666666667,Liverpool,1.4213182,1.8122730999999999,1.9367359999999998,1.5714735,1.8,1.8,1.0,1.1,-0.5154177999999998,0.2407995999999999,0.3824472826563151,0.6507884346326812,1.9980722,1.6244828000000002,1.434511,1.4940688999999998,8.0625
29120,2026-05-03 19:00:00,Aston Villa,Tottenham,1,2,0.609494,1.12225,0.1665,0.3396,0.4939,Aston Villa,1.9734691999999998,1.4726190000000001,1.2179008,1.457236,1.6,1.2,1.6,1.6,0.7555683999999998,0.015383000000000147,1.232450491489699,1.0029091858846328,1.8573155999999997,1.8364041,1.4937639999999999,1.2591995,8.3125,Tottenham,1.283158,1.1329949,1.3041272000000002,1.8709165999999997,0.8,0.8,1.4,2.0,-0.020969200000000132,-0.7379216999999998,0.28510141462293737,0.4294565500248084,0.9563729999999999,1.0858218000000002,1.6651432,1.4877261,8.208333333333334
29122,2026-05-04 15:00:00,Chelsea,Nottingham Forest,1,3,2.17132,2.31019,0.3108,0.2818,0.4074,Chelsea,1.1753090000000002,2.0107935,1.5680206,1.4040373,0.0,1.1,2.2,1.8,-0.39271159999999994,0.6067562000000002,0.528313197028994,1.1404226049292474,1.99087,2.118737,1.2357945999999997,1.6270633,12.833333333333334,Nottingham Forest,1.2400242,1.4553599,1.0263198,1.5244308,2.6,1.7,0.4,1.0,0.2137043999999999,-0.06907090000000005,0.37149165686889973,0.8520063613785013,1.362786,1.1167175999999999,1.9085265999999996,1.7672773,9.833333333333334
29123,2026-05-04 20:00:00,Everton,Manchester City,3,3,1.68558,1.41706,0.4424,0.2639,0.2937,Everton,1.357384,1.5132524,1.748386,1.5691108999999999,1.4,1.5,1.6,1.4,-0.39100200000000007,-0.05585849999999981,0.1992329383661238,0.569757649406833,1.3948467999999998,1.1969773,1.2727578,1.3965039000000001,9.25,Manchester City,2.62274,2.3936640000000002,1.2419796,1.1912822,1.8,1.9,0.8,0.8,1.3807603999999998,1.2023818000000002,0.5294348990669203,0.47826907466636553,2.5309939999999997,2.0338445,1.0657196,1.276196,12.041666666666666
29132,2026-05-09 12:30:00,Liverpool,Chelsea,1,1,0.623191,0.597184,0.2937,0.4218,0.2845,Liverpool,1.3667942,1.7884350999999998,2.216688,1.5856095,2.0,1.9,1.4,1.2,-0.8498938,0.20282559999999994,0.4213828961089893,0.6768444799033643,1.626474,2.0378600000000002,1.708436,1.2003533999999998,5.875,Chelsea,1.2645570000000002,1.8516475000000003,1.8235565999999999,1.5236842999999998,0.2,0.9,2.6,2.0,-0.5589995999999997,0.32796320000000057,0.6645342483235885,0.9665580989816102,2.030717,1.9428787,1.57228,1.666789,4.895833333333333
29135,2026-05-09 15:00:00,Sunderland,Manchester United,0,0,1.2376,0.535981,0.5615,0.2908,0.1477,Sunderland,1.5081533999999999,1.2577269999999998,1.9377299999999997,1.8778222,1.4,1.0,2.2,1.7,-0.42957659999999986,-0.6200952000000002,0.7994534429357344,0.6669105641368515,1.100788,1.1634593,1.787012,1.543145,7.0,Manchester United,1.5903946,1.597247,1.666176,1.3761043,1.8,1.7,1.4,1.2,-0.07578140000000011,0.22114270000000014,0.7756399251913225,0.6480699804503278,1.2355920000000002,1.6643181999999999,1.3764968,1.1727759,5.979166666666667
29131,2026-05-09 15:00:00,Fulham,Bournemouth,0,1,1.24334,0.998003,0.4114,0.3148,0.2738,Fulham,1.5265461999999999,1.4735331999999999,2.2546031999999996,1.7979517999999999,0.8,0.9,1.2,1.2,-0.7280569999999997,-0.3244186,1.1353643437320904,0.9160065252372872,1.9750306000000002,1.5149346,1.4333734,1.5480643,6.895833333333333,Bournemouth,2.147536,1.9184341,1.6830418000000003,1.6519617,2.2,1.4,1.2,0.8,0.46449419999999986,0.26647240000000005,0.7541573774286109,0.7537905893868007,1.8131702,2.0759591,2.2254680000000002,2.2622927,6.041666666666667
29128,2026-05-09 15:00:00,Brighton,Wolverhampton Wanderers,3,0,2.22427,0.515647,0.8144,0.1409,0.0447,Brighton,2.0055280000000004,1.5129594,1.351309,1.1027349000000002,2.0,1.5,1.2,0.9,0.6542190000000003,0.41022449999999977,0.9917190532202153,0.8710820299002588,1.7610991999999999,1.5721265,0.7056846,0.9778444000000001,7.0,Wolverhampton Wanderers,1.1330000000000002,1.0066311,2.1772828,2.2108574,0.6,0.9,2.2,1.5,-1.0442827999999997,-1.2042263000000002,0.6895656600814023,0.6561395871571588,1.0050966000000001,0.8899929999999999,2.924992,2.1639609999999996,7.0
29133,2026-05-09 17:30:00,Manchester City,Brentford,3,0,4.37429,0.670038,0.9871,0.0121,0.0008,Manchester City,2.360842,2.331756,1.3318116,1.2101022000000001,2.0,2.0,1.0,0.9,1.0290304,1.1216537999999998,0.7451745070250327,0.5623638331622051,2.0621859999999996,2.315131,1.1259054,1.2397743,4.895833333333333,Brentford,1.6956662000000002,1.7895979,1.0761496,1.2478922000000001,1.2,1.3,0.8,1.2,0.6195166000000003,0.5417056999999998,0.8889175539706706,0.8100808413623436,1.2751097999999998,1.3251118,1.745768,1.72024,7.104166666666667
29129,2026-05-10 14:00:00,Burnley,Aston Villa,2,2,1.71234,1.75493,0.3632,0.2585,0.3783,Burnley,0.949476,0.9714205999999999,2.3006079999999995,2.212017,0.6,1.0,2.6,2.2,-1.3511319999999996,-1.2405964,0.5827664409671337,0.47191885456581517,1.2266038,1.2631419,2.083748,2.09296,8.75,Aston Villa,1.853226,1.4689188,1.1067048,1.386815,1.6,1.2,1.4,1.7,0.7465212000000001,0.08210380000000006,1.3492656770621567,1.0063581290906551,1.0879224,1.4427415,1.420708,1.8045339999999999,6.791666666666667
29130,2026-05-10 14:00:00,Crystal Palace,Everton,2,2,3.28826,2.10265,0.6403,0.1732,0.1865,Crystal Palace,1.4550852000000003,1.4666869,1.355597,1.3526786,0.6,1.1,1.4,1.3,0.09948820000000036,0.11400830000000006,1.1596405282063489,0.9310543561546466,1.7122334000000001,1.6888208000000002,1.0799556000000001,1.4536376,7.0,Everton,1.4588059999999998,1.4930324000000001,1.6500880000000002,1.4906909000000002,2.0,1.6,1.8,1.6,-0.1912820000000004,0.0023414999999999964,0.21391899139627532,0.5584652984423171,1.6316580000000003,1.4472699,1.865464,1.7309463,5.75
29134,2026-05-10 14:00:00,Nottingham Forest,Newcastle United,1,1,1.46434,1.65067,0.3112,0.2674,0.4214,Nottingham Forest,1.5378599999999998,1.5202989,1.2737862,1.4033837999999998,3.2,1.9,0.6,0.8,0.2640737999999998,0.11691510000000016,0.5191763099853457,0.8931586698922289,1.5479337999999998,1.3726575,1.1403349999999999,1.3753081,5.958333333333333,Newcastle United,1.6299873999999999,1.5245571,2.3365658,2.1536659,1.2,1.4,1.6,1.5,-0.7065783999999999,-0.6291088,0.8784635815182094,0.7938247461723872,1.2304522000000002,1.1041682000000002,1.8838658,1.5805641000000001,7.958333333333333
29137,2026-05-10 16:30:00,West Ham,Arsenal,0,1,1.32011,1.42953,0.3272,0.2963,0.3765,West Ham,1.3031567999999996,1.3503326,1.4357658,1.311944,1.2,1.1,1.2,1.3,-0.13260900000000042,0.038388599999999995,0.848923469627092,0.7185015225037918,1.7039904,1.7134312,0.979893,1.1678726,8.0625,Arsenal,2.4183258,2.0433782000000003,1.3507942,1.1393802,1.6,1.8,0.8,0.9,1.0675316,0.9039980000000003,1.3032767003588304,1.2087459551708768,1.7831626,2.0310192999999996,1.1804862,1.0280601,7.958333333333333
29136,2026-05-11 20:00:00,Tottenham,Leeds,1,1,1.49036,1.86976,0.2655,0.2596,0.4749,Tottenham,1.2763360000000001,1.1858795,1.165874,1.71529,1.0,1.0,1.4,1.9,0.11046200000000006,-0.5294105,0.289271593714281,0.38598872458697214,1.3096168,1.4888814,2.07669,1.7356884000000001,8.041666666666666,Leeds,2.0475972,1.6208068,0.9169090000000001,1.2888096,2.0,1.3,0.8,0.9,1.1306881999999998,0.3319972,1.26980406461753,0.9671393316131168,1.57416,1.6300560000000002,1.654091,1.4776614000000001,10.0
29084,2026-05-13 20:00:00,Manchester City,Crystal Palace,3,0,1.95679,0.428862,0.7928,0.1582,0.049,Manchester City,2.84478,2.527709,1.3680227999999999,1.150454,2.4,2.1,0.8,0.8,1.4767572000000002,1.3772550000000001,1.1112043613350335,0.8581218135938247,2.723964,2.467268,1.1513764,1.1316361000000001,4.104166666666667,Crystal Palace,2.0076962000000003,1.7026725000000003,1.5490110000000001,1.4891638,1.0,1.2,1.8,1.5,0.4586852000000001,0.21350870000000022,1.2597641339783414,1.0683969284851482,1.2211404,1.3425312,1.6254016,1.7362543,3.25
29140,2026-05-15 20:00:00,Aston Villa,Liverpool,4,2,2.5252,1.55027,0.6252,0.2086,0.1662,Aston Villa,1.7071560000000001,1.586798,1.297162,1.5099184,1.6,1.3,1.8,1.9,0.4099940000000002,0.07687959999999983,1.30245528612233,0.9580419816614391,1.8639867999999997,1.6253674999999999,1.6219528,1.1854594999999999,5.25,Liverpool,1.3000722,1.5425821999999998,1.6502127999999998,1.5759485,2.0,1.9,1.2,1.3,-0.3501405999999998,-0.03336630000000018,0.5178914821458249,0.5966422290538946,1.5873561999999999,1.5224918,1.8069762,1.5703479000000002,6.3125
29145,2026-05-17 12:30:00,Manchester United,Nottingham Forest,3,2,4.28532,1.84418,0.8387,0.1022,0.0591,Manchester United,1.3484427999999997,1.5772684,1.560368,1.3691182999999998,1.4,1.6,1.0,1.1,-0.21192520000000026,0.20815010000000012,0.8946258510057156,0.6798773242140733,1.9589019999999997,1.8950540999999999,1.3757118,1.1926778,7.895833333333333,Nottingham Forest,1.521912,1.2976389,1.2801402,1.5277549000000001,2.8,2.0,0.8,0.9,0.24177179999999998,-0.2301160000000002,0.520161266310747,0.4684804684548285,1.492664,1.3165026,1.6664326000000003,1.8590612999999998,6.9375
29147,2026-05-17 15:00:00,Wolverhampton Wanderers,Fulham,1,1,1.49725,1.48412,0.3551,0.2872,0.3577,Wolverhampton Wanderers,0.8760414000000001,1.0174999,2.0628168000000002,2.0641904,0.2,0.9,2.4,1.8,-1.1867754000000001,-1.0466905000000002,0.6139041376088781,0.6459231009710832,1.0081656,1.2155774,1.4967228000000001,1.5449635000000002,8.0,Fulham,1.0783382,1.4925842,2.0690918,1.7300301,0.2,0.9,1.2,1.0,-0.9907535999999999,-0.2374459,0.3157725760134975,0.9082327105930996,1.2017218,1.1908915,2.2046422,2.0203681,8.0
29144,2026-05-17 15:00:00,Leeds,Brighton,1,0,0.747756,2.23238,0.0717,0.1873,0.741,Leeds,2.3380900000000002,1.6788348,1.1545368,1.1166695999999998,2.2,1.2,1.0,0.8,1.1835532000000002,0.5621652000000001,0.9221473828515699,0.9624479287692282,1.6674536,1.7944746000000003,0.9235282,1.3559897,5.791666666666667,Brighton,1.76447,1.6872558000000002,1.2630782000000003,1.0966858,2.2,1.8,1.0,0.8,0.5013917999999997,0.5905700000000003,0.6448765096512666,0.8142424431981476,1.316118,1.413924,1.5702383999999998,1.7338419999999999,8.0
29141,2026-05-17 15:00:00,Brentford,Crystal Palace,2,2,1.54564,1.82274,0.2919,0.2635,0.4446,Brentford,1.7692296000000003,1.6754476999999999,1.8675483999999998,1.6069032,1.2,1.2,1.4,1.4,-0.09831879999999948,0.06854449999999979,0.7489765485586315,0.883723747572742,2.2718220000000002,2.2443344,1.2574804,1.3137741,7.895833333333333,Crystal Palace,1.4656026,1.5327987,1.6857710000000001,1.6157154999999999,0.6,1.0,2.2,1.5,-0.22016840000000015,-0.08291679999999979,1.2339791034510268,1.1267804036061768,1.121232,1.2143084,1.8692,1.8552562000000001,3.7916666666666665
29143,2026-05-17 15:00:00,Everton,Sunderland,1,3,1.32181,1.28383,0.3601,0.3159,0.324,Everton,1.5902720000000001,1.4701834000000003,2.037454,1.6783068999999997,1.8,1.7,2.2,1.6,-0.44718199999999975,-0.20812349999999946,0.3574150311192855,0.5239741201327915,1.2657348,1.2401872999999999,1.2737498,1.5069759,7.041666666666667,Sunderland,1.2223594,1.3121076,1.7915162000000002,1.6232483000000002,1.0,1.0,2.0,1.6,-0.5691568000000002,-0.31114070000000016,0.46887692964231037,0.6373329389898014,1.414666,1.1498754,1.9686324,1.9421654,8.0
29146,2026-05-17 17:30:00,Newcastle United,West Ham,3,1,2.1336,0.957771,0.6787,0.1995,0.1218,Newcastle United,1.7067114,1.4426331,2.0961198,2.1311749,1.2,1.3,1.4,1.5,-0.38940839999999977,-0.6885418000000001,0.855287146074229,0.7246851031822867,1.8186619999999998,2.241087,2.423466,1.9746510000000002,7.145833333333333,West Ham,1.415168,1.3515975999999998,1.2246158,1.3813203,1.2,1.0,1.0,1.3,0.19055219999999995,-0.029722700000000213,0.794556235286402,0.7184287859266529,0.9966747999999999,1.1856242,1.6439950000000003,2.0201795000000002,7.041666666666667
29139,2026-05-18 20:00:00,Arsenal,Burnley,1,0,1.22695,0.194884,0.6915,0.2601,0.0484,Arsenal,2.3225217999999996,2.1079131999999996,1.3791221999999999,1.0902372,1.4,1.8,0.8,0.8,0.9433995999999998,1.0176759999999996,1.36620591114085,1.1498397424949462,2.3035938000000002,2.1794451,1.0982742,1.0530154,8.145833333333334,Burnley,0.906832,1.0735273,1.9547180000000002,2.1747500000000004,0.8,0.9,2.4,2.2,-1.047886,-1.1012227000000003,0.4946200189615253,0.5132237702681289,0.9472707999999999,0.6836048000000001,2.139226,2.1490850000000004,8.25
29138,2026-05-19 19:30:00,Bournemouth,Manchester City,1,1,1.71486,1.26917,0.4866,0.2553,0.2581,Bournemouth,1.9938086000000002,1.8770244000000003,1.5825618000000001,1.5431817,2.0,1.3,0.8,0.7,0.4112468,0.33384270000000016,0.9128522864405829,0.7949475056265177,2.023698,1.9216145999999998,1.0784554,1.0362736,10.1875,Manchester City,2.75446,2.5556659999999995,1.2095791999999999,1.0880572000000002,2.4,2.1,0.8,0.8,1.5448808,1.4676087999999994,1.1722203319555586,0.8314751582872985,2.331454,2.0402335,1.1495316,1.314662,5.979166666666667
29142,2026-05-19 20:15:00,Chelsea,Tottenham,2,1,1.09262,2.15227,0.1187,0.2128,0.6685,Chelsea,1.1137078000000002,1.5901899,1.6591308000000002,1.4570554,0.4,0.8,2.2,1.9,-0.545423,0.13313449999999993,0.7229255608423295,0.9097180834718277,1.7827819999999999,2.071412,1.4399366,1.7240822999999998,10.322916666666666,Tottenham,1.250628,1.1659905,1.2310100000000002,1.655275,1.2,1.0,1.0,1.8,0.019617999999999913,-0.4892845000000001,0.2548842344477194,0.3615178574004174,1.0621422,1.1600222,1.35389,1.3160175,8.010416666666666
29153,2026-05-24 15:00:00,Manchester City,Aston Villa,1,2,1.38085,2.4397,0.1618,0.189,0.6492,Manchester City,2.485238,2.459935,1.0946232,1.2087478,2.2,2.0,0.8,0.8,1.3906147999999998,1.2511872000000002,1.3528409839925757,0.9235933894577198,2.779878,2.421342,1.0265828000000001,1.1118737,4.8125,Aston Villa,1.939602,1.713879,1.437126,1.5370903999999999,2.2,1.6,2.0,2.0,0.5024760000000001,0.17678860000000007,1.329110168322401,0.9927071503476402,1.3096092000000001,1.5587252,1.397884,1.848067,8.791666666666666
29155,2026-05-24 15:00:00,Sunderland,Chelsea,2,1,2.33109,0.920885,0.7359,0.1755,0.0886,Sunderland,1.1239574,1.2644005999999999,1.8526821999999998,1.5387333,1.4,1.2,2.2,1.4,-0.7287247999999997,-0.2743327000000002,0.3634574915554779,0.6175547570833431,1.2095492,1.2242148,1.2778642000000002,1.5798102,7.0,Chelsea,1.0880158000000002,1.4479179,1.6079067999999999,1.5710274000000002,0.8,0.9,1.8,1.9,-0.5198909999999997,-0.1231095000000002,0.7204340666800791,0.858780970690231,1.3975978000000002,1.9353369,1.4741742,1.5871771,4.78125
29154,2026-05-24 15:00:00,Nottingham Forest,Bournemouth,1,1,2.05852,1.33684,0.5595,0.2329,0.2076,Nottingham Forest,1.7206579999999998,1.3885801,1.8646102,1.7166529000000001,3.0,2.2,1.2,1.1,-0.1439522000000002,-0.32807280000000016,0.3666628409315558,0.4783762360853758,1.1026137999999999,1.2864335,1.3890771999999998,1.5023505,7.104166666666667,Bournemouth,2.0578586000000003,1.9962373000000002,1.2037038,1.4356867,1.8,1.4,0.8,0.8,0.8541548000000003,0.5605506000000002,0.8705542105663496,0.6444242352153591,1.7303508,1.9405634000000003,2.0079079999999996,2.0654227,4.8125
29152,2026-05-24 15:00:00,Liverpool,Brentford,1,1,2.99412,1.46082,0.7222,0.1661,0.1117,Liverpool,1.2071282,1.4579752000000001,1.8712048,1.7349916999999997,2.0,2.0,2.0,1.7,-0.6640765999999998,-0.27701649999999955,0.3811642991561502,0.5167645952496274,1.4978082000000001,1.8589091,1.3449208000000001,1.0910677999999998,8.791666666666666,Brentford,1.6257536000000001,1.6609887,1.9180304,1.6519742000000002,1.2,1.4,1.4,1.4,-0.2922767999999998,0.009014499999999925,0.6976926290242718,0.8846373930092676,1.0790734,1.3450593,1.956326,1.9152810000000002,7.0
29156,2026-05-24 15:00:00,Tottenham,Everton,1,0,1.40597,0.268476,0.7598,0.198,0.0422,Tottenham,1.4778859999999998,1.3428911,1.0943660000000002,1.432836,1.4,1.0,1.2,1.6,0.38351999999999964,-0.0899449000000001,0.43575552530059847,0.36869208870891707,1.2698388,1.3955293999999998,1.95666,1.8756080999999998,4.78125,Everton,1.540568,1.546272,1.8416159999999997,1.6612199,1.6,1.8,2.4,1.8,-0.30104799999999976,-0.11494789999999999,0.37759228735502504,0.42273016951452297,1.6746320000000001,1.5235349,2.082864,1.7953153,7.0
29150,2026-05-24 15:00:00,Crystal Palace,Arsenal,1,2,1.00492,3.90645,0.0213,0.0507,0.928,Crystal Palace,1.6834622000000004,1.5115137,1.8704100000000001,1.6025304999999999,1.0,1.1,2.6,1.7,-0.18694779999999978,-0.09101679999999979,1.166725295725262,1.1182050624598776,1.9443654000000001,1.8875548000000002,1.362231,1.5285856,7.0,Arsenal,1.9352197999999998,2.0295902000000003,1.1391769999999999,1.0924137,1.4,1.7,0.4,0.6,0.7960427999999999,0.9371765000000003,1.3424940114634403,1.1834217036894703,1.9122325999999998,1.9880073,1.0822002,0.8880851,5.791666666666667
29149,2026-05-24 15:00:00,Burnley,Wolverhampton Wanderers,1,1,1.28476,2.8433,0.0878,0.1555,0.7567,Burnley,0.7834030000000001,0.9917607,1.9857439999999997,2.045911,0.8,0.8,2.2,2.2,-1.2023409999999997,-1.0541502999999999,0.5916723350639267,0.5842398474445328,1.1997837999999998,1.2288899,2.210274,2.1033999999999997,5.791666666666667,Wolverhampton Wanderers,1.061098,1.149913,1.8508828000000002,2.0115844,0.4,0.8,1.8,1.7,-0.7897848000000001,-0.8616713999999999,0.6383028902202308,0.5865907749172332,1.0268342000000001,0.8795607000000001,2.6316580000000003,2.224592,7.0
29148,2026-05-24 15:00:00,Brighton,Manchester United,0,3,0.702398,2.32868,0.0517,0.1288,0.8195,Brighton,1.996582,1.7732908000000003,1.2502236000000002,1.0024384,1.8,1.6,1.2,0.9,0.7463583999999999,0.7708524000000003,0.5322731191972785,0.8226440895698318,2.0583936,1.5844765000000003,0.6231332,0.8587691000000002,7.0,Manchester United,1.9323968,1.8603303999999998,1.338968,1.4974439,1.8,1.8,1.0,1.3,0.5934288000000001,0.3628864999999999,1.5907046641472133,1.0892085853177165,1.1956348,1.3132082999999999,1.3625247999999999,1.2703212000000002,7.104166666666667
29151,2026-05-24 15:00:00,Fulham,Newcastle United,2,0,1.72878,0.24232,0.7857,0.1784,0.0359,Fulham,1.0911142000000003,1.4243002,1.9655437999999996,1.7036650999999998,0.4,0.7,1.0,1.0,-0.8744295999999994,-0.2793648999999998,0.33383947360101096,0.8770304559400433,1.7834466,1.5625915,1.255418,1.4767556000000002,7.0,Newcastle United,1.8788334,1.6051977000000002,1.659808,2.0043040000000003,1.6,1.5,1.2,1.4,0.21902540000000004,-0.39910630000000014,0.8324743417263977,0.6721486470975908,1.0666042,1.2523023,1.8388838,1.6639936,6.895833333333333
29157,2026-05-24 15:00:00,West Ham,Leeds,3,0,2.73135,1.94969,0.5581,0.2217,0.2202,West Ham,1.0979641999999998,1.2129626999999998,1.5369424,1.5424072,0.6,1.1,1.6,1.6,-0.4389782000000002,-0.32944450000000014,0.48928815313238444,0.634478053680355,1.7065204,1.7177412,1.1186456,1.2513162999999998,6.895833333333333,Leeds,1.8974052000000001,1.6257553999999999,1.3279028,1.2144686,2.0,1.2,0.8,0.7,0.5695024000000002,0.41128679999999984,1.0704777673427879,1.0008474033973187,1.6902160000000002,1.653623,1.309811,1.5569967999999998,7.0
