match_id,date,home_team,away_team,home_xg,away_xg,pred_home_xg,pred_away_xg,home_win_prob,draw_prob,away_win_prob,over_1_5_prob,over_2_5_prob,over_3_5_prob,btts_yes_prob,btts_no_prob,expected_total_goals,most_likely_home_goals,most_likely_away_goals,most_likely_score_prob
28792,2025-08-23 14:00:00,Bournemouth,Wolverhampton Wanderers,1.78462,0.373367,2.053993577862295,1.4105570730152155,0.51960295977152,0.22210418751522043,0.25829285271325964,0.8648482176735053,0.6725427212903752,0.45569293256573556,0.6635892475456818,0.3364107524543182,3.4645506508775106,1,1,0.09518062498396626
28793,2025-08-23 16:30:00,Arsenal,Leeds,2.73761,0.156761,2.3440276263646544,1.0720299474446413,0.6528700266929514,0.19246666286269112,0.15466331044435758,0.8590907714548005,0.6633355762794673,0.445130669643352,0.5987125465308695,0.40128745346913053,3.4160575738092955,2,1,0.09672585813373852
28794,2025-08-24 13:00:00,Crystal Palace,Nottingham Forest,1.10188,1.32987,1.7795677976915334,0.9446774488021328,0.564771121878934,0.24287447772214169,0.19235440039892443,0.7612185855945124,0.5122945666648632,0.29125811588106587,0.513593111439643,0.48640688856035696,2.724245246493666,1,1,0.11578810038408771
28795,2025-08-24 13:00:00,Everton,Brighton,1.80116,2.08487,1.8561007369001203,1.2888880439028678,0.5020962316844122,0.23710104023713025,0.26080272807845756,0.8266368578197097,0.608495520355685,0.38521201571334673,0.6163605835317848,0.3836394164682152,3.144988780802988,1,1,0.10818240358680146
28796,2025-08-24 15:30:00,Fulham,Manchester United,1.65333,1.54603,1.677927512760177,1.458647706159952,0.42414254465105,0.24607849994413067,0.3297789554048193,0.8256577784352936,0.6067016614505191,0.38333443919290516,0.6294347279557744,0.3705652720442256,3.136575218920129,1,1,0.11161343669758118
28797,2025-08-25 19:00:00,Newcastle United,Liverpool,1.96342,0.646559,2.414048382273525,1.7068632771435084,0.5325008250520789,0.1998540318225995,0.2676451431253217,0.9202290004010378,0.7790728750225544,0.5897687960734792,0.7486834925692987,0.25131650743070133,4.120911659417033,2,1,0.08072201372305447
28798,2025-08-30 11:30:00,Chelsea,Fulham,2.4324,0.736228,1.9606044574058543,1.1044718589559297,0.5675326802681261,0.22756123256621785,0.204906087165656,0.8154126651491391,0.5912276739682284,0.3673401405185239,0.5795414012327628,0.42045859876723723,3.0650763163617842,1,1,0.10606967171851793
28799,2025-08-30 14:00:00,Tottenham,Bournemouth,0.17067,2.1201,1.1325667970928872,1.7967304309665153,0.23362809785533717,0.24259542433478096,0.523776477809882,0.7954757754355309,0.5607830632192693,0.33693012532917727,0.5708255989529868,0.4291744010470132,2.9292972280594025,1,1,0.11417204368277807
28800,2025-08-30 14:00:00,Wolverhampton Wanderers,Everton,0.943257,2.03791,1.5600798216537792,1.093665854189506,0.47504395042979614,0.26453948384250786,0.26041656572769606,0.748828075737052,0.49497735926227726,0.27573730291759607,0.5312861719143297,0.4687138280856703,2.653745675843285,1,1,0.12609969281493422
28802,2025-08-30 14:00:00,Manchester United,Burnley,4.02237,1.32618,2.048759356341686,1.1878552430755784,0.5674962022455682,0.22105595622467494,0.21144784152975693,0.8382950012363579,0.6276813877843698,0.4056152291526305,0.610308331046548,0.389691668953452,3.2366145994172646,1,1,0.10041635018523003
28803,2025-08-30 16:30:00,Leeds,Newcastle United,0.6773,0.303635,1.0000568501235407,2.68125568039326,0.11297885505523038,0.16079775762631773,0.7262233873184518,0.885442512437219,0.711358126552339,0.5018831176063524,0.5922269498221806,0.4077730501778194,3.681312530516801,1,2,0.09056211432520246
28804,2025-08-31 13:00:00,Nottingham Forest,West Ham,0.716018,2.236,1.7648903838476953,0.9250097289896124,0.5661964669845267,0.24413364945623667,0.18966988355923659,0.7550419301699806,0.5038968783209993,0.2836805269323094,0.5056958247561073,0.4943041752438927,2.6899001128373077,1,1,0.11637124756711359
28805,2025-08-31 13:00:00,Brighton,Manchester City,2.20864,2.13418,1.651739267363514,1.6710151262836273,0.3763002912459228,0.23930329303032666,0.3843964157237505,0.8491251226744325,0.6451217380027752,0.42468151064293824,0.6612562261497192,0.33874377385028076,3.3227543936471413,1,1,0.10448610780966935
28806,2025-08-31 15:30:00,Liverpool,Arsenal,0.481404,0.485679,2.182644519189357,1.362950656881331,0.556954979235439,0.2126271851669087,0.2304178355976524,0.8731420597699117,0.6874978833882522,0.47316348844112066,0.6644937873562603,0.3355062126437397,3.5455951760706883,2,1,0.09366812616522983
28807,2025-08-31 18:00:00,Aston Villa,Crystal Palace,1.20586,2.59713,1.9596540284619128,1.4360990540322909,0.4935674064878235,0.2284758330615221,0.2779567604506544,0.8573899961409792,0.6594377071948397,0.44071021040003916,0.659469591601548,0.34053040839845194,3.3957530824942035,1,1,0.09903744372630545
28808,2025-09-13 11:30:00,Arsenal,Nottingham Forest,2.8817,0.293681,1.813356131679642,1.1704478048612288,0.5189074740618411,0.2411026480099373,0.2399898779282215,0.8037886701823367,0.5731700968218808,0.34913735824457404,0.5826355846296671,0.41736441537033286,2.9838039365408706,1,1,0.11276552496927345
28809,2025-09-13 14:00:00,Newcastle United,Wolverhampton Wanderers,1.19186,0.375942,2.397770997035029,1.2012439512190023,0.6344258744155005,0.19257249768301016,0.1730016279014895,0.878147653225943,0.6970657564934893,0.484552545199818,0.6395468400927043,0.36045315990729565,3.5990149482540312,2,1,0.09445019450577642
28810,2025-09-13 14:00:00,Bournemouth,Brighton,1.44187,0.624923,2.0311759346415985,1.3932027456042044,0.5183881066082957,0.22373161537310712,0.25788027801859714,0.8605071025236051,0.6649357955569342,0.44695932600379246,0.6577168528997586,0.34228314710024144,3.4243786802458027,1,1,0.09677577862453547
28812,2025-09-13 14:00:00,Everton,Aston Villa,1.8927,0.354327,2.053608789417595,1.269415018634357,0.5502493059155156,0.22159229236367417,0.22815840172081028,0.8488787872702246,0.6451726027099157,0.4247364357096437,0.6314736903730873,0.3685263096269127,3.3230238080519516,1,1,0.0986607445172102
28813,2025-09-13 14:00:00,Fulham,Leeds,1.13979,0.830398,1.7821543604117676,1.0436842552967072,0.5413155148960888,0.24367757632355205,0.2150069087803592,0.7787953248470911,0.5366814300552124,0.3138143407379348,0.5443396505663681,0.4556603494336319,2.8258386157084745,1,1,0.11573344300180637
28814,2025-09-13 16:30:00,West Ham,Tottenham,0.793248,1.51402,1.3970863619024094,1.3740045391549387,0.3720978671682228,0.2663207528203663,0.36158138001141094,0.7699611611433611,0.5236265621913486,0.30163738466164997,0.5681934231197315,0.43180657688026847,2.771090901057348,1,1,0.12616283958703262
28815,2025-09-13 19:00:00,Brentford,Chelsea,1.17533,0.755999,1.3083828445296302,1.63043412350077,0.3019686615415406,0.25369061571012597,0.4443407227483333,0.797170223609883,0.5629629779394193,0.3390625264646875,0.5924722410480151,0.4075277589519849,2.9388169680304,1,1,0.11855394219323322
28816,2025-09-14 13:00:00,Burnley,Liverpool,0.168041,2.79492,1.0540027781465688,2.103484007477605,0.1768854156115202,0.2133573573907964,0.6097572269976833,0.8278843146305668,0.6111479424474756,0.387996335528876,0.5766760457545203,0.42332395424547975,3.157486785624174,1,2,0.09917833950141414
28817,2025-09-14 15:30:00,Manchester City,Manchester United,1.99725,1.51915,1.904168475945029,1.0383939704420826,0.5705750260700042,0.23179896346799367,0.19762601046200212,0.7973190222667428,0.5638168286050809,0.33989858451615235,0.5549738455412278,0.44502615445877225,2.942562446387112,1,1,0.10947639645411758
28818,2025-09-20 11:30:00,Liverpool,Everton,1.06166,0.721371,2.1938656220250308,0.9055951173206928,0.66263080202582,0.1992010350745167,0.13816816289966316,0.8196969653625426,0.5987123672402382,0.3750273710173255,0.5337636410415033,0.4662363589584967,3.0994607393457234,2,0,0.10847252163564462
28819,2025-09-20 14:00:00,West Ham,Crystal Palace,0.466365,2.33565,1.184944290329245,1.9998522272189296,0.21723332093342315,0.22516648232188607,0.5576001967446907,0.8317075431136369,0.6169110143835373,0.3940891032851871,0.6051711431635944,0.39482885683640556,3.1847965175481745,1,1,0.10297912890165396
28820,2025-09-20 14:00:00,Wolverhampton Wanderers,Leeds,1.5661,0.456988,2.0544679007156894,1.1400247944817723,0.5796139330882826,0.21978182464263504,0.20060424226908252,0.8328771418724733,0.6189416195138223,0.3962476122400796,0.5978142335294264,0.4021857664705736,3.1944926951974617,1,1,0.10079918918440568
28821,2025-09-20 14:00:00,Brighton,Tottenham,1.40466,1.19181,1.689908598135788,1.1375467401685064,0.4971323019666404,0.2521189276961361,0.25074877033722354,0.7792416774600142,0.5370643700966012,0.31417542751653155,0.5597086427422024,0.44029135725779756,2.8274553383042944,1,1,0.11941923319496091
28822,2025-09-20 14:00:00,Burnley,Nottingham Forest,1.14159,0.830779,1.5365029590763375,1.5697374489299845,0.36830264250839323,0.24900449281834838,0.38269286467325836,0.8215665682187763,0.6001855445535019,0.3765547799120027,0.6269357032179276,0.3730642967820724,3.1062404080063217,1,1,0.11337761670032027
28824,2025-09-20 16:30:00,Manchester United,Chelsea,1.34458,0.469843,1.961311309183861,1.0458109933998876,0.5814605463772456,0.22646788927009076,0.19207156435266348,0.8069814837703084,0.5784007841310964,0.3543593092199367,0.5624224053071455,0.4375775946928545,3.0071223025837486,1,1,0.10646710200398019
28825,2025-09-20 19:00:00,Fulham,Brentford,1.52431,0.826556,1.1175076960291783,1.9969820895650163,0.20306485537475066,0.22448267644145478,0.5724524681837947,0.8222648136326169,0.6019619865646232,0.3783951785370432,0.5865164880141885,0.41348351198581146,3.114489785594195,1,1,0.10404275307560583
28823,2025-09-21 13:00:00,Bournemouth,Newcastle United,0.55066,0.153629,1.455460016622934,1.5510821850190188,0.3522162601250016,0.2535664985960062,0.3942172412789922,0.8074096872765023,0.5782735512123515,0.3542330764411798,0.6097339586695961,0.3902660413304039,3.0065422016419525,1,1,0.11724658718661916
28827,2025-09-21 15:30:00,Arsenal,Manchester City,0.718575,1.1227,1.6300303003334935,0.9894419805058112,0.5175974567245882,0.258839987919552,0.22356255535585992,0.7422266395102832,0.48644714614003237,0.268240311531529,0.5110074090946437,0.4889925909053563,2.6194722808393047,1,1,0.12335407124869562
28828,2025-09-27 11:30:00,Brentford,Manchester United,2.78726,2.23609,1.57249607089638,1.1637561648732258,0.4620265116049816,0.26193704472403995,0.27603644367097846,0.7637732096922327,0.515213433220752,0.2939150261350111,0.5509056245714744,0.4490943754285256,2.736252235769606,1,1,0.12453803603548805
28829,2025-09-27 14:00:00,Chelsea,Brighton,2.02653,2.4751,1.7913667147391308,1.413465460728898,0.4602077635662836,0.24007228882102885,0.29971994761268755,0.8345631459335594,0.6211025828926696,0.3985538486403955,0.6356701588024755,0.36432984119752454,3.2048321754680287,1,1,0.10784983935158281
28830,2025-09-27 14:00:00,Crystal Palace,Liverpool,3.53323,3.10176,1.6816599300247494,1.5300139496218097,0.4105809128062713,0.24346576373737308,0.34595332345635554,0.8354981157003705,0.6225264175313981,0.4000767148478453,0.6428743811824922,0.3571256188175078,3.2116738796465594,1,1,0.10884578771525494
28832,2025-09-27 14:00:00,Leeds,Bournemouth,2.04728,1.06033,1.234544541413885,1.6090765023906943,0.2875061875351912,0.2572324828580459,0.4552613296067629,0.7820274061312104,0.5408786121194541,0.3177807103508038,0.5729568557481014,0.4270431442518986,2.8436210438045793,1,1,0.12142394341388944
28833,2025-09-27 14:00:00,Manchester City,Burnley,3.22133,0.509491,2.348146150927611,0.6931516298343874,0.7403774022466061,0.17129363617748838,0.08832896157590549,0.8108167816557951,0.5859836988547792,0.3619970448201196,0.4561151980512652,0.5438848019487348,3.0412977807619983,2,0,0.1317094118694111
28834,2025-09-27 16:30:00,Nottingham Forest,Sunderland,1.4203,1.94154,1.5420635413730055,1.3164916082318197,0.42074104275360596,0.2596824870094531,0.31957647023694086,0.7845271454203404,0.5443859278067642,0.3211139969578185,0.5811595979203584,0.41884040207964157,2.8585551496048254,1,1,0.12225181509602696
28835,2025-09-27 19:00:00,Tottenham,Wolverhampton Wanderers,0.818711,1.15951,1.5905708803837773,1.328257303349561,0.4302798743269761,0.25591593456717293,0.3138041911058509,0.7940990263861659,0.5583798620123344,0.33458821979776865,0.5909528868786537,0.40904711312134634,2.9188281837333383,1,1,0.1197826892516191
28831,2025-09-28 13:00:00,Aston Villa,Fulham,1.36575,0.952612,1.7005769268304154,1.557740885345117,0.40949922560675883,0.24148502107176467,0.34901575332147644,0.8413475817334708,0.6321329320490386,0.4104354450343529,0.6503563688049804,0.3496436311950196,3.258317812175532,1,1,0.10695780783089225
28836,2025-09-28 15:30:00,Newcastle United,Arsenal,0.739851,2.07048,1.6605664256828057,1.906641012173796,0.33616047600504795,0.22782625166176754,0.4360132723331846,0.8755156038043687,0.6914025254051616,0.47779414231099676,0.6940934901821606,0.3059065098178394,3.5672074378566014,1,1,0.09386397259466263
28837,2025-09-29 19:00:00,Everton,West Ham,0.909703,0.775766,1.660541158902561,1.014516842604115,0.5190671354841169,0.2556574343115822,0.22527543020430074,0.7525815799292899,0.5002452576812143,0.2804157087637649,0.5220928253740199,0.4779071746259801,2.6750580015066756,1,1,0.12188097376848697
28838,2025-10-03 19:00:00,Bournemouth,Fulham,1.33458,0.84335,1.7366645728555428,1.1722403635296097,0.5004072890459145,0.24771316670354748,0.2518795442505381,0.7923768943258804,0.5560932970388285,0.3323670365556743,0.5743070756434704,0.4256929243565296,2.9089049363851522,1,1,0.11657395831599596
28844,2025-10-04 11:30:00,Leeds,Tottenham,1.48051,0.688198,1.5677496964359248,1.228455354157519,0.4463037029972828,0.26064897071678855,0.2930473262859287,0.7741526074227326,0.5296407700463149,0.30721772927617486,0.5656608469915217,0.43433915300847825,2.7962050505934437,1,1,0.12343814272353922
28839,2025-10-04 14:00:00,Arsenal,West Ham,3.0585,0.864549,1.7876432316748874,0.8441811101823108,0.5918404663095349,0.23989981415186803,0.16825971953859714,0.744128818798014,0.48952860054917796,0.270936767735579,0.4801121877913366,0.5198878122086634,2.631824341857198,1,0,0.12318733479934423
28845,2025-10-04 14:00:00,Manchester United,Sunderland,1.9298,0.807119,1.4668647102727097,1.0493834062149725,0.46128037596305,0.2743718673170477,0.2643477567199023,0.7222363350208578,0.4603477079328117,0.24590234179492676,0.5061767612512216,0.4938232387487784,2.516248116487682,1,1,0.1305332286580708
28842,2025-10-04 16:30:00,Chelsea,Liverpool,1.23721,2.05981,1.7709302681132912,1.1649833031078962,0.5102145089508295,0.24479698658714627,0.24498850446202425,0.7965481885053973,0.5622984715462109,0.3384115780860823,0.5764551201251967,0.42354487987480327,2.9359135712211875,1,1,0.11499013455311323
28840,2025-10-05 13:00:00,Aston Villa,Burnley,1.73572,0.502292,1.823143246193,0.9680453804389472,0.5691522142690246,0.23869923781776098,0.1921485479132144,0.772830040930476,0.5284415986011265,0.30610035841799443,0.5254195565513784,0.4745804434486216,2.7911886266319472,1,1,0.11368666393397477
28843,2025-10-05 13:00:00,Everton,Crystal Palace,2.13876,2.17789,1.5459550405431055,1.2690970420492258,0.4319102660193653,0.2610594205339542,0.3070303134466804,0.7773483402409528,0.5341262307228868,0.31141258138621797,0.5715841523476837,0.42841584765231633,2.8150520825923313,1,1,0.12340131058175965
28846,2025-10-05 13:00:00,Newcastle United,Nottingham Forest,3.81662,0.337689,2.351031292083635,1.086004306545284,0.6510570549344303,0.19240413876021278,0.15653880630535694,0.8614060788392689,0.6673377767955766,0.4497017312013713,0.6034298763532852,0.39657012364671484,3.4370355986289187,2,1,0.0965268995168148
28847,2025-10-05 13:00:00,Wolverhampton Wanderers,Brighton,0.369404,1.39158,1.1853331182813895,1.6550909644039635,0.26783421466635887,0.2545002194100612,0.47766556592357984,0.7814441226789318,0.5401256566630281,0.3170673293294752,0.5674103235987679,0.43258967640123214,2.8404240826853533,1,1,0.12030168730880217
28841,2025-10-05 15:30:00,Brentford,Manchester City,0.693758,1.09647,1.7311071730120928,1.4647479740381246,0.43544059290545306,0.24268360935432362,0.3218757977402233,0.8334462578492926,0.6192295545196546,0.3965558755479958,0.6378960424772521,0.36210395752274793,3.1958551470502172,1,1,0.10897704717005012
28854,2025-10-18 11:30:00,Nottingham Forest,Chelsea,2.0555,2.5583,1.1888895782700566,1.213186423690752,0.349352652732703,0.2895129122109541,0.3611344350563429,0.6985394008688279,0.43083347987915876,0.22171101709172314,0.49525067808541157,0.5047493219145884,2.4020760019608085,1,1,0.13710398020579767
28848,2025-10-18 14:00:00,Brighton,Newcastle United,0.857104,1.28313,1.707055928504909,1.6046629593344248,0.40179040403822935,0.2394747257340112,0.3587348702277594,0.8478152330210281,0.6429205369131361,0.4222475429365707,0.6590894496403822,0.3409105503596178,3.3117188878393335,1,1,0.10484818570868162
28849,2025-10-18 14:00:00,Burnley,Leeds,0.509647,2.33152,1.32266416080166,1.751143474038277,0.285152372324379,0.24458984807829523,0.4702577795973258,0.8169629140080962,0.5931398762432878,0.3692975407062166,0.611600042638288,0.38839995736171196,3.073807634839937,1,1,0.11246672246872191
28850,2025-10-18 14:00:00,Crystal Palace,Bournemouth,4.56284,2.0471,2.0586863139450653,1.1851193542663825,0.5702355235933391,0.22017551312319836,0.20958896328346266,0.8391850391792763,0.6291593318766291,0.4072114216822551,0.6104424417162961,0.38955755828370386,3.243805668211448,1,1,0.09994921616884499
28853,2025-10-18 14:00:00,Manchester City,Everton,2.4799,0.794622,1.9888585684603344,1.253038602692961,0.5398480129013178,0.22664570724711652,0.2335062798515657,0.8390551754568084,0.6287685144210577,0.40678952360264936,0.6214726218775429,0.37852737812245707,3.2418971711532953,1,1,0.1022876184338715
28855,2025-10-18 14:00:00,Sunderland,Wolverhampton Wanderers,1.02481,0.676323,1.5328527753614083,1.4471691660621386,0.39141746732040117,0.2549527209887956,0.3536298116908033,0.803481188688572,0.5723186711680174,0.3482915931968605,0.605271019494692,0.394728980505308,2.980021941423547,1,1,0.11830481584098711
28851,2025-10-18 16:30:00,Fulham,Arsenal,0.502332,2.07823,1.1447518990871222,1.5981533809243211,0.26705470281409177,0.26012289950268136,0.47282239768322687,0.7649095934248312,0.5168261432656884,0.29538770453757535,0.5496997152085982,0.45030028479140183,2.7429052800114433,1,1,0.12367757444099267
28856,2025-10-19 13:00:00,Tottenham,Aston Villa,1.51461,0.352231,1.7374154343767656,1.263450134687642,0.48001401943384203,0.24659182128895415,0.2733941592772039,0.8064402639190935,0.5770028232361666,0.35296051849603777,0.5965517451054309,0.40344825489456915,3.0008655690644073,1,1,0.11465493186751276
28852,2025-10-19 15:30:00,Liverpool,Manchester United,2.60972,2.53117,1.864256834412639,1.0358271833155686,0.5621817019116526,0.23561927560709298,0.20219902248125446,0.7907341150088698,0.5540543008615181,0.33039246130679273,0.5503863286967302,0.4496136713032698,2.9000840177282075,1,1,0.11155620973549907
28857,2025-10-20 19:00:00,West Ham,Brentford,0.260251,3.46635,1.362311059341148,1.523380627140872,0.3344219725808111,0.259149725144004,0.40642830227518506,0.7889072113964147,0.5507185299176884,0.32717663357934657,0.5875657868278393,0.41243421317216067,2.88569168648202,1,1,0.12162823541801243
28864,2025-10-24 19:00:00,Leeds,West Ham,2.2214,0.498653,1.8972701085908632,1.0114248794992189,0.5754791485798743,0.23199786627469413,0.1925229851454315,0.792025492734035,0.5560435948817423,0.33231817278601394,0.5461021650496781,0.4538978349503219,2.9086949880900823,1,1,0.10990669152319958
28862,2025-10-25 14:00:00,Chelsea,Sunderland,1.21332,1.5506,2.0201954314160533,1.1163429910425768,0.5777369135175557,0.22238344275144312,0.19987964373100126,0.8252341670943762,0.6066910040923528,0.3833218360473253,0.5882249373330405,0.4117750626669595,3.13653842245863,1,1,0.102849687096008
28866,2025-10-25 14:00:00,Newcastle United,Fulham,2.76806,1.52001,1.9332207642713963,1.007240503963869,0.5844739210135372,0.22837939628616963,0.18714668270029322,0.7969241568764194,0.5633366457981681,0.33942757949436736,0.5480786103559712,0.45192138964402884,2.940461268235265,1,1,0.10803897903465826
28865,2025-10-25 16:30:00,Manchester United,Brighton,1.96231,0.947154,2.126148163424256,1.579315389298501,0.4997523003281983,0.21681407485722237,0.2834336248145794,0.8884247863633865,0.7154859463282313,0.5069789094945386,0.7033035506123987,0.2966964493876013,3.7054635527227573,2,1,0.08777488155044709
28861,2025-10-25 19:00:00,Brentford,Liverpool,3.27126,2.11838,1.7151346854739489,1.2753641477500424,0.47205867257297696,0.24812295255182612,0.27981837487519695,0.8049249578744171,0.5746770013136252,0.3506381018147225,0.5964906174273749,0.40350938257262514,2.9904988332239912,1,1,0.1154424412830713
28858,2025-10-26 13:00:00,Bournemouth,Nottingham Forest,0.656601,0.305493,2.3985204097921717,1.3265196722141726,0.6076137397090905,0.19599201164415175,0.19639424864675775,0.8899003298702752,0.7187680518720816,0.5110396358553319,0.6716936513289778,0.32830634867102215,3.7250400820063443,2,1,0.09200784214726847
28859,2025-10-26 13:00:00,Arsenal,Crystal Palace,0.856175,0.350534,1.9067749400314096,1.0548680726613269,0.5672445009781102,0.23181246204372455,0.20094303697816526,0.8002507541780133,0.5681593375712505,0.3441717317298231,0.560139123752702,0.43986087624729797,2.961643012692736,1,1,0.1092607039032638
28860,2025-10-26 13:00:00,Aston Villa,Manchester City,0.843906,1.36914,1.4445862793235449,1.8687621048642589,0.29418113504782367,0.23441357620688366,0.4714052887452927,0.8479312553114564,0.6432455051682455,0.42260602313068873,0.651147788775007,0.348852211224993,3.3133483841878038,1,1,0.1031620528749613
28867,2025-10-26 13:00:00,Wolverhampton Wanderers,Burnley,2.58132,1.54544,2.0995322001746333,1.0142829773281588,0.618225903942349,0.21253320390273459,0.16924089215491644,0.8219471267360945,0.6018148042664089,0.3782414070801249,0.5639849117136526,0.4360150882863474,3.113815177502792,1,1,0.099349081976713
28863,2025-10-26 15:30:00,Everton,Tottenham,1.4032,2.09327,1.4233441852556996,1.3619652528888633,0.3812487540703873,0.26540094127966063,0.3533503046499521,0.7723898458223661,0.5270368607443116,0.30479553414666977,0.5706273735573323,0.4293726264426677,2.785309438144563,1,1,0.1256090633482603
28868,2025-11-01 15:00:00,Brighton,Leeds,2.64127,0.35919,1.8163896701794957,1.204463883833769,0.5118465177736409,0.24075095721613984,0.24740252501021928,0.809277953428115,0.5814642612323055,0.3574378400276675,0.5916284614013817,0.4083715385986183,3.0208535540132644,1,1,0.1120091703329192
28869,2025-11-01 15:00:00,Burnley,Arsenal,0.679177,2.51649,0.7953558275922192,2.7010380685310253,0.08158794624907795,0.14647850301153048,0.7719335507393916,0.8669694770280632,0.6784465732699242,0.46252424817944676,0.5150014159440329,0.4849985840559671,3.4963938961232444,0,2,0.1105653775042517
28870,2025-11-01 15:00:00,Crystal Palace,Brentford,0.734558,0.820498,1.9461303589957504,1.3203681051649316,0.5155012293058647,0.23008519065633465,0.25441358003780074,0.8421760181023298,0.633798676409281,0.41224613241730107,0.6331765969971892,0.3668234030028108,3.266498464160682,1,1,0.10290509269303062
28871,2025-11-01 15:00:00,Fulham,Wolverhampton Wanderers,1.91207,0.209934,1.3438635591504278,1.2078448548781866,0.3927373431375558,0.2787309321543176,0.3285317247081265,0.7294762069257125,0.4693805563756085,0.25353201697384314,0.5245979491183941,0.4754020508816059,2.5517084140286146,1,1,0.13285039740628637
28874,2025-11-01 15:00:00,Nottingham Forest,Manchester United,1.55066,0.91622,1.0142127097489493,2.133005777841827,0.1655510114480045,0.2093771762109849,0.6250718123410106,0.8264333152725872,0.6089660545481786,0.38570328358748895,0.566449990218291,0.433550009781709,3.1472184875907763,1,2,0.09914481264890583
28876,2025-11-01 17:30:00,Tottenham,Chelsea,0.146954,3.34251,1.7236960731890254,1.289832196229327,0.4709193514489316,0.24721423505510917,0.28186641349595914,0.808322969237509,0.5798330461621484,0.35579755761903864,0.6008554371390478,0.39914456286095223,3.0135282694183525,1,1,0.11466357128685543
28872,2025-11-01 20:00:00,Liverpool,Aston Villa,1.47021,0.43502,1.850902283263266,1.2821413664899486,0.5023971664419942,0.23754957260492535,0.26005326095308035,0.8250324298041274,0.6059458463092655,0.38254421999133775,0.614218166592226,0.38578183340777406,3.1330436497532146,1,1,0.10860428148078398
28877,2025-11-02 14:00:00,West Ham,Newcastle United,1.41383,0.523615,0.5699992978253458,1.7123485427871834,0.11386369827614168,0.23870980124028057,0.6474265004835779,0.6700342870051549,0.3992736186255068,0.19707228029061064,0.36105679726037715,0.6389432027396229,2.282347840612529,0,1,0.16975585578131594
28873,2025-11-02 16:30:00,Manchester City,Bournemouth,2.48999,0.899846,1.956007253162457,1.385507278086515,0.5035544408953615,0.22909700354019583,0.2673485555644426,0.8511762732055302,0.648840145691099,0.4288108338686769,0.6485583346711794,0.3514416653288206,3.341514531248972,1,1,0.10068628104098605
28875,2025-11-03 20:00:00,Sunderland,Everton,1.18068,1.00741,1.1981316180273307,1.5353380822299625,0.2910167652745154,0.2641201053721829,0.4448631293533015,0.7633268559448306,0.5145381346821843,0.29329945324945644,0.5538308186918492,0.44616918130815075,2.7334697002572934,1,1,0.12553573496243817
28886,2025-11-08 12:30:00,Tottenham,Manchester United,1.35532,0.820256,1.4167525202613953,1.7578255247347303,0.3060887086749787,0.24221357289463555,0.45169771843038586,0.8306595443628212,0.6147642905991206,0.39181490938300023,0.6320981410877956,0.3679018589122044,3.1745780449961254,1,1,0.10933483550383508
28882,2025-11-08 15:00:00,Everton,Fulham,2.30607,0.424478,1.622942035697536,1.058574154768598,0.49917297433264435,0.25910219164157033,0.2417248340257853,0.7538464332094134,0.5018362504309994,0.281836163191325,0.5300723115489596,0.4699276884510404,2.6815161904661338,1,1,0.1234941620018841
28887,2025-11-08 15:00:00,West Ham,Burnley,2.96728,1.87478,1.829540700207165,0.8124545923991684,0.6095133036174347,0.23414391475814952,0.1563427816244158,0.7459127865666608,0.492059446945629,0.2731611051322145,0.47225706097144243,0.5277429390285575,2.6419952926063335,1,0,0.12500549492995897
28885,2025-11-08 17:30:00,Sunderland,Arsenal,1.20495,2.32943,0.7983460104213442,1.999625830518748,0.135724238505878,0.21437742799679516,0.6498983334973268,0.7734380197544268,0.5300588150511818,0.30760562439532785,0.4803379403507525,0.5196620596492475,2.797971840940092,0,2,0.1218224563668367
28880,2025-11-08 20:00:00,Chelsea,Wolverhampton Wanderers,3.98342,0.111462,1.8654224948464972,0.9210858305132292,0.5903209991577166,0.23330763391373066,0.17637136692855265,0.7719087786474585,0.5273219877383327,0.3050593363780796,0.5140135313033295,0.4859864686966705,2.7865083253597263,1,1,0.11119962336064942
28878,2025-11-09 14:00:00,Aston Villa,Bournemouth,1.88282,2.00992,1.6134847175701394,1.2659806525960735,0.4494124276387005,0.25608809901921414,0.2944994733420855,0.7878466373020244,0.5492700105876027,0.32578472395877595,0.5807459017087838,0.4192540982912162,2.879465370166213,1,1,0.12046082437314802
28879,2025-11-09 14:00:00,Brentford,Newcastle United,2.73729,0.432277,2.0185356480836143,1.23628546775244,0.5500696244296427,0.22412411699095722,0.22580625857940004,0.8406294444745838,0.6314163024567224,0.4096562898892311,0.620090644405293,0.37990935559470695,3.2548211158360543,1,1,0.1011108125112657
28881,2025-11-09 14:00:00,Crystal Palace,Brighton,0.839547,0.637037,1.8453071774706864,1.396396569594577,0.4762670413221519,0.2367226294202993,0.2870103292575487,0.8391977183053552,0.6287301803469612,0.4067488238917686,0.6386700221127746,0.36132997788722543,3.241703747065263,1,1,0.1057826702317096
28884,2025-11-09 14:00:00,Nottingham Forest,Leeds,2.49097,0.419461,1.05860266868598,1.4513856961619716,0.2693754245624994,0.2756077284746578,0.4550168469628429,0.7209892543804634,0.45874625778300343,0.24456081027417648,0.5063266534306914,0.4936733465693086,2.5099883648479517,1,1,0.1311086084002753
28883,2025-11-09 16:30:00,Manchester City,Liverpool,1.59542,1.0281,1.708662616075772,1.1747485564171412,0.49311044950803473,0.25009414483012415,0.25679540566184117,0.7883622056912817,0.5501878623738686,0.3266661211167831,0.5715535179953485,0.4284464820046515,2.883411172492913,1,1,0.11790760784355751
28891,2025-11-22 12:30:00,Burnley,Chelsea,0.660943,1.72093,0.9740351518129856,2.35089861188159,0.13617473320885312,0.18763823712186142,0.6761870296692855,0.8485243753257441,0.6455436422599486,0.42514296560273224,0.5672518284178092,0.4327481715821908,3.3249337636945757,0,2,0.0994152440556538
28888,2025-11-22 15:00:00,Bournemouth,West Ham,3.48299,0.390782,2.219187930802786,1.1697651365805968,0.606841640588715,0.2063089156079816,0.18684944380330343,0.8562759952537471,0.6581170072259679,0.4392143108687007,0.6189851253100943,0.3810148746899057,3.388953067383383,2,1,0.0971991662337301
28890,2025-11-22 15:00:00,Brighton,Brentford,0.977488,2.19979,1.468925256821028,1.318332302407003,0.40189631803713005,0.26458213795826335,0.3335215440046066,0.7727066269463467,0.5275030293083715,0.30522847812903947,0.5697994193291396,0.4302005806708604,2.7872575592280313,1,1,0.12523438206844964
28892,2025-11-22 15:00:00,Fulham,Sunderland,2.83729,0.222768,1.6292810623640166,1.4685561995530363,0.4105067902272344,0.2485978636873347,0.34089534608543093,0.8203968265912736,0.5983678537575304,0.3746752403945164,0.6242194111209576,0.3757805888790424,3.0978372619170527,1,1,0.11342348195948448
28894,2025-11-22 15:00:00,Liverpool,Nottingham Forest,1.79273,1.19459,1.6941539733612978,0.8314791968089801,0.5729880579051354,0.2504624769338784,0.17654946516098616,0.7235570812719689,0.4627441892708138,0.24791574378843448,0.46648323268482506,0.533516767315175,2.525633170170278,1,0,0.1299103347139783
28897,2025-11-22 15:00:00,Wolverhampton Wanderers,Crystal Palace,1.66409,1.44933,1.1135578274804168,1.7469053301987825,0.23643430861541653,0.24712777206604153,0.5164379193185419,0.7845855293267494,0.5448321951057081,0.3215389954493496,0.5601085010050157,0.43989149899498425,2.8604631576791992,1,1,0.11692008324676967
28896,2025-11-22 17:30:00,Newcastle United,Manchester City,2.40555,2.45648,2.1940093903797324,1.4308029133125009,0.5448085888057561,0.2123788167922616,0.24281259440198238,0.880911071392655,0.7016162961995741,0.49003470666860965,0.6802503068678784,0.31974969313212165,3.6248123036922335,2,1,0.09179083913893003
28893,2025-11-23 14:00:00,Leeds,Aston Villa,1.84668,1.35978,1.8059605120083464,1.3429480083277756,0.4786895748985832,0.24027607813234667,0.28103434696907004,0.8272178586354746,0.6093301316840831,0.38608768760292417,0.6227092370512164,0.3772907629487836,3.1489085203361222,1,1,0.10924577135772719
28889,2025-11-23 16:30:00,Arsenal,Tottenham,2.27827,0.0300672,1.7352942604866075,0.9586504042300528,0.5508517776657268,0.24772616681288728,0.20142205552138587,0.7558621006584558,0.5048899071445726,0.2845716820973028,0.51347908963609,0.48652091036391,2.6939446647166605,1,1,0.1181022988620684
28895,2025-11-24 20:00:00,Manchester United,Everton,2.2737,0.155063,2.202021752369854,1.476526163056565,0.5368311249743262,0.21207678159675275,0.25109209342892114,0.8859256782193562,0.7109126817626451,0.501350065199683,0.6903550899316765,0.3096449100683235,3.678547915426419,2,1,0.09042534434430703
28899,2025-11-29 15:00:00,Brentford,Burnley,3.72106,0.874025,2.265324699182232,0.9541707584518184,0.6648987905806628,0.19458785455159497,0.14051335486774208,0.835640834236864,0.6241404451611454,0.40180215055128615,0.5553663182738533,0.4446336817261467,3.21949545763405,2,0,0.10257298524485269
28903,2025-11-29 15:00:00,Manchester City,Leeds,2.85292,1.75142,1.6128174238240314,1.329358814926567,0.43551483451426815,0.25433334206360375,0.31015182342212816,0.7977016909491976,0.5637304086962742,0.33981475789688353,0.5944334020225263,0.40556659797747374,2.9421762387505983,1,1,0.11875348802099195
28905,2025-11-29 15:00:00,Sunderland,Bournemouth,1.16955,1.79274,1.425599380803048,1.450755238010418,0.36408692995609104,0.2605525729122439,0.3753604971316651,0.7874330036147451,0.5485455743571407,0.32508988577251435,0.5874081746975116,0.4125918253024884,2.8763546188134663,1,1,0.12234784536651218
28902,2025-11-29 17:30:00,Everton,Newcastle United,1.01125,2.45882,1.7633453840334712,1.6370544447197837,0.40842816897574047,0.23560396826906882,0.35596786275519077,0.858017420006813,0.6603359236508008,0.44172820263743723,0.6721518461635795,0.3278481538364205,3.4003998287532546,1,1,0.10111523554987278
28906,2025-11-29 20:00:00,Tottenham,Fulham,1.04396,0.494736,1.3567697414807112,1.3054367519719146,0.37561923003316616,0.27256410100791284,0.35181666895892116,0.7505805646802232,0.49707238845154605,0.27759361346991596,0.5474295432721821,0.4525704567278179,2.6622064934526257,1,1,0.12979855164984477
28901,2025-11-30 12:00:00,Crystal Palace,Manchester United,2.13561,1.47768,1.7702417626648004,1.4360779925977445,0.45054166637020177,0.24096525466209712,0.3084930789677011,0.8347694493235924,0.6214124956585724,0.3988850499787418,0.6375030303333246,0.36249696966667544,3.2063197552625446,1,1,0.10812204435825969
28898,2025-11-30 14:05:00,Aston Villa,Wolverhampton Wanderers,1.15486,0.692588,1.454598573879936,1.154133875378311,0.4339034421703771,0.2722365011812289,0.293860056648394,0.7404771336265578,0.48376021002409664,0.2658992267430658,0.5309834527361466,0.46901654726385344,2.6087324492582473,1,1,0.12978686249585106
28904,2025-11-30 14:05:00,Nottingham Forest,Brighton,0.960325,2.0572,1.4102492752899098,1.3669220155060933,0.37689628752249194,0.26592789529177724,0.357175817185731,0.7710025425610219,0.5250865981578532,0.30298749079773835,0.5692379382666495,0.4307620617333505,2.7771712907960033,1,1,0.1259270370274193
28907,2025-11-30 14:05:00,West Ham,Liverpool,0.364152,1.56793,0.9527836538543308,2.1867030706437003,0.14789018600748968,0.2019704917250708,0.6501393222674395,0.8252473738733359,0.6073167892540606,0.38397443913567963,0.5498627059947107,0.45013729400528935,3.139486724498031,0,2,0.10353710395537156
28900,2025-11-30 16:30:00,Chelsea,Arsenal,0.791914,1.22828,1.8200457412951747,1.2890236153388617,0.49375702398106375,0.23987745216663164,0.2663655238523045,0.8217970502825198,0.6007954236963005,0.37718611710462163,0.612320786910953,0.38767921308904696,3.1090693566340364,1,1,0.1099720624404909
28908,2025-12-02 19:30:00,Bournemouth,Everton,0.635415,1.19573,1.7232720279676046,1.0748136040323235,0.5198997565707084,0.2494099986912064,0.23069024473808522,0.7742375322835312,0.5300888692126176,0.3076352306760961,0.546726175143893,0.453273824856107,2.7980856319999283,1,1,0.11849064189904879
28912,2025-12-02 19:30:00,Fulham,Manchester City,0.972635,1.96225,1.4392760945665712,1.680689659809012,0.3246933224486901,0.24651713396407707,0.4287895435872329,0.8234083340685704,0.603142539397384,0.3796231555404801,0.626154508043685,0.373845491956315,3.119965754375583,1,1,0.11215997401483205
28916,2025-12-02 20:15:00,Newcastle United,Tottenham,1.88558,1.05205,2.481141772388126,0.9642259825120076,0.7012910281545862,0.17559851162894236,0.1231104602164715,0.8620308048226719,0.6689105982373751,0.45150218293040073,0.5707794123806196,0.4292205876193804,3.4453677549001336,2,0,0.0981734406342027
28909,2025-12-03 19:30:00,Arsenal,Brentford,2.63126,0.588716,1.5241254829018318,1.251512118641235,0.43022909569338197,0.26328525460473523,0.3064856497018829,0.7706835226215991,0.5247184575907359,0.30264673436848216,0.5643689411262536,0.4356310588737464,2.7756376015430666,1,1,0.12479618495010597
28910,2025-12-03 19:30:00,Brighton,Aston Villa,1.96298,3.15745,1.5817055732967396,0.8652753230705871,0.5364260697513459,0.2641120491500321,0.1994618810986221,0.7075709620364544,0.4425158569672209,0.23115206818720452,0.46591764125642815,0.5340823587435719,2.4469808963673265,1,0,0.13098089875134072
28911,2025-12-03 19:30:00,Burnley,Crystal Palace,1.16852,0.987797,0.913120529192757,3.2625406467474325,0.0665785036995801,0.11353147598062145,0.8198900203197984,0.922719551987664,0.7863981108996574,0.5998415167977652,0.5780806247217187,0.4219193752782813,4.175661175940189,0,3,0.08898209831184399
28917,2025-12-03 19:30:00,Wolverhampton Wanderers,Nottingham Forest,1.02461,1.12389,1.5476552454817336,1.0465412000777603,0.4829816454735119,0.26657213195406704,0.25044622257242105,0.7375421836679834,0.48011210308523605,0.2627356696817581,0.5168593427575844,0.4831406572424156,2.594196445559494,1,1,0.12705009164978498
28913,2025-12-03 20:15:00,Leeds,Chelsea,2.2047,0.964018,1.3776159827342878,1.8930347202476652,0.2752269137865087,0.23362311250197737,0.491149973711514,0.8427451606069659,0.6346433852967213,0.4131667237701744,0.6401406126676371,0.3598593873323629,3.270650702981953,1,1,0.10400465431313365
28914,2025-12-03 20:15:00,Liverpool,Sunderland,1.37633,0.712662,2.025566435832459,1.0064762145982968,0.6046283494872015,0.21936838054179184,0.1760032699710068,0.8105000063988553,0.5839464517663828,0.35994061479638495,0.5557075038076439,0.4442924961923561,3.032042650430756,1,1,0.10321527507044158
28915,2025-12-04 20:00:00,Manchester United,West Ham,2.27674,1.36584,2.106284482428024,0.9551813213319322,0.6335610058491714,0.20984863897386705,0.15659035517696154,0.8145534072910596,0.5904333691393607,0.3665277052848946,0.5450961575922255,0.4549038424077745,3.061465803759956,2,0,0.10385613403930945
28919,2025-12-06 12:30:00,Aston Villa,Arsenal,2.71986,1.85965,1.0480005685834628,1.8374972058263144,0.20848963496431563,0.2383556799519649,0.5531546850837196,0.7884588334724979,0.5506721396387138,0.32713130301217325,0.5513483773313499,0.4486516226686501,2.885497774409777,1,1,0.11288166225294101
28918,2025-12-06 15:00:00,Bournemouth,Chelsea,1.41931,0.672602,1.3151417121429168,1.8737951045989008,0.2640767201129238,0.23556640980334642,0.5003568700837299,0.8324277866160658,0.6177807618242297,0.39501375389140275,0.6243174120451173,0.37568258795488274,3.1889368167418173,1,1,0.10664692309512096
28921,2025-12-06 15:00:00,Everton,Nottingham Forest,1.25348,0.31234,1.7827316250431091,1.3802606183139163,0.4652542560460948,0.2412988436384711,0.2934469003154341,0.8291132497029446,0.612317953651799,0.3892308838765392,0.6278115890128815,0.3721884109871185,3.1629922433570252,1,1,0.10928678083606289
28924,2025-12-06 15:00:00,Manchester City,Sunderland,2.41605,0.626486,2.029669177274245,0.8458306838320484,0.6443278370858112,0.21325899000743515,0.14241317290675368,0.786306707671581,0.5483423738356413,0.32489296428724274,0.5006478398896753,0.4993521601103247,2.8754998611062934,2,0,0.11614778348581893
28925,2025-12-06 15:00:00,Newcastle United,Burnley,1.80708,1.58375,2.962232123721266,0.8766472509466771,0.7908576404552349,0.13165015214002845,0.07749220740473657,0.8986456711320544,0.737256197412347,0.5343140374479289,0.5564250975360743,0.4435749024639257,3.838879374667943,2,0,0.09443180911350581
28926,2025-12-06 15:00:00,Tottenham,Brentford,2.42388,0.470563,0.8891456460057302,1.940726929449646,0.16076807785209085,0.2243849849465157,0.6148469372013935,0.7790503422369407,0.5376337234482473,0.31471113236333986,0.5095058442850231,0.4904941557149769,2.829872575455376,0,2,0.1111484882546188
28923,2025-12-06 17:30:00,Leeds,Liverpool,1.79333,2.04805,1.104227262728753,1.810610826451324,0.2250820436158772,0.24128407577453073,0.533633880609592,0.7931843995735753,0.557460534251091,0.33369386109827665,0.5646107877294115,0.43538921227058847,2.914838089180077,1,1,0.11380889977713618
28920,2025-12-07 14:00:00,Brighton,West Ham,2.10077,1.7064,1.8078947567465131,1.0241560792331064,0.5520178593415992,0.24099372739507052,0.2069884132633303,0.7797744445069992,0.5381497349750798,0.3151988233598139,0.5412453213985643,0.4587546786014357,2.8320508359796195,1,1,0.11449485200126935
28922,2025-12-07 16:30:00,Fulham,Crystal Palace,0.766771,1.71109,1.448529501802824,1.4285022182214535,0.37422472752189856,0.26052489206976964,0.3652503804083318,0.7875416668696658,0.5487033638214093,0.3252411895299082,0.587543449358203,0.412456550641797,2.877031720024277,1,1,0.12232603052119581
28927,2025-12-08 20:00:00,Wolverhampton Wanderers,Manchester United,0.262147,4.04708,1.1067499904684834,1.6850031710379354,0.2440555975507635,0.2528339928239316,0.5031104096253048,0.7732305939770854,0.528577356933817,0.30622714537576695,0.5509549232862736,0.4490450767137264,2.791753161506419,1,1,0.12005971166048106
28931,2025-12-13 15:00:00,Chelsea,Everton,2.64457,1.34,1.8646638585996032,1.0847875343437503,0.5506594674319892,0.2361504184712827,0.21319011409672803,0.7984690087708814,0.5653881655250707,0.3414418551089359,0.5647425758498477,0.43525742415015234,2.9494513929433532,1,1,0.11122591067054259
28933,2025-12-13 15:00:00,Liverpool,Brighton,2.4127,1.69004,1.657343637340085,1.039997931335441,0.5121432879924717,0.25588605669398684,0.23197065531354158,0.7566637642452078,0.5057233486257717,0.28532077800946964,0.5290913993841568,0.47090860061584316,2.697341568675526,1,1,0.12195353956074935
28930,2025-12-13 17:30:00,Burnley,Fulham,2.05486,1.65053,0.980940394782977,2.0256578813348534,0.17065231019510066,0.21861957615346117,0.6107281136514382,0.8067472193338763,0.5782826394342906,0.3542403607113059,0.5475074926306712,0.4524925073693288,3.0065982761178303,1,1,0.10319366461362776
28928,2025-12-13 20:00:00,Arsenal,Wolverhampton Wanderers,1.61796,0.61997,2.260496646905539,1.0552537141087353,0.6408081619223671,0.19916408938848765,0.1600277486891452,0.8476353921443324,0.6437178400677682,0.4231241342580791,0.5882327195131393,0.41176728048686073,3.3157503610142744,2,1,0.0978889157758456
28932,2025-12-14 14:00:00,Crystal Palace,Manchester City,1.30092,1.35317,1.51349566743041,1.585369051238135,0.35981465537881757,0.24922172472537948,0.39096361989580297,0.8205501908133954,0.5985904403163798,0.3749051510759029,0.6254996617919399,0.37450033820806006,3.098864718668545,1,1,0.11362703608902376
28935,2025-12-14 14:00:00,Nottingham Forest,Tottenham,2.32658,0.380246,1.4830506907851806,1.062503392855913,0.46244739099636434,0.27247670634387783,0.2650759026597579,0.7281027875095316,0.46781760221170227,0.25220414345031644,0.5120748904039887,0.4879251095960113,2.5455540836410937,1,1,0.12976445616498827
28936,2025-12-14 14:00:00,Sunderland,Newcastle United,0.630045,0.169329,1.2382882543550673,2.0878155910033143,0.2170241415268295,0.21851030244820852,0.5644655560249621,0.8491938543281313,0.6457845768008587,0.42541430840712957,0.626739065103977,0.37326093489602297,3.3261038453583813,1,1,0.09754388009065885
28937,2025-12-14 14:00:00,West Ham,Aston Villa,1.27701,0.595093,0.8533968999190376,2.336037364808909,0.11614924086644057,0.18276118509889902,0.7010895740346603,0.8315161035384354,0.6178738544401308,0.39510692161544303,0.5226240783920448,0.47737592160795517,3.1894342647279466,0,2,0.11240628200574772
28929,2025-12-14 16:30:00,Brentford,Leeds,0.697006,1.63409,2.3746457149521096,1.3368608101627624,0.6008397260347241,0.1980022709777607,0.20115800298751513,0.8887226533689961,0.7164978633253741,0.5082264214172134,0.6726011375505767,0.3273988624494233,3.711506525114872,2,1,0.09212640706499223
28934,2025-12-15 20:00:00,Manchester United,Bournemouth,3.21204,2.35196,1.977070084284032,1.1253934695273875,0.5662874761893884,0.22638607969414926,0.20732644411646234,0.8206400300631134,0.599366877340553,0.37570638731945727,0.5869379252603404,0.4130620747396596,3.1024635538114196,1,1,0.10498716582932485
28945,2025-12-20 12:30:00,Newcastle United,Chelsea,2.87863,1.0261,1.5904667728207569,1.5684326672010704,0.38145170367543085,0.24656541040508653,0.3719828859194826,0.8286584661112733,0.6114518005179483,0.38831852294475666,0.6355676731346268,0.3644323268653732,3.1588994400218273,1,1,0.11124691371420231
28938,2025-12-20 15:00:00,Bournemouth,Burnley,1.81847,0.480528,2.389190169334996,0.8537072700777445,0.7102914057445264,0.1777676426452203,0.11194095161025323,0.8382882016877333,0.6289615656218124,0.40699176706889695,0.5254938428173224,0.47450615718267763,3.2428974394127406,2,0,0.11145946123221527
28940,2025-12-20 15:00:00,Brighton,Sunderland,0.919272,1.31044,1.7885332329506234,0.961002503623215,0.5628496431903108,0.2421766229415972,0.1949737338680919,0.7656846625509602,0.5184296429283587,0.2968550611211033,0.5197392532967673,0.4802607467032327,2.749535736573838,1,1,0.11542607154114219
28944,2025-12-20 15:00:00,Manchester City,West Ham,3.58188,1.02143,2.615846716753988,1.0227334230572456,0.7110340398435421,0.16730318665526198,0.12166277350119586,0.881559200294879,0.7039985220599144,0.49290786694061894,0.5970858456600965,0.4029141543399035,3.638580139811234,2,1,0.0919986512851019
28947,2025-12-20 15:00:00,Wolverhampton Wanderers,Brentford,1.26823,1.56309,0.9752770686624314,2.391278147836169,0.13275108698116686,0.1840728624644632,0.68317605055437,0.8533354036941809,0.6537498489255171,0.4342937150936732,0.5699295360599566,0.43007046394004345,3.3665552164986003,0,2,0.0986670044616745
28946,2025-12-20 17:30:00,Tottenham,Liverpool,1.34905,1.23164,1.4284529711419387,1.883333308772489,0.2882028009539065,0.2336882867271785,0.4781089123189149,0.8477334047656738,0.6429332373661923,0.4222611667325502,0.6495917799865504,0.3504082200134496,3.3117862799144278,1,1,0.10296607212307371
28941,2025-12-20 20:00:00,Everton,Arsenal,0.213273,1.84723,1.221895644371051,1.7210875847129976,0.2661174117066485,0.24848131113054134,0.4854012771628102,0.7977140571096306,0.5639142646627604,0.3399948981400282,0.5847076835469431,0.41529231645305686,2.9429832290840485,1,1,0.11638739103464768
28943,2025-12-20 20:00:00,Leeds,Crystal Palace,2.90786,1.53058,1.4046649232120607,1.44140063929965,0.3606541477375387,0.26215151478917914,0.3771943374732822,0.7825286848093461,0.5414539894461948,0.31832645236551005,0.5819057194958535,0.41809428050414654,2.8460655625117104,1,1,0.12345721276856401
28939,2025-12-21 16:30:00,Aston Villa,Manchester United,1.86917,1.30455,1.2078336199191086,1.2875002527513666,0.3395516202101082,0.28290497675792836,0.3775434030319634,0.7181558751798731,0.4549892881620507,0.24142674350456209,0.5140774488031145,0.48592255119688554,2.495333872670475,1,1,0.13465859771799676
28942,2025-12-22 20:00:00,Fulham,Nottingham Forest,1.70568,0.486296,1.935098472301697,0.9668731520423184,0.5946117514153988,0.22724654820073859,0.1781417003838626,0.7908598312652905,0.5544901081026142,0.3308134651196042,0.5353713155869744,0.4646286844130256,2.9019716243440152,1,1,0.1078833122829201
28954,2025-12-26 20:00:00,Manchester United,Newcastle United,0.940811,1.12998,2.611716334025797,1.1224237324721482,0.689260459448025,0.17246233621078091,0.13827720434119398,0.890376110515886,0.7202740299596772,0.5129052814326003,0.6284933351029347,0.3715066648970653,3.7341400664979454,2,1,0.09147482769598093
28955,2025-12-27 12:30:00,Nottingham Forest,Manchester City,0.600141,1.46468,1.2692868632298395,2.127189142351523,0.2183720788303545,0.21576316983498883,0.5658647513346566,0.8572764701856418,0.6595748438758945,0.44086415915992855,0.6378074294158622,0.3621925705841378,3.3964760055813628,1,2,0.09617841213840264
28948,2025-12-27 15:00:00,Arsenal,Brighton,2.54318,0.710064,1.9957519585821268,1.1042621754770383,0.5752580368079119,0.22436886919056695,0.2003730940015213,0.8202627514406092,0.5988366328184557,0.37515810824802204,0.5826450709342182,0.41735492906578175,3.1000141340591654,1,1,0.10424436245678269
28949,2025-12-27 15:00:00,Brentford,Bournemouth,2.8513,2.56183,1.845063594407952,1.4031103236568512,0.4747804102199208,0.2366390941710071,0.28858049560907206,0.8400068400360492,0.6300576987643773,0.40818472705829884,0.6400262996367359,0.35997370036326415,3.2481739180648033,1,1,0.1055918223415533
28950,2025-12-27 15:00:00,Burnley,Everton,1.24948,1.25204,1.1417988855397834,1.672941421278071,0.2544079375720479,0.25357926334104197,0.4920127990869102,0.7771422180421398,0.5340518751422558,0.31134262283705744,0.5587045641604544,0.44129543583954556,2.8147403068178543,1,1,0.120180542937171
28953,2025-12-27 15:00:00,Liverpool,Wolverhampton Wanderers,1.56502,0.780664,1.5264357500938024,0.861853238048967,0.5230671997705345,0.27063544072583484,0.20629735950363065,0.6950378377892443,0.4272282053688857,0.21883241879339588,0.4581366540650675,0.5418633459349325,2.3882889881427696,1,0,0.13406887640088716
28957,2025-12-27 15:00:00,West Ham,Fulham,1.13719,1.11436,1.1453829925326806,2.102818446257152,0.19575154380053505,0.21567258427538322,0.5885758719240818,0.8396585669939742,0.630060025126563,0.4081855328682342,0.6033069764809313,0.39669302351906865,3.248201438789833,1,2,0.0983680482134605
28951,2025-12-27 17:30:00,Chelsea,Aston Villa,1.97155,2.05918,2.3038805550724275,1.3575618980528028,0.5826116818721422,0.20363498152081833,0.21375333660703952,0.8842371093388016,0.7079749914445531,0.4977548973777936,0.6725537581759288,0.3274462418240712,3.6614424531252303,2,1,0.09258026116973188
28956,2025-12-28 14:00:00,Sunderland,Leeds,0.805957,2.60653,1.241674128641561,1.547774008451835,0.2998305668729318,0.2618081454612298,0.4383612876658383,0.773024140816986,0.5280268348226974,0.30571527209816024,0.5657391900063559,0.43426080999364414,2.789448137093396,1,1,0.12401177083246122
28952,2025-12-28 16:30:00,Crystal Palace,Tottenham,0.929681,0.870768,1.7457180981209877,1.0729974895633163,0.5257057316213344,0.2472812406750699,0.22701302770359574,0.7776785105251511,0.5349945813219505,0.3122275477437951,0.5487704966306285,0.4512295033693715,2.818715587684304,1,1,0.11738443660584143
28960,2025-12-30 19:30:00,Burnley,Newcastle United,1.32551,2.49248,0.9435604634079428,2.1800862839522472,0.1467694529317013,0.20221936518547504,0.6510111818828236,0.8230961598744259,0.6039267255661429,0.3804358151582433,0.5462491120976307,0.4537508879023693,3.12364674736019,0,2,0.10455450334419363
28961,2025-12-30 19:30:00,Chelsea,Bournemouth,2.33294,3.49142,1.9505770215460063,1.533852561159563,0.471173432746882,0.2278927837771637,0.3009337834759543,0.8670442379594003,0.6762609444405483,0.45999982427156316,0.6773636263443673,0.3226363736556327,3.4844295827055696,1,1,0.09635419791669267
28965,2025-12-30 19:30:00,Nottingham Forest,Everton,1.75445,1.69525,1.601441145979367,0.8283138800029238,0.5509305831469199,0.26149414541275484,0.18757527144032526,0.7038214022661616,0.4380450600358653,0.22751822259773888,0.4555078425630651,0.5444921574369349,2.4297550259822907,1,0,0.13518003250607957
28967,2025-12-30 19:30:00,West Ham,Brighton,2.27644,3.08914,1.4591963233767056,1.6938916639174355,0.3270829719208873,0.24510132908194768,0.42781569899716504,0.8278592832485293,0.6102188435833397,0.3870213801142438,0.6317734581822969,0.3682265418177031,3.153087987294141,1,1,0.11087174727375296
28958,2025-12-30 20:15:00,Arsenal,Aston Villa,4.41335,2.94195,2.5316714772837505,0.9129620676212346,0.7209561874926705,0.16838446837153928,0.11065934413579023,0.8618220007340229,0.6687679045691007,0.4513364518492584,0.5547422225000084,0.4452577774999916,3.444633544904985,2,0,0.10228907232906545
28964,2025-12-30 20:15:00,Manchester United,Wolverhampton Wanderers,1.13306,1.21784,2.4787008130620607,0.7964242028538194,0.7380998471330797,0.1659306333174789,0.09596951954944132,0.8420715790803701,0.6355326189489535,0.41412706704172547,0.506751320851069,0.493248679148931,3.2751250159158802,2,0,0.1161647423132026
28962,2026-01-01 17:30:00,Crystal Palace,Fulham,2.35346,1.75434,2.003648179210751,1.3768024819308218,0.5159223564717066,0.22572607910693396,0.2583515644213595,0.8556168445714433,0.6564709315863041,0.43735938736270297,0.6514986248638795,0.34850137513612045,3.3804506611415723,1,1,0.09857688953813411
28963,2026-01-01 17:30:00,Liverpool,Leeds,1.67833,0.15936,1.3745873035446716,1.178186700062501,0.4073964502115296,0.27781828234112704,0.3147852674473435,0.7296670970488021,0.46965092211657117,0.2537620202835344,0.5233901476893741,0.4766098523106259,2.5527740036071727,1,1,0.13240982304462917
28959,2026-01-01 20:00:00,Brentford,Tottenham,0.556304,0.608309,2.28120053154682,0.8955618794195426,0.6814316569829062,0.19026659488884434,0.12830174812824957,0.8300003396481572,0.6152148652178806,0.3922869409232644,0.5354410688561094,0.4645589311438906,3.1767624109663624,2,0,0.1085571540630203
28966,2026-01-01 20:00:00,Sunderland,Manchester City,0.962141,2.44247,1.1364121606432036,1.653341003821062,0.25616375664797003,0.25538539976508323,0.4884508435869467,0.7729425398313685,0.5280994763395258,0.3057826648204328,0.5548298809561863,0.44517011904381365,2.7897531644642655,1,1,0.12120312766287565
28972,2026-01-03 12:30:00,Aston Villa,Nottingham Forest,1.42988,0.8982,1.538419902817839,0.9687480471520457,0.4993989911188732,0.268595734312817,0.23200527456830988,0.7202431436160678,0.45802386751159535,0.24395666441761688,0.4932936334026464,0.5067063665973536,2.5071679499698845,1,1,0.1275340442451899
28970,2026-01-03 15:00:00,Wolverhampton Wanderers,West Ham,2.23925,0.235678,1.622743896855974,1.8004921822423103,0.3461003259354166,0.23422981699662176,0.4196698570679616,0.8605354822269997,0.6647194070013728,0.4467133139403002,0.674795595112394,0.32520440488760605,3.4232360790982845,1,1,0.1000322076583703
28973,2026-01-03 15:00:00,Brighton,Burnley,1.4717,0.254551,1.4506250901463371,0.9940703921119368,0.47016872475158206,0.2773771370774192,0.2524541381709988,0.7074187287485656,0.44192379489275074,0.23066953306433113,0.48851644144688655,0.5114835585531134,2.444695482258274,1,1,0.13135422374490777
28971,2026-01-03 17:30:00,Bournemouth,Arsenal,0.947846,1.28,1.5376505727271907,1.9311466519639675,0.3049066731037888,0.22900166137194183,0.46609166552426934,0.8654015930356243,0.6733407688053206,0.45661581886647706,0.6759120224447601,0.3240879775552399,3.4687972246911585,1,1,0.09713721135264494
28976,2026-01-04 12:30:00,Leeds,Manchester United,0.970138,1.94781,1.5935057520398468,1.227016191042542,0.4530646540062052,0.25865344423709175,0.2882819017567029,0.7782169881960765,0.5354233492178018,0.3126308609895549,0.5690209174501872,0.43097908254981276,2.8205219430823885,1,1,0.12230848138816071
28968,2026-01-04 15:00:00,Newcastle United,Crystal Palace,2.72764,1.27825,1.8353071006544404,1.0235931362418793,0.5584919450294056,0.23828672828425526,0.2032213266863392,0.784146776810693,0.5444654705161186,0.32118908809631713,0.5438505161199714,0.45614948388002863,2.8589002368963197,1,1,0.11308954178557833
28969,2026-01-04 15:00:00,Tottenham,Sunderland,1.4175,0.467481,1.3677269434257342,0.8568254970901907,0.48154744164411195,0.28981233163272996,0.22864022672315817,0.6577099311178682,0.383862077422827,0.1854966680268137,0.4352580647722211,0.5647419352277789,2.224552440515925,1,0,0.14153785646320266
28974,2026-01-04 15:00:00,Everton,Brentford,1.00566,3.05179,1.6322387197363486,1.23080261445278,0.4618159315703809,0.2554855873757192,0.2826984810538999,0.785175019664042,0.5454362184233722,0.32211544464218594,0.5752802358859455,0.42471976411405454,2.8630413341891288,1,1,0.12043671610619487
28975,2026-01-04 15:00:00,Fulham,Liverpool,0.609182,1.7188,1.1698212999655668,1.2006869584664768,0.3466063687917731,0.291735213664671,0.3616584175435561,0.6916442709144507,0.42256737348661577,0.21513594419366763,0.48858518428320935,0.5114148157167906,2.370508258432044,1,1,0.13779707833010216
28977,2026-01-04 17:30:00,Manchester City,Chelsea,1.03049,2.03726,2.4956200240131965,1.407161744985,0.6089213221281434,0.19084736720249074,0.2002313106693657,0.9045725339703167,0.7472874202562482,0.5472821440965793,0.6964438705588657,0.3035561294411343,3.9027817689981967,2,1,0.08845876007015331
28987,2026-01-06 20:00:00,West Ham,Nottingham Forest,1.73697,1.26683,1.0341101080609318,1.7119207159926495,0.22260246878647394,0.25052167072076875,0.5268758604927574,0.765252516239052,0.5175823718862851,0.2960792806850702,0.5338016435745067,0.46619835642549334,2.746030824053581,1,1,0.11930387447009376
28978,2026-01-07 19:30:00,Everton,Wolverhampton Wanderers,1.63321,0.71329,1.563528856790762,0.9285786824304498,0.5158012058944597,0.26617745300682666,0.21802134109871382,0.7170848112622527,0.4541603013975906,0.2407374621575093,0.48423059092462617,0.5157694090753738,2.4921075392212115,1,1,0.12612631750562633
28979,2026-01-07 19:30:00,Bournemouth,Tottenham,1.19014,1.6261,1.703177750184533,1.2500628293247065,0.474795445577182,0.2494904711868497,0.2757140832359684,0.7993113294622587,0.5662518049414981,0.34229204634178184,0.5891331403327559,0.4108668596672441,2.95324057950924,1,1,0.11662881818037284
28981,2026-01-07 19:30:00,Brentford,Sunderland,3.86096,1.50644,2.3404434819941087,1.0214289561759675,0.6635643191612818,0.19070703902682679,0.14572864181189144,0.8529117256360546,0.6528357166214498,0.4332698853240219,0.582447467758788,0.417552532241212,3.361872438170076,2,1,0.09699443119946405
28983,2026-01-07 19:30:00,Crystal Palace,Aston Villa,1.32505,2.07015,2.388497848532259,1.4008445693863252,0.5899614974266085,0.1982885057000587,0.21174999687333285,0.8954890333958349,0.7293663544793871,0.5243125466485977,0.6882341273431483,0.31176587265685174,3.7893424179185846,2,1,0.09035188107950792
28984,2026-01-07 19:30:00,Fulham,Chelsea,1.06013,2.45107,1.609826656230265,1.255568336087724,0.4507976934747682,0.25664037695943653,0.29256192956579524,0.7855809971157733,0.5459868493182974,0.32264118671016523,0.577880891205765,0.422119108794235,2.865394992317989,1,1,0.12088823832510051
28985,2026-01-07 19:30:00,Manchester City,Brighton,2.95904,1.33162,1.80266304727737,1.062265952644224,0.5416877044084498,0.2418198430328792,0.21649245255867092,0.785204181198593,0.5458769659507007,0.32253575415871333,0.5519121845875867,0.44808781541241327,2.864928999921594,1,1,0.11458180123530042
28982,2026-01-07 20:15:00,Burnley,Manchester United,0.31971,2.52488,1.1605466332622147,2.7993419205975885,0.12840724136988077,0.1599014225943246,0.7116913360357946,0.9085205131821564,0.7559203334367212,0.5585822603485124,0.6479908694904266,0.3520091305095734,3.959888553859803,1,2,0.0867077145807809
28986,2026-01-07 20:15:00,Newcastle United,Leeds,2.43495,2.35318,1.89388091679918,1.072695469604296,0.5601323530122028,0.23328175258357337,0.20658589440422395,0.8010317567833014,0.5692779056040375,0.34527699166062364,0.5641360893785773,0.4358639106214227,2.966576386403476,1,1,0.10981277028762254
28980,2026-01-08 20:00:00,Arsenal,Liverpool,0.701832,0.318642,2.2944774390589875,0.8726082624514312,0.6891917427201578,0.18779519145341766,0.12301306582642457,0.8286688317559161,0.6131734752979692,0.3901282720406999,0.5276675263697087,0.4723324736302913,3.167085701510419,2,0,0.11089252679651875
28993,2026-01-17 12:30:00,Manchester United,Manchester City,3.07278,0.387015,1.6617105577193234,1.526628354304228,0.4065533374849844,0.24466187420344393,0.34878478831157167,0.8325021680098486,0.6176564309985977,0.39488211731246897,0.6393899518512525,0.36061004814874753,3.1883389120235517,1,1,0.10985021942160898
28990,2026-01-17 15:00:00,Chelsea,Brentford,1.62263,1.47521,1.6565656376548508,1.3803737316044031,0.4353124968650003,0.24983089828426022,0.3148566048507395,0.8117871214093303,0.5850340326644942,0.36104238152511076,0.6111895355102569,0.3888104644897431,3.0369393692592537,1,1,0.11520447536004906
28991,2026-01-17 15:00:00,Leeds,Fulham,2.16898,0.258796,1.837878450823928,0.991850414395226,0.5667430518333506,0.23758236290454032,0.19567458526210915,0.7793148320975702,0.5376009135914067,0.31468080522571823,0.5343642017149164,0.4656357982850836,2.8297288652191543,1,1,0.11298434830836293
28992,2026-01-17 15:00:00,Liverpool,Burnley,3.49045,0.546971,2.103153225651059,0.9858718063099522,0.6256566161233786,0.21125091422246,0.16309246965416138,0.8184793679406347,0.5964512588707712,0.37269652798601255,0.5550825642011326,0.44491743579886744,3.089025031961011,2,0,0.10073282813137077
28995,2026-01-17 15:00:00,Sunderland,Crystal Palace,1.84601,1.15169,1.3703314682811345,1.5014857835826287,0.3405123563368749,0.26019641151759915,0.39929123214552603,0.7866929311486552,0.547487336652656,0.32407605188427463,0.5855966281372775,0.41440337186272247,2.8718172518637632,1,1,0.12227061896044686
28996,2026-01-17 15:00:00,Tottenham,West Ham,1.65292,2.76761,1.9759064993548503,0.8441171013833114,0.6335296740460343,0.218953902765761,0.14751642318820476,0.7772783200879392,0.5353022888092879,0.3125154568020288,0.4960023312305334,0.5039976687694666,2.820023600738162,2,0,0.11635507310363889
28994,2026-01-17 17:30:00,Nottingham Forest,Arsenal,0.318481,2.86323,1.2267734654826656,1.9357894459870355,0.23515967552812703,0.23084086089463043,0.5339994635772426,0.8288758337509567,0.6122258913250358,0.38913319463308577,0.6097937254303426,0.3902062745696574,3.162562911469701,1,1,0.1055190502773558
28997,2026-01-18 14:00:00,Wolverhampton Wanderers,Newcastle United,0.390216,0.813313,1.3282193421727269,1.5350012544846563,0.32378484508156874,0.2597294425116927,0.41648571240673854,0.785288604461744,0.5454783751475702,0.3221557906891907,0.5824996911480363,0.41750030885196365,2.863220596657383,1,1,0.12220452892154536
28988,2026-01-18 16:30:00,Aston Villa,Everton,0.905393,0.745859,1.6597908862638333,0.9630823289251208,0.5314394892526331,0.2557297130105602,0.21283079773680685,0.7428029510988944,0.48729659944216885,0.2689824349901798,0.5065027037504947,0.49349729624950534,2.622873215188954,1,1,0.12184490091498495
28989,2026-01-19 20:00:00,Brighton,Bournemouth,0.995777,1.69737,1.50107421446453,1.391071847986502,0.39492470598960944,0.25930561479773356,0.345769679212657,0.7899428101913252,0.5522170354151529,0.328619661917465,0.5895478560496079,0.4104521439503921,2.8921460624510322,1,1,0.12159012537915233
29007,2026-01-24 12:30:00,West Ham,Sunderland,2.18675,0.713838,1.7506730040662948,1.0327018457609598,0.536503705347736,0.2466984155004151,0.21679787915184892,0.7716644599003202,0.5265727628434533,0.304364318750275,0.5377176615984388,0.4622823384015612,2.7833748498272546,1,1,0.11737240401912274
29001,2026-01-24 15:00:00,Burnley,Tottenham,1.54884,2.59093,1.1153882294812911,2.0925555447441373,0.19078743980876603,0.21591678438270245,0.5932957758085315,0.8345493463222396,0.6217469081176722,0.3992406728738372,0.5939985754243969,0.40600142457560306,3.2079437742254284,1,1,0.09910727692232338
29004,2026-01-24 15:00:00,Fulham,Brighton,1.13243,1.94652,1.721481022592945,1.3245982990364638,0.4628030477210038,0.2467142094452858,0.2904827428337104,0.8130496437262891,0.5870530205236317,0.36308918449480065,0.6082545476441542,0.3917454523558458,3.046079321629409,1,1,0.11383642649448752
29005,2026-01-24 15:00:00,Manchester City,Wolverhampton Wanderers,1.0654,0.542683,1.9469353308974715,0.9048719159625966,0.6123182356737493,0.22424390065209776,0.16343786367415297,0.7826818112641705,0.5428005945817991,0.31960381634289603,0.515520985179261,0.48447901482073896,2.8518072468600684,2,0,0.10943386145596366
28998,2026-01-24 17:30:00,Bournemouth,Liverpool,3.31474,0.937335,1.368326440423935,1.567588936935476,0.3277919129425526,0.25606479315002134,0.41614329390742616,0.7967660872600976,0.5622996107511365,0.338413079821846,0.5956949453794261,0.40430505462057387,2.935915377359411,1,1,0.1195528199409688
29000,2026-01-25 14:00:00,Brentford,Nottingham Forest,2.00413,1.38958,2.3040894131468472,1.0003811712164454,0.6615759268568377,0.19306054652044707,0.14536352662271507,0.8461728225032201,0.6414598203375196,0.4206318426169315,0.5733597189170339,0.42664028108296614,3.3044705843632927,2,1,0.0975065623087803
29002,2026-01-25 14:00:00,Crystal Palace,Chelsea,2.41793,3.08817,1.956557948963843,1.5862964638325046,0.46181098582037833,0.22669267467381715,0.31149633950580463,0.8730609545195509,0.6870039570083388,0.4725816799265373,0.687392951125314,0.31260704887468604,3.5428544127963475,1,1,0.09428174372310001
29006,2026-01-25 14:00:00,Newcastle United,Aston Villa,1.95484,1.32143,1.821345868539802,1.435035070614406,0.4625854350611368,0.23767886078394995,0.2997357041549133,0.8410463001003372,0.6317369757320188,0.41000528940452796,0.6436472191458918,0.35635278085410815,3.256380939154208,1,1,0.10573472430487367
28999,2026-01-25 16:30:00,Arsenal,Manchester United,1.42411,0.640902,1.458388236433698,0.9311583155794764,0.48763075559357033,0.2778213403050715,0.23454790410135823,0.6955003592892832,0.42755749827019707,0.21909471134125963,0.4711877738177169,0.5288122261822831,2.3895465520131745,1,1,0.13071314998762731
29003,2026-01-26 20:00:00,Everton,Leeds,0.889916,1.6766,1.3665423731312103,1.3631182769043777,0.36643389015678435,0.2687027367732945,0.36486337306992106,0.7627479697449993,0.5136129346682153,0.29245712071896185,0.5604690251367248,0.4395309748632752,2.729660650035588,1,1,0.1276055537795359
29010,2026-01-31 15:00:00,Brighton,Everton,1.42825,1.28126,1.5491439949466534,1.2707021406055077,0.43236276694681774,0.2607701184095198,0.30686711464366256,0.7781468628964474,0.5352632814315108,0.3124804379722584,0.5724183552980782,0.42758164470192184,2.819846135552161,1,1,0.12322011400858872
29015,2026-01-31 15:00:00,Leeds,Arsenal,0.17871,3.54427,1.24451764056275,1.942363015908561,0.23816121870070822,0.23036157904298102,0.5314772022563108,0.832070447588532,0.6173490264067036,0.394554631378255,0.6148470499779337,0.3851529500220663,3.186880656471311,1,1,0.10482837821734733
29017,2026-01-31 15:00:00,Wolverhampton Wanderers,Bournemouth,2.10353,1.59116,1.4358054453228035,1.67147720659886,0.32549506512742377,0.2471929964157005,0.4273119384568758,0.8216789541919026,0.6004104625936822,0.3767876255336683,0.6241956812278928,0.3758043187721072,3.1072826519216634,1,1,0.1126965123572044
29009,2026-01-31 17:30:00,Chelsea,West Ham,2.66133,1.72585,1.9726818023164308,1.6859242573894158,0.44551837124783283,0.22390085548819447,0.3305807732639726,0.8842391172377237,0.707492309396778,0.49716910700640526,0.7056958915305921,0.2943041084694079,3.6586060597058463,1,1,0.08998619426233659
29014,2026-01-31 20:00:00,Liverpool,Newcastle United,3.09973,0.284319,1.959922737073339,1.1357320096676635,0.5601309703122381,0.22805103141651328,0.21181799827124853,0.8197249920127343,0.5978927611259505,0.3741837175740503,0.5882242070293615,0.4117757929706385,3.0956547467410025,1,1,0.10575023768270327
29008,2026-02-01 14:00:00,Aston Villa,Brentford,2.15316,0.314916,1.4515361293795368,1.47279270826444,0.3662529145136873,0.2580378858253603,0.37570919966095234,0.7950006338927502,0.5596441204353301,0.33581949396713734,0.5959461743102273,0.40405382568977266,2.924328837643977,1,1,0.12054224409189263
29012,2026-02-01 14:00:00,Manchester United,Fulham,1.84362,1.71998,2.4957403510822425,1.0730999411266202,0.6799985746144558,0.1796393473198915,0.1403620780656527,0.8749782328153235,0.691679123364674,0.47811474219614,0.6075778946086005,0.39242210539139954,3.5688402922088627,2,1,0.09421232216697752
29013,2026-02-01 14:00:00,Nottingham Forest,Crystal Palace,0.987254,1.648,1.942586087887596,1.2499618260882237,0.5303074770122502,0.2303578043304227,0.23933471865732722,0.8328090008647817,0.6185363592390366,0.39581704636375037,0.616203800404822,0.38379619959517797,3.1925479139758197,1,1,0.10470397744862922
29016,2026-02-01 16:30:00,Tottenham,Manchester City,1.49738,2.03614,1.620943677626421,1.450353621853766,0.4122055091037315,0.24974968060318056,0.33804481029308786,0.8167000118185241,0.5925916230801525,0.3687362459487079,0.6196109381892424,0.3803890618107576,3.071297299480187,1,1,0.11444170916369678
29011,2026-02-02 20:00:00,Sunderland,Burnley,1.8865,0.126371,1.3833499688279651,1.1616627787623728,0.4133811965757919,0.2778631005031551,0.308755702921053,0.7281206709677697,0.46768015258093604,0.25208759139356407,0.5210746359924247,0.47892536400757535,2.545012747590338,1,1,0.13240871601477538
29023,2026-02-06 20:00:00,Leeds,Nottingham Forest,3.38179,1.6608,2.018261740765884,0.8865627512000807,0.6319739484899366,0.21612940224206245,0.1518966492680009,0.7910751730426552,0.5551482015571437,0.3314496775624469,0.5147007784817805,0.48529922151821947,2.9048244919659645,2,0,0.11152690633958862
29025,2026-02-07 12:30:00,Manchester United,Tottenham,2.16576,0.593404,2.018150851091,0.862734239318301,0.6377882870387723,0.21519278567802053,0.14701892728320715,0.787220815009381,0.54959698796937,0.3260967544922057,0.5060593888076459,0.4939406111923541,2.8808850904093006,2,0,0.11421645557579245
29018,2026-02-07 15:00:00,Bournemouth,Aston Villa,1.82646,0.646496,1.347751836486571,1.416727563227027,0.3510061156853037,0.26653347974167374,0.3824604045730225,0.7688196509510985,0.5220361815425194,0.30017010792489085,0.5666942139317632,0.4333057860682368,2.764479399713598,1,1,0.12632451769863595
29019,2026-02-07 15:00:00,Arsenal,Sunderland,1.19401,0.427225,2.432593470811326,0.7822215680345612,0.7338123151302599,0.1692647160478886,0.09692296882185152,0.8345345061671448,0.6231613311356619,0.4007477279538801,0.4987842073032109,0.5012157926967891,3.214815038845887,2,0,0.1188375529005688
29021,2026-02-07 15:00:00,Burnley,West Ham,1.84644,1.1223,1.073822401838836,1.6583621264122983,0.24008645632771225,0.2555771184071597,0.5043364252651281,0.7629147953717724,0.5142256820070341,0.29301463892999174,0.5387206406088609,0.46127935939113907,2.7321845282511346,1,1,0.12168277368563495
29022,2026-02-07 15:00:00,Fulham,Everton,2.20126,1.88778,1.275168851642762,0.9607996297817352,0.4297518020456641,0.296953922937512,0.273294275016824,0.6606598433709487,0.3869142945050793,0.18776578483840553,0.45146580958667387,0.5485341904133261,2.2359684814244973,1,1,0.1375058265063976
29027,2026-02-07 15:00:00,Wolverhampton Wanderers,Chelsea,1.11372,3.76278,1.3784357576141224,1.789199074340308,0.29196323988053524,0.2408856570177496,0.46715110310171526,0.8297212025938745,0.613299408792557,0.39026640214545705,0.628228251316511,0.37177174868348895,3.1676348319544303,1,1,0.10903088922057863
29026,2026-02-07 17:30:00,Newcastle United,Brentford,3.3215,1.65022,2.1528711826136075,1.258505745756728,0.5735904528696986,0.21356961695914983,0.2128399301711517,0.85891099386883,0.6624440260108493,0.44411935827965743,0.6372359803029385,0.3627640196970615,3.4113769283703355,2,1,0.09623348874298328
29020,2026-02-08 14:00:00,Brighton,Crystal Palace,0.737798,0.928404,1.7106528024542809,1.560441495213244,0.41131289392561154,0.24086311866190765,0.34782398741248083,0.842915194266361,0.6347344064948344,0.4132664345190117,0.6522404989193843,0.3477595010806157,3.271094297667525,1,1,0.10640980567336239
29024,2026-02-08 16:30:00,Liverpool,Manchester City,1.26652,2.41476,1.6981127435219288,1.3672422886901323,0.4480638770317052,0.247392847590865,0.30454327537742976,0.8158164828491555,0.5912907560311066,0.3674056506634525,0.6142136610764412,0.38578633892355885,3.065355032212061,1,1,0.11369344039883197
29030,2026-02-10 19:30:00,Chelsea,Leeds,3.21176,1.28948,1.880409058222157,1.4729392542754376,0.46810497482019825,0.2332027807020502,0.2986922444777516,0.8526178382124759,0.6511729053100883,0.43141408212972215,0.6580305569227531,0.34196944307724686,3.3533483124975945,1,1,0.10169229374820794
29032,2026-02-10 19:30:00,Everton,Bournemouth,2.33114,1.4121,1.1356499645131837,1.3588938749048975,0.3063273350448122,0.2810708412654139,0.412601823689774,0.7179493739744087,0.45478639705193613,0.24125799262085174,0.5107443836569732,0.48925561634302683,2.494543839418081,1,1,0.1337373812848524
29036,2026-02-10 19:30:00,Tottenham,Newcastle United,1.68925,2.46991,1.4899726680495375,1.7325495959925892,0.32751735920139113,0.24188010829193626,0.43060253250667263,0.8368575456090996,0.6247758280052828,0.4024888282386627,0.6427863407339384,0.35721365926606163,3.2225222640421265,1,1,0.10802662586813745
29037,2026-02-10 20:15:00,West Ham,Manchester United,1.30746,0.735767,1.0504199728408723,1.867442336758709,0.20506774134582872,0.23550533213993935,0.559426926514232,0.7935432718859977,0.558156211708414,0.33436988258504347,0.5550406344539573,0.44495936554604265,2.917862309599581,1,1,0.1113242788773839
29028,2026-02-11 19:30:00,Aston Villa,Brighton,0.576138,0.481306,1.400672169551149,1.340481855132153,0.37982446021879945,0.26790314629480266,0.35227239348639783,0.7647656847084389,0.5164021812071299,0.2950003524426104,0.5623997908325237,0.43760020916747633,2.741154024683302,1,1,0.12715073507179342
29031,2026-02-11 19:30:00,Crystal Palace,Burnley,2.1276,0.691273,2.112039481946954,1.1792335073723044,0.5828193538623019,0.2155581264008249,0.20162251973687328,0.8449681098783555,0.6388129275622433,0.4177251515012404,0.6133333449791883,0.38666665502081166,3.2912729893192587,2,1,0.09785840771334586
29033,2026-02-11 19:30:00,Manchester City,Fulham,1.67722,1.05283,2.6628677662653617,1.1040634902715205,0.7015618642316404,0.16758944521484925,0.13084869055351037,0.8931623132985889,0.7256909994816755,0.5196751282390365,0.6252482124489653,0.37475178755103467,3.766931256536882,2,1,0.09052157455439896
29034,2026-02-11 19:30:00,Nottingham Forest,Wolverhampton Wanderers,3.69094,0.406959,1.2464796295888083,1.0508570936345725,0.40060593722908344,0.2953076147040251,0.30408644806689145,0.6751150029693939,0.40325472764195014,0.20011161674930267,0.46995689444746214,0.5300431055525379,2.297336723223381,1,1,0.138260310974366
29035,2026-02-11 20:15:00,Sunderland,Liverpool,0.693794,3.08172,1.5433917689392025,1.985809556962342,0.2974079472828512,0.22562894861436036,0.47696310410278836,0.8716593894744974,0.6845173847347515,0.46965069943847054,0.6828971448488302,0.31710285515116976,3.5292013259015445,1,1,0.0943830719819537
29029,2026-02-12 20:00:00,Brentford,Arsenal,1.81154,0.78418,1.3117906001323134,2.229536413594761,0.21395730749345349,0.20844073467028726,0.5776019578362592,0.8726499788410683,0.6867219233574365,0.472246357805636,0.6562946330311428,0.34370536696885723,3.5413270137270745,1,2,0.09447015625642632
29087,2026-02-18 20:00:00,Wolverhampton Wanderers,Arsenal,0.173119,2.01018,0.878937746263044,2.3989445245959904,0.11544042450674598,0.17831473214053759,0.7062448433527164,0.8426581632445687,0.6360967140561435,0.4147458403936478,0.5356438275083004,0.4643561724916996,3.2778822708590343,0,2,0.10850827300618272
29038,2026-02-21 15:00:00,Aston Villa,Leeds,1.25439,1.27855,1.829969544020052,1.4464556234309096,0.4621675420664218,0.23690314958544062,0.30092930834813764,0.8435065502248357,0.635815586382441,0.41444603198343855,0.6469387639107324,0.35306123608926765,3.2764251674509617,1,1,0.10495585157012026
29039,2026-02-21 15:00:00,Brentford,Brighton,1.69023,1.37203,1.7857767964469125,1.1516414120775529,0.5167874042758974,0.24354614705495378,0.2396664486691489,0.7967569820016179,0.5626425174246587,0.33874831087062324,0.574668002826248,0.42533199717375203,2.9374182085244653,1,1,0.11445387646669464
29040,2026-02-21 15:00:00,Chelsea,Burnley,2.51534,1.01255,1.9733278935583307,1.0851623173369094,0.5748296769478917,0.2260827499724877,0.1990875730796206,0.8144456679690831,0.5897826108251824,0.36586522706872054,0.5751452271442077,0.4248547728557923,3.05849021089524,1,1,0.1055847109483377
29047,2026-02-21 17:30:00,West Ham,Bournemouth,2.34412,0.522731,1.2002391922680078,1.276935771388616,0.33958804699482054,0.2841319508685773,0.37628000213660223,0.7144218340250931,0.4503185879030199,0.237555906365053,0.5104028658054731,0.4895971341945269,2.4771749636566236,1,1,0.1351458816654629
29043,2026-02-21 20:00:00,Manchester City,Newcastle United,2.22648,0.507954,2.253374375375438,1.1616805912151644,0.6154335536368086,0.20322042382961503,0.1813460225335763,0.8591561656102498,0.6631468908361631,0.44491762162470655,0.6191717665234255,0.38082823347657446,3.4150549665906023,2,1,0.09696044378727721
29041,2026-02-22 14:00:00,Crystal Palace,Wolverhampton Wanderers,2.03559,1.67749,1.5871506630897745,1.5321603227806024,0.38771865043156944,0.24832631795430046,0.3639550316141301,0.8233499338474923,0.6030019481522612,0.37947703675298783,0.6289841685587576,0.3710158314412424,3.119310985870377,1,1,0.11282694345141694
29044,2026-02-22 14:00:00,Nottingham Forest,Liverpool,0.934768,2.39634,1.1675461016597248,1.6711799365777893,0.26093680601258207,0.2534027824208729,0.485660411566545,0.7811408331312305,0.5397254551165611,0.31668849675948907,0.5650525938518592,0.43494740614814076,2.838726038237514,1,1,0.11985169774987857
29045,2026-02-22 14:00:00,Sunderland,Fulham,1.7609,2.16696,1.2972009849101669,1.3730988989225297,0.34645108745769543,0.2719562132856624,0.3815926992566423,0.7520653889624879,0.4990720764648828,0.27937083267020996,0.5487806865705535,0.45121931342944654,2.670299883832697,1,1,0.12947980691526748
29046,2026-02-22 16:30:00,Tottenham,Arsenal,0.383264,3.31701,1.024705221023234,2.596520679448313,0.12355292082783925,0.16898570855372097,0.7074613706184398,0.8799311695917248,0.7009680153741288,0.4892419097572545,0.5968699977391597,0.4031300022608403,3.621225900471547,1,2,0.09240837448519484
29042,2026-02-23 20:00:00,Everton,Manchester United,0.560924,1.4547,1.5040580027830937,1.076132752454653,0.46473259862859656,0.27014877991567826,0.2651186214557251,0.7348972917601171,0.47658582372699976,0.2596946685068115,0.5187526578212054,0.4812473421787946,2.5801907552377465,1,1,0.12875300714239582
29057,2026-02-27 20:00:00,Wolverhampton Wanderers,Aston Villa,1.50771,1.31328,1.355219869230681,1.5645166796547316,0.3251189525282877,0.2567482743624547,0.41813277310925756,0.7942574292392306,0.5585888162342789,0.33479157663183967,0.5925872430136425,0.4074127569863575,2.9197365488854126,1,1,0.12010310461389678
29048,2026-02-28 12:30:00,Bournemouth,Sunderland,1.82434,1.07887,1.5648942027769106,1.0101173492984632,0.4961312528898826,0.2653738168045753,0.23849493030554222,0.7337709749962961,0.4752788386447331,0.2585716331984191,0.5088853080365779,0.49111469196342206,2.575011552075374,1,1,0.12639595281199917
29051,2026-02-28 15:00:00,Burnley,Brentford,0.823824,2.44595,1.065299592083765,2.233713366555793,0.16477238059141133,0.2019079758022748,0.6333196436063139,0.8456713414269429,0.6403671010478565,0.41943055828030334,0.5895562654178166,0.4104437345821834,3.2990129586395582,1,2,0.09812132201732494
29054,2026-02-28 15:00:00,Liverpool,West Ham,2.09939,1.3517,1.7280670912274665,1.210019602521761,0.489751778398135,0.2480579862989033,0.26219023530296165,0.7969487029337119,0.5627956854860227,0.33889847435865317,0.5826855380986861,0.41731446190131394,2.9380866937492276,1,1,0.11629161993505882
29056,2026-02-28 15:00:00,Newcastle United,Everton,1.11889,2.40731,2.316838847910513,1.310281786636564,0.5953105874575219,0.20177078648653599,0.20291862605594216,0.8809852443346826,0.702016737459428,0.49051691623015614,0.6622980800093089,0.3377019199906911,3.627120634547077,2,1,0.09351937953572013
29053,2026-02-28 17:30:00,Leeds,Manchester City,1.37824,2.46834,1.3437640977143677,1.7415782362726129,0.29168850239731914,0.24488500624911588,0.4634264913535649,0.8185898519058767,0.595654788839145,0.37187917813279764,0.6149577428628111,0.38504225713718887,3.0853423339869805,1,1,0.11233348912015295
29050,2026-03-01 14:00:00,Brighton,Nottingham Forest,1.20107,0.83055,1.8485834042809803,1.009929997941528,0.5648229824638592,0.23678706604716204,0.19838995148897864,0.7840519315854231,0.544374713336798,0.32110254195928456,0.5410028534990692,0.4589971465009308,2.858513402222508,1,1,0.11243066237154918
29052,2026-03-01 14:00:00,Fulham,Tottenham,2.3207,0.952091,1.732596284099293,1.5733679500212534,0.41384607437819904,0.23927866494851577,0.3468752606732853,0.8471236422193923,0.6417688221939128,0.4209772435962101,0.6574903039385858,0.34250969606141424,3.3059642341205464,1,1,0.1049436776243459
29055,2026-03-01 14:00:00,Manchester United,Crystal Palace,2.34609,0.384699,1.9676214678079569,1.0587742524477988,0.5797790330617401,0.22612711732631344,0.19409384961194653,0.8098092149711811,0.5826945819651876,0.3586770319910576,0.5668706725465422,0.4331293274534578,3.0263957202557554,1,1,0.10606946393493646
29049,2026-03-01 16:30:00,Arsenal,Chelsea,1.71598,1.35268,2.204985816735921,1.0033006976067091,0.6419440489923436,0.2022654014223915,0.15579054958526498,0.8343448359014327,0.621815344780301,0.39931236394566094,0.5679768557876279,0.4320231442123721,3.20828651434263,2,1,0.09860078343566395
29058,2026-03-03 19:30:00,Bournemouth,Brentford,2.3177,0.673328,1.791480938755055,1.4214259940526512,0.45855445955953555,0.23990376103996236,0.30154177940050203,0.8355977192859473,0.622782194112864,0.40035039483191187,0.637279773241371,0.362720226758629,3.212906932807706,1,1,0.10759186416578928
29061,2026-03-03 19:30:00,Everton,Burnley,1.15845,0.762229,2.194278217339665,0.9667523779712492,0.6483503421284953,0.2018250210819872,0.14982463678951743,0.8281390135337348,0.6118964350307796,0.3887833193284926,0.5551209657121855,0.4448790342878145,3.1610305953109146,2,0,0.10203370138372454
29063,2026-03-03 19:30:00,Leeds,Sunderland,0.888232,0.843856,1.746321260640231,1.1072264149789504,0.5177809672357491,0.2471968393010543,0.2350221934631967,0.7834555396266721,0.5432110096509977,0.3199950864381421,0.5583230296473726,0.44167697035262743,2.8535476756191813,1,1,0.1170229123493011
29067,2026-03-03 20:15:00,Wolverhampton Wanderers,Liverpool,0.636033,2.17217,0.9438307157275564,1.9899897443702672,0.16688765137807487,0.2210375200629651,0.61207482855896,0.7957404208882186,0.5618171788929701,0.33793951849858583,0.5323570908148961,0.46764290918510387,2.9338204600978237,0,2,0.10532539390283643
29059,2026-03-04 19:30:00,Aston Villa,Chelsea,1.06854,3.38883,1.7195504095329797,1.6268776176160236,0.40036426782474765,0.23805840533192282,0.3615773268433296,0.8518872123936467,0.6498111354909526,0.42989383580389434,0.6644454396490032,0.33555456035099684,3.3464280271490034,1,1,0.10342493893214469
29060,2026-03-04 19:30:00,Brighton,Arsenal,0.919228,0.514803,0.8749002400781728,1.9837584858286768,0.15311006441757977,0.21931111451664886,0.6275788210657715,0.78369756317687,0.5444070832953409,0.32113248245283854,0.5078665831248426,0.49213341687515744,2.8586587259068494,0,2,0.11283692377378876
29062,2026-03-04 19:30:00,Fulham,West Ham,0.628123,1.49528,1.5616788711647351,1.1560041000432988,0.46105819267799314,0.2630474699007123,0.2758943374212945,0.7604902425298018,0.5106968076174208,0.28980948929879746,0.54746252235631,0.45253747764369,2.717682971208034,1,1,0.12516014617233592
29064,2026-03-04 19:30:00,Manchester City,Nottingham Forest,2.72655,1.23642,2.224977397448764,0.8921693062425443,0.6717330572678266,0.19552289877727475,0.13274404395489856,0.82207033361937,0.6025284379203911,0.37898064891077504,0.5308415449740476,0.46915845502595244,3.1171467036913083,2,0,0.10961528419551078
29065,2026-03-04 20:15:00,Newcastle United,Manchester United,1.96637,1.80571,1.5443067590300128,1.6419352292904303,0.35659650131868953,0.24502967604806775,0.39837382263324284,0.8322348398142028,0.6172167442957873,0.39441499715148465,0.6395012926899653,0.36049870731003475,3.186241988320443,1,1,0.11003034269616851
29066,2026-03-05 20:00:00,Tottenham,Crystal Palace,1.29615,1.91515,1.3979947973929174,1.5627996816446954,0.33596307383167423,0.2552389152939161,0.40879801087440976,0.8005748637790591,0.5679686316871073,0.3439844705336369,0.600793236595692,0.39920676340430805,2.960794479037613,1,1,0.11877962247657341
29070,2026-03-14 15:00:00,Burnley,Bournemouth,1.67695,2.36979,0.8364132477722273,2.0457924105314333,0.13892278160024982,0.21112768452086567,0.6499495338788844,0.7873433797546928,0.5499037372577745,0.3263911027549065,0.4982630400852423,0.5017369599147576,2.8822056583036604,0,2,0.11721186040496899
29076,2026-03-14 15:00:00,Sunderland,Brighton,0.659083,1.12832,1.315463613076978,1.2191920813305297,0.38269038002802375,0.28021355179247226,0.3370960681795038,0.7260987695161281,0.4650451903115906,0.24985682477701648,0.521828498895766,0.478171501104234,2.5346556944075074,1,1,0.13352217213157952
29068,2026-03-14 17:30:00,Arsenal,Everton,1.90855,1.17847,2.0183727385827743,1.0169497605354,0.6006155228254265,0.22034502680371312,0.17903945037086047,0.8109963473314056,0.5846731107610025,0.360675497795266,0.5584226821333913,0.4415773178666087,3.035322499118174,1,1,0.10357865959651799
29071,2026-03-14 17:30:00,Chelsea,Newcastle United,1.72508,1.03251,1.801767720506272,1.1512226038992377,0.520632035384236,0.24213887745512722,0.2372290871606369,0.799130812716356,0.5661943282496932,0.3422351807301619,0.5763382854668494,0.4236617145331506,2.95299032440551,1,1,0.11365312813545311
29077,2026-03-14 20:00:00,West Ham,Manchester City,0.488982,1.9546,1.292273380922781,1.4179778079322325,0.3364936447904465,0.26921276487651147,0.394293590333042,0.7592882493176893,0.5088831153108533,0.28816883164125484,0.5557656338955949,0.44423436610440514,2.710251188855014,1,1,0.12798709770062894
29072,2026-03-15 14:00:00,Crystal Palace,Leeds,0.525205,1.13558,1.2848237906359756,1.5550383900747922,0.3093505412041705,0.2598689599573921,0.4307804988384375,0.7814597596175911,0.539993528395104,0.3169423821249964,0.5763903499100193,0.42360965008998075,2.839862180710768,1,1,0.12258516088045722
29074,2026-03-15 14:00:00,Manchester United,Aston Villa,1.67823,1.21071,2.0434584931397177,1.120426280459735,0.5817748753614898,0.22038420557557728,0.19784091906293289,0.8288652528535434,0.6125040420726996,0.38942568629453844,0.5913778315922663,0.4086221684077337,3.1638847735994524,1,1,0.10159799016266584
29075,2026-03-15 14:00:00,Nottingham Forest,Fulham,0.821011,0.933988,1.1316249083003516,1.271352787560076,0.32186302107100645,0.28858655085971713,0.3895504280692765,0.6987130334980812,0.43106895328740086,0.22189958810980487,0.49399380830865436,0.5060061916913456,2.402977695860428,1,1,0.1366337494764331
29073,2026-03-15 16:30:00,Liverpool,Tottenham,1.30076,1.15636,2.215106203782556,1.156242334330299,0.6090581466142143,0.20630029865849372,0.18464155472729202,0.8542684247235662,0.6546934360213686,0.4353569899250325,0.6149315050487401,0.38506849495125994,3.371348538112855,2,1,0.09742245526726304
29069,2026-03-16 20:00:00,Brentford,Wolverhampton Wanderers,2.7966,1.80044,2.8775278386948937,0.7987079292172505,0.79511420319126,0.13267147769923363,0.07221431910950639,0.8844922103497368,0.7104635053286396,0.5007726469081739,0.5220381343511555,0.47796186564884446,3.6762357679121442,2,0,0.10484066126623978
29078,2026-03-20 20:00:00,Bournemouth,Manchester United,1.76664,1.74574,1.5369216245091488,1.505143231117967,0.38089873644198063,0.25209195990339456,0.36700930365462464,0.8125682474313473,0.5861673096195544,0.3621906691908059,0.6162298293397487,0.3837701706602513,3.0420648556271157,1,1,0.11594911019078281
29080,2026-03-21 12:30:00,Brighton,Liverpool,3.42956,0.956801,1.1038493353487215,1.4321564965256943,0.2846264755364169,0.2759559765869277,0.4394175478766555,0.7262706417418543,0.4653889332914713,0.2501472798860146,0.5150552355335428,0.4849447644664572,2.536005831874416,1,1,0.13143662625571872
29082,2026-03-21 15:00:00,Fulham,Burnley,3.48438,1.92556,1.6192826848742947,1.0370955655544585,0.5033868715186002,0.2596551635218576,0.23695796495954224,0.7492092746747088,0.4956294520605429,0.27631432586140775,0.5235730968334567,0.47642690316654335,2.6563782504287534,1,1,0.12378865311754701
29081,2026-03-21 17:30:00,Everton,Chelsea,1.44532,1.35143,1.6752238251656204,1.7012541824202725,0.37605763817800497,0.2370311553044674,0.3869112065175276,0.8553346865542011,0.655699628390206,0.43649170625739614,0.6693151220694692,0.3306848779305308,3.376478007585893,1,1,0.10224617396246798
29083,2026-03-21 20:00:00,Leeds,Brentford,0.417296,0.302221,1.5589190996600724,1.5679487065028286,0.3740175125734242,0.24806671791285248,0.3779157695137234,0.8243758959824922,0.6046242668004022,0.3811659141502348,0.6303787124393162,0.3696212875606838,3.1268678061629007,1,1,0.11255479678852162
29085,2026-03-22 12:00:00,Newcastle United,Sunderland,1.26705,2.66657,2.104054267791029,1.157675698982795,0.5860365227925151,0.215818485741237,0.19814499146624806,0.8413469559840918,0.6328250625493228,0.4111855471854585,0.6068116285443591,0.3931883714556409,3.261729966773824,2,1,0.09820310656162984
29079,2026-03-22 14:15:00,Aston Villa,West Ham,2.48528,0.760054,1.4000306117353989,1.4027361312483553,0.3671013264108173,0.2645708192296894,0.36832785435949317,0.7753469689709646,0.5312053115354171,0.3086777884171114,0.5740840326823112,0.42591596731768877,2.802766742983754,1,1,0.12504805232440142
29086,2026-03-22 14:15:00,Tottenham,Nottingham Forest,1.6189,1.54408,1.4698247478204371,1.633709617301034,0.34039241764380856,0.24829641620599555,0.41131116615019586,0.8211806330021638,0.5996007443022635,0.3759495012419319,0.6251097948971718,0.3748902051028282,3.103534365121471,1,1,0.11318336743595823
29091,2026-04-10 19:00:00,West Ham,Wolverhampton Wanderers,2.54379,0.571967,1.7022136471109428,0.9455568576869094,0.5461313307128178,0.2511178623880655,0.2027508068991168,0.7474033833938569,0.4934948313366204,0.27442707802645916,0.5057644293648401,0.4942355706351599,2.6477705047978524,1,1,0.11966845955885616
29092,2026-04-11 11:30:00,Arsenal,Bournemouth,3.16346,1.39461,1.5358713402211122,1.1152487310698234,0.4638406436671384,0.26628793813947355,0.269871418193388,0.7483765973477983,0.4943264574909459,0.2751618415354507,0.5335143291622073,0.4664856708377927,2.6511200712909355,1,1,0.12692564215099397
29093,2026-04-11 14:00:00,Brentford,Everton,2.26302,1.57033,1.8278911479773905,1.1563625264993622,0.525523000533436,0.23984296442166217,0.2346340350449018,0.803832010760411,0.5732712838257321,0.34923794906364924,0.5805413465012881,0.4194586534987119,2.9842536744767525,1,1,0.11225102620985039
29094,2026-04-11 14:00:00,Burnley,Brighton,0.812029,1.07182,1.201796496636509,1.698791772609057,0.2648371296652758,0.250590957364752,0.48457191296997204,0.791116373266432,0.5541720626478323,0.33050690113510667,0.5770461130447876,0.4229538869552124,2.900588269245566,1,1,0.11788314565851311
29097,2026-04-11 16:30:00,Liverpool,Fulham,2.01499,1.42024,1.9554561908551784,1.1397988641605097,0.5582064302742822,0.2284958145565344,0.2132977551691834,0.8196775578490704,0.5978061604958052,0.3740943914911014,0.5889237954438433,0.4110762045561567,3.095255055015688,1,1,0.10592936463027995
29089,2026-04-12 13:00:00,Nottingham Forest,Aston Villa,0.85045,1.36297,1.593690269395797,1.444592764774958,0.4067908665187028,0.25156743743159915,0.3416416960496982,0.8120127835259001,0.5853313990190402,0.36134354226882504,0.6144161312706905,0.3855838687293095,3.038283034170755,1,1,0.115832303863228
29090,2026-04-12 13:00:00,Sunderland,Tottenham,1.77584,1.01598,1.402581946442366,1.3360027464260422,0.38123449458487185,0.2680191687708812,0.35074633664424704,0.7643146162708092,0.5157793946738064,0.2944315684658209,0.5618645380601763,0.43813546193982367,2.7385846928684083,1,1,0.12722512230227065
29096,2026-04-12 13:00:00,Crystal Palace,Newcastle United,3.13933,1.27299,1.5894194278145577,1.2065048159003735,0.4566232281045532,0.25949894730756984,0.28387782458787697,0.7740810582675139,0.5295737076726247,0.30715519883620285,0.5636272808773825,0.43637271912261755,2.795924243714931,1,1,0.12294272967804111
29095,2026-04-12 15:30:00,Chelsea,Manchester City,1.22108,2.40839,1.217075063555611,1.3931228989538815,0.3215969622017964,0.27456543710810494,0.40383760069009866,0.7408109864182688,0.48412736922295774,0.2662186214566157,0.5353590719345593,0.46464092806544066,2.6101979625094924,1,1,0.13088855423826104
29088,2026-04-13 19:00:00,Manchester United,Leeds,1.36555,2.95118,1.477232534735026,1.314969494968986,0.4047165537089681,0.2641716960832765,0.3311117502077554,0.773543003227771,0.5286851077728271,0.30632769895054945,0.570487412109471,0.42951258789052904,2.792202029704012,1,1,0.12500177520421
29099,2026-04-18 11:30:00,Brentford,Fulham,2.33552,0.790707,1.9354345889649764,1.2744927518613225,0.523241134394027,0.2309590535333884,0.2457998120725846,0.8350659534091289,0.6221618991909695,0.3996858113645506,0.6214023882893849,0.3785976117106151,3.209927340826299,1,1,0.10453317725551262
29103,2026-04-18 14:00:00,Leeds,Wolverhampton Wanderers,3.55804,0.568627,2.199305986200493,0.9304994834997228,0.6578169701667654,0.19980035800714938,0.14238267182608508,0.8238895919960809,0.6052466018046103,0.3818111345687385,0.5429624848052945,0.4570375151947055,3.129805469700216,2,0,0.10575298730666731
29105,2026-04-18 14:00:00,Newcastle United,Bournemouth,1.61167,3.36662,1.980558331322939,2.014487206881175,0.38622109281086375,0.21446368975169747,0.39931521743743875,0.9117286428556582,0.761165907827431,0.5655541871916699,0.7506957255452429,0.2493042744547571,3.9950455382041143,1,1,0.0771120718604919
29107,2026-04-18 16:30:00,Tottenham,Brighton,1.56052,1.1373,1.1639187970806997,1.6491210654352275,0.2635608476782559,0.2553569363727914,0.4810822159489528,0.7768928972360769,0.5336482349788845,0.3109640713331931,0.5613036578750612,0.4386963421249388,2.813039862515927,1,1,0.12096993419955515
29100,2026-04-18 19:00:00,Chelsea,Manchester United,1.28109,0.436043,1.9472504025815556,1.4073296055435929,0.4969337431593494,0.2295619323218167,0.27350432451883394,0.8527048271721762,0.6514144309434601,0.4316838135961141,0.6522467173036619,0.3477532826963381,3.3545800081251484,1,1,0.10049264755825077
29098,2026-04-19 13:00:00,Aston Villa,Sunderland,3.90223,1.56008,1.7727787214217727,1.3752575594475946,0.46399937979331213,0.24208081757478403,0.29391980263190387,0.8271319164255972,0.6091447712779445,0.3858932484286125,0.625535160945762,0.374464839054238,3.148036280869367,1,1,0.10991434185231502
29102,2026-04-19 13:00:00,Everton,Liverpool,1.4784,1.38333,1.496581739822878,1.7809245413785684,0.3206733578272639,0.23883540840198358,0.4404912337707525,0.8436695396735633,0.6360349175117708,0.41468573753601534,0.6503723149248662,0.34962768507513375,3.2775062812014464,1,1,0.10556837326152183
29106,2026-04-19 13:00:00,Nottingham Forest,Burnley,1.4425,0.601418,1.7481369518402066,0.829895668730597,0.5862676459782191,0.2440943350571825,0.16963801896459843,0.7338509469256751,0.47604051579905393,0.2592253461084862,0.4712375916447987,0.5287624083552013,2.5780326205708035,1,0,0.12721713887607575
29104,2026-04-19 15:30:00,Manchester City,Arsenal,2.61528,2.28964,1.2905710530304548,1.3782810192574864,0.34370867060752847,0.2719655545803714,0.3843257748121001,0.7517981711273308,0.4987146506063381,0.2790527735832908,0.5483729437205707,0.45162705627942934,2.668852072287941,1,1,0.12949154935504636
29101,2026-04-20 19:00:00,Crystal Palace,West Ham,0.733442,0.622445,1.9571573132152085,1.2398139630174885,0.5358196079736914,0.22914470888317898,0.23503568314312964,0.8333626174827269,0.6194611752979465,0.3968018127269272,0.6151482102075362,0.3848517897924638,3.1969712762326967,1,1,0.1041711757940984
29110,2026-04-21 19:00:00,Brighton,Chelsea,2.51784,0.297865,1.808158491354792,1.2153955072089286,0.5074528180110428,0.24138506825448588,0.2511621137344714,0.8096849549929569,0.5820648383461974,0.3580428920640058,0.5934225611713203,0.4065774388286797,3.0235539985637203,1,1,0.112210125911744
29108,2026-04-22 19:00:00,Bournemouth,Leeds,1.91355,1.21601,1.718199654321404,1.7051931725101093,0.38513747676621324,0.23511432908905597,0.3797481941447309,0.8605655321178841,0.6647494907678725,0.4467477127696306,0.676250897749598,0.323749102250402,3.4233928268315132,1,1,0.10029460875167481
29111,2026-04-22 19:00:00,Burnley,Manchester City,0.973776,3.40888,1.0539994790124343,2.2861813023654616,0.15714550191397847,0.19683613833067293,0.6460183597553486,0.8504895521375044,0.6485692471180624,0.4285053858672345,0.5895026658550279,0.41049733414497214,3.340180781377896,1,2,0.09759370333008975
29115,2026-04-24 19:00:00,Sunderland,Nottingham Forest,0.614323,1.54208,1.5163180425711813,1.0837170481302587,0.4661369304779076,0.2688202439988543,0.26504282552323805,0.7387240536836507,0.48157890421434574,0.2640055231049966,0.522518970750827,0.477481029249173,2.6000350907014402,1,1,0.12814890222199177
29112,2026-04-25 11:30:00,Fulham,Aston Villa,1.24069,0.906156,1.286497870666075,1.7641160873585622,0.2745649810574979,0.24419496466407833,0.4812400542784237,0.8136553462660168,0.5880522701996551,0.36410443065546894,0.6051256781812647,0.3948743218187353,3.050613958024637,1,1,0.11278774131982063
29113,2026-04-25 14:00:00,Liverpool,Crystal Palace,1.45071,2.19912,1.795917723414486,1.3028547914090978,0.48509966501443796,0.24156090662089869,0.27333942836466335,0.8204030276108841,0.5985698077738701,0.3748834899586436,0.6126510292413687,0.3873489707586313,3.098772514823584,1,1,0.11081366916059011
29116,2026-04-25 14:00:00,West Ham,Everton,1.8356,1.1144,1.6861093778658562,1.4097147919633792,0.4362309861267986,0.2470511279548602,0.3167178859183412,0.8200902729638818,0.597931477003109,0.37422471094551046,0.6211620364578146,0.37883796354218535,3.0958241698292355,1,1,0.11290360523818968
29117,2026-04-25 14:00:00,Wolverhampton Wanderers,Tottenham,0.762656,1.06403,1.2008387850453417,1.927099985399076,0.2306226948267994,0.23145254045179176,0.5379247647214089,0.8242310845092523,0.6048521225113007,0.3814025541059805,0.6023648791941506,0.3976351208058494,3.127938770444418,1,1,0.10644721288315635
29109,2026-04-25 16:30:00,Arsenal,Newcastle United,0.639189,0.868897,2.5779930933198125,1.2293635493691717,0.6609714705906607,0.17946846741252984,0.15956006199680944,0.8967546489950127,0.7322678882285796,0.5279810120065204,0.6573168326560236,0.3426831673439764,3.807356642688984,2,1,0.0907266496669861
29114,2026-04-27 19:00:00,Manchester United,Brentford,1.84852,1.30383,2.257818840015988,1.6594558520530265,0.51081322689123,0.20873007760673098,0.28045669550203894,0.9058942695924767,0.7495163607165299,0.5501914725772422,0.7287992922005639,0.27120070779943606,3.9172746920690145,2,1,0.08415396668267036
29124,2026-05-01 20:00:00,Leeds,Burnley,2.09546,0.434597,2.6211632315302498,1.003063439706846,0.7160671295487036,0.16583401242523063,0.11809885802606586,0.880168041735004,0.701491830441307,0.4898733633339116,0.5906993294616792,0.40930067053832075,3.624226671237096,2,1,0.0919063033744841
29121,2026-05-02 15:00:00,Brentford,West Ham,2.27374,0.753895,2.296559112534244,1.263526905912186,0.6014633754215697,0.20231112365170628,0.196225500926724,0.8744497850580142,0.6901142675948375,0.47626035890635177,0.6493003712740977,0.3506996287259023,3.5600860184464302,2,1,0.09475381921883468
29126,2026-05-02 15:00:00,Newcastle United,Brighton,3.12933,1.87112,1.3290406299988098,1.2490298823158903,0.38002359048547885,0.27757162268096913,0.34240478683355197,0.7346529966316308,0.47605118280123226,0.2592351265019891,0.5307077430664119,0.4692922569335881,2.5780705123147003,1,1,0.1323301187962956
29127,2026-05-02 15:00:00,Wolverhampton Wanderers,Sunderland,1.96131,0.923954,1.537558421238426,2.1809635249796835,0.2666506196074117,0.21356211772947029,0.519787262663118,0.8895495241596935,0.7176827141572965,0.5096965312196537,0.7004995706693617,0.29950042933063825,3.718521946218109,1,2,0.08875097307811576
29119,2026-05-02 17:30:00,Arsenal,Fulham,4.09079,0.696714,1.984840932351977,1.240385297334872,0.5417978816344524,0.22689714878380807,0.23130496958173957,0.8369523140057018,0.6253331695131379,0.4030867636695607,0.6179636049343507,0.38203639506564935,3.225226229686849,1,1,0.1027488722346996
29118,2026-05-03 14:00:00,Bournemouth,Crystal Palace,2.29626,0.678329,1.820710226389393,0.9619447000729252,0.5700843533884861,0.23884740649077466,0.19106824012073942,0.7713695214285952,0.5263998181359649,0.30420361006418745,0.5232323500245486,0.4767676499754514,2.7826549264623184,1,1,0.11378632477683372
29125,2026-05-03 15:30:00,Manchester United,Liverpool,2.55612,1.02814,2.128806407060152,1.8208556135133955,0.45267777741925885,0.2137616901534979,0.3335605324272434,0.9083949151928242,0.7544232483401101,0.5566261011247801,0.7421259785500754,0.25787402144992455,3.9496620205735473,2,1,0.07947111810345735
29120,2026-05-03 19:00:00,Aston Villa,Tottenham,0.609494,1.12225,1.5610147813175546,0.7307311460340629,0.5664040833682837,0.265294746123621,0.16830117050809532,0.6730033245676948,0.4017706670090079,0.1989762960821131,0.4153755854855376,0.5846244145144623,2.2917459273516174,1,0,0.15203724718100378
29122,2026-05-04 15:00:00,Chelsea,Nottingham Forest,2.17132,2.31019,1.7125356702154109,1.260585335707303,0.4747057706663938,0.24857885236419336,0.27671537696941284,0.8023209261677039,0.5707601224319058,0.34674499238332435,0.5927677936599944,0.40723220634000556,2.9731210059227138,1,1,0.11592898193279062
29123,2026-05-04 20:00:00,Everton,Manchester City,1.68558,1.41706,1.343959167135528,1.2713590837180344,0.37931006867224165,0.2753029406449355,0.3453869906828229,0.7418081877977051,0.4854090020470183,0.2673348318087818,0.5381321506774795,0.46186784932252045,2.615318250853562,1,1,0.1312276793969945
29132,2026-05-09 12:30:00,Liverpool,Chelsea,0.623191,0.597184,2.181616936226048,1.4462960061854906,0.5389709153173349,0.21332378598680965,0.24770529869585556,0.8812188196610179,0.7021591503007251,0.49069103981386814,0.6824623717674759,0.31753762823252407,3.6279129424115384,2,1,0.09145548318218057
29128,2026-05-09 15:00:00,Brighton,Wolverhampton Wanderers,2.22427,0.515647,2.3431259113827108,1.096098298140161,0.6473293586983685,0.19346263942096595,0.15920800188066558,0.8616631614314632,0.667753691233515,0.45017856547102897,0.6060088767559513,0.3939911232440487,3.439224209522872,2,1,0.09655833915384177
29131,2026-05-09 15:00:00,Fulham,Bournemouth,1.24334,0.998003,1.2546361135138888,1.7930691008539756,0.2625742108370029,0.24231558313377388,0.49511020602922323,0.8132033368517093,0.5874111852662263,0.3634527537287492,0.6011785098613612,0.39882149013863877,3.0477052143678645,1,1,0.11212537363741765
29135,2026-05-09 15:00:00,Sunderland,Manchester United,1.2376,0.535981,1.254102530141903,1.7317048716837211,0.2720907464307983,0.24717799106449082,0.480731262504711,0.8042048990520593,0.5736217071300639,0.34958693654501927,0.5936676915870996,0.40633230841290036,2.985807401825624,1,1,0.11515360222319712
29133,2026-05-09 17:30:00,Manchester City,Brentford,4.37429,0.670038,1.9563234622216792,1.451645887317475,0.4895459729529761,0.22855382619009493,0.28190020085692913,0.8587595372007002,0.6617924284214372,0.4433803629917214,0.6622470116183705,0.3377529883816295,3.407969349539154,1,1,0.09872598745699522
29129,2026-05-10 14:00:00,Burnley,Aston Villa,1.71234,1.75493,0.9766601527427377,1.8581337169374288,0.18967812292188255,0.23526844107725664,0.5750534360008608,0.7801083260850183,0.538796867315046,0.3158097881548343,0.5315292500079477,0.4684707499920523,2.8347938696801664,1,1,0.11191188904364029
29130,2026-05-10 14:00:00,Crystal Palace,Everton,3.28826,2.10265,1.2943159428558333,1.3081594979419506,0.35860573835647985,0.2763046619009872,0.365089599742533,0.7393650677688135,0.4821915492227625,0.26453684094854546,0.5359598343170686,0.4640401656829314,2.602475440797784,1,1,0.1317193853909705
29134,2026-05-10 14:00:00,Nottingham Forest,Newcastle United,1.46434,1.65067,1.5827301045797562,0.946986171858012,0.5161273045912825,0.26399844012844054,0.21987425528027701,0.7247176513291961,0.46378611241595047,0.248793875245972,0.4923310627208991,0.5076689372791009,2.5297162764377683,1,1,0.1254002445913461
29137,2026-05-10 16:30:00,West Ham,Arsenal,1.32011,1.42953,1.160623715313176,1.7364629184726774,0.24915192206797057,0.24782151746781048,0.5030265604642189,0.7905044556893925,0.5533614083401514,0.3297234877483196,0.5713112546699334,0.4286887453300666,2.8970866337858534,1,1,0.11677731930918533
29136,2026-05-11 20:00:00,Tottenham,Leeds,1.49036,1.86976,1.278024217372216,1.099263139408039,0.39856446776549465,0.2898187551827026,0.3116167770518028,0.693099824227261,0.4243460242198906,0.2165433786957694,0.4876171144603029,0.512382885539697,2.377287356780255,1,1,0.13689491881565763
29084,2026-05-13 20:00:00,Manchester City,Crystal Palace,1.95679,0.428862,2.3206207416245763,0.9740524660091404,0.6706411955265754,0.1903872715984569,0.13897153287496777,0.8449386869747664,0.6394911238310521,0.4184661950339768,0.565506623744504,0.434493376255496,3.294673207633717,2,0,0.0998467241241632
29140,2026-05-15 20:00:00,Aston Villa,Liverpool,2.5252,1.55027,1.538563394970017,1.1675829420221446,0.4525549659986853,0.2647223872006364,0.2827226468006783,0.7584519603749474,0.5078795692416634,0.2872628165138657,0.546985685815027,0.45301431418497295,2.7061463369921617,1,1,0.12598775618265942
29145,2026-05-17 12:30:00,Manchester United,Nottingham Forest,4.28532,1.84418,1.7739298612990846,1.361420103446399,0.4672352623196583,0.24225943683136458,0.2905053008489772,0.8254266203655276,0.6064394815849243,0.3830601906653667,0.6227735868283466,0.3772264131716534,3.1353499647454837,1,1,0.11026914089988342
29141,2026-05-17 15:00:00,Brentford,Crystal Palace,1.54564,1.82274,1.934511856507113,1.360370942525171,0.5041935476502726,0.23078465589643754,0.26502179645328994,0.8456555394066099,0.6395425363225433,0.41852741306420194,0.6408894276997679,0.35911057230023213,3.294882799032284,1,1,0.10244042480473074
29143,2026-05-17 15:00:00,Everton,Sunderland,1.32181,1.28383,1.7005858550883195,1.272039889717935,0.4693011947920084,0.249300246287781,0.28139855892021065,0.8022596613153341,0.5706482140676897,0.3466341223078946,0.5938671014780285,0.40613289852197154,2.9726257448062547,1,1,0.11622364107569784
29144,2026-05-17 15:00:00,Leeds,Brighton,0.747756,2.23238,1.94710371811112,1.2608002532709102,0.5288914696861347,0.23001939935698867,0.24108913095687673,0.8347898279081343,0.6217408986873857,0.39923542642770676,0.6192907623231818,0.3807092376768182,3.20790397138203,1,1,0.10424435384847988
29147,2026-05-17 15:00:00,Wolverhampton Wanderers,Fulham,1.49725,1.48412,1.8473784828252449,1.7168064497821238,0.4119906197495795,0.22910331140535511,0.3589060688450653,0.8752322501080142,0.6908594448764419,0.4771487828530134,0.6955214245770066,0.3044785754229934,3.5641849326073687,1,1,0.0943111990671784
29146,2026-05-17 17:30:00,Newcastle United,West Ham,2.1336,0.957771,1.6464305546895328,1.7001222101812348,0.3696517917696608,0.238220229680089,0.3921279785502502,0.8519041824415181,0.6498357488438387,0.42992130309016285,0.664734441556509,0.33526555844349104,3.3465527648707676,1,1,0.10347247450902727
29139,2026-05-18 20:00:00,Arsenal,Burnley,1.22695,0.194884,2.569187716025755,1.0129145011274931,0.7054810345359472,0.1706378701307389,0.12388109533331387,0.876148771775908,0.6940476770343699,0.48093493771650275,0.5916763996193223,0.4083236003806777,3.582102217153248,2,1,0.09299962664427858
29138,2026-05-19 19:30:00,Bournemouth,Manchester City,1.71486,1.26917,1.661893468496957,1.5919840447107818,0.39374343037217185,0.24215132676631407,0.3641052428615141,0.8408066121211943,0.6312258594289732,0.40945097283050486,0.6504324777262621,0.3495675222737379,3.2538775132077387,1,1,0.10729789581602392
29142,2026-05-19 20:15:00,Chelsea,Tottenham,1.09262,2.15227,1.7495753941584111,1.2451214044784331,0.4869864709100237,0.24588286060001507,0.26713066848996125,0.8055094764843624,0.5756196772925798,0.351578365005637,0.5937495257762935,0.4062504742237065,2.994696798636844,1,1,0.11448654345759815
29148,2026-05-24 15:00:00,Brighton,Manchester United,0.702398,2.32868,1.345579809979364,1.4293350339621234,0.34800628015343843,0.2658604404236293,0.3861332794229324,0.7706121672512077,0.5245450569474046,0.302486374228439,0.5684941939355497,0.4315058060644503,2.7749148439414872,1,1,0.12592235261277884
29149,2026-05-24 15:00:00,Burnley,Wolverhampton Wanderers,1.28476,2.8433,2.017366768593941,1.3313367619462897,0.5287830994150136,0.2247180266067883,0.2464988739781981,0.851946836153262,0.6502574724112402,0.43039081878481056,0.6427173808888906,0.35728261911110937,3.348703530540231,1,1,0.0990701003092883
29150,2026-05-24 15:00:00,Crystal Palace,Arsenal,1.00492,3.90645,1.1775370205677642,2.001114741808589,0.2154660969122913,0.22497259712442574,0.559561305963283,0.8308983686321171,0.6156197838023344,0.39271964830289335,0.6033262150800731,0.3966737849199269,3.1786517623763535,1,1,0.10303115991009337
29151,2026-05-24 15:00:00,Fulham,Newcastle United,1.72878,0.24232,1.77429516356604,1.4232441627122985,0.45417751143212143,0.24099142518850444,0.3048310633793741,0.8336364229139243,0.619581308634498,0.39693060202577635,0.6354875788471881,0.3645124211528119,3.1975393262783385,1,1,0.10834833044652452
29152,2026-05-24 15:00:00,Liverpool,Brentford,2.99412,1.46082,1.6064969533040936,1.4910801877422446,0.4004983256762735,0.2490172023950197,0.35048447192870674,0.8203680161654692,0.5983115346217162,0.374617104240506,0.6248484991256883,0.3751515008743117,3.0975771410463384,1,1,0.11358218899374088
29153,2026-05-24 15:00:00,Manchester City,Aston Villa,1.38085,2.4397,2.7059976565381616,0.8335138817174877,0.7646953533234662,0.14866270895285227,0.08664193772368148,0.8714871500510538,0.6863606055734395,0.4718041625865396,0.5309734436827036,0.4690265563172964,3.5395115382556495,2,0,0.1062888358702003
29154,2026-05-24 15:00:00,Nottingham Forest,Bournemouth,2.05852,1.33684,1.4057734699153557,1.0693210941422884,0.44034029116795037,0.27958347407931,0.2800762347527395,0.7138784063573103,0.449782353496619,0.23711326792184564,0.5020613584601368,0.4979386415398632,2.475094564057644,1,1,0.13282903000136395
29155,2026-05-24 15:00:00,Sunderland,Chelsea,2.33109,0.920885,1.5174314937892073,1.3636624773583172,0.4046618035376086,0.2594740263630313,0.3358641700993601,0.788175273424731,0.5496492916579667,0.32614896098870105,0.5868779263891556,0.4131220736108444,2.8810939711475245,1,1,0.12183229703267831
29156,2026-05-24 15:00:00,Tottenham,Everton,1.40597,0.268476,1.622775143783492,1.0175432928721166,0.5089642589834888,0.2594503048549995,0.23158543616151173,0.7461945310722476,0.4916438100419446,0.2727958707723255,0.5183961037923284,0.48160389620767163,2.6403184366556087,1,1,0.1236873625871148
29157,2026-05-24 15:00:00,West Ham,Leeds,2.73135,1.94969,1.4749663534866817,1.4103789017239945,0.3844761564931516,0.25994824555974677,0.3555755979471017,0.7888672307219274,0.550638053936293,0.3270992488695265,0.5888057784761546,0.41119422152384544,2.885345255210676,1,1,0.12196017196656406
